n_extra,minibatch,group_size,status,peak_gb
0,1,8,OK,75.09
0,2,8,OK,75.28
0,3,8,OK,75.28
0,4,8,OK,75.66
0,5,8,OK,75.47
0,6,8,OK,75.28
0,7,8,OK,75.09
0,8,8,OK,76.42
0,9,8,OK,76.42
0,10,8,OK,76.42
0,11,8,OK,76.42
0,12,8,OK,76.42
0,13,8,OK,76.42
0,14,8,OK,76.42
0,15,8,OK,76.42
0,16,8,OK,76.42
0,17,8,OK,76.42
0,18,8,OK,76.42
0,19,8,OK,76.42
0,20,8,OK,76.42
0,21,8,OK,76.42
0,22,8,OK,76.42
0,23,8,OK,76.42
0,24,8,OK,76.42
0,25,8,OK,76.42
0,26,8,OK,76.42
0,27,8,OK,76.42
0,28,8,OK,76.42
0,29,8,OK,76.42
0,30,8,OK,76.42
0,31,8,OK,76.42
0,32,8,OK,76.42
1,1,9,OK,82.08
1,2,9,OK,82.08
1,3,9,OK,82.46
1,4,9,OK,82.07
1,5,9,OK,82.65
1,6,9,OK,82.46
1,7,9,OK,82.27
1,8,9,OK,82.07
1,9,9,OK,83.6
1,10,9,OK,83.6
1,11,9,OK,83.6
1,12,9,OK,83.6
1,13,9,OK,83.6
1,14,9,OK,83.6
1,15,9,OK,83.6
1,16,9,OK,83.6
1,17,9,OK,83.6
1,18,9,OK,83.6
1,19,9,OK,83.6
1,20,9,OK,83.6
1,21,9,OK,83.6
1,22,9,OK,83.6
1,23,9,OK,83.6
1,24,9,OK,83.6
1,25,9,OK,83.6
1,26,9,OK,83.6
1,27,9,OK,83.6
1,28,9,OK,83.6
1,29,9,OK,83.6
1,30,9,OK,83.6
1,31,9,OK,83.6
1,32,9,OK,83.6
2,1,10,OOM,
2,2,10,OOM,
2,3,10,OOM,
2,4,10,OOM,
2,5,10,OOM,
2,6,10,OOM,
2,7,10,OOM,
2,8,10,OOM,
2,9,10,OOM,
2,10,10,OOM,
2,11,10,OOM,
2,12,10,OOM,
2,13,10,OOM,
2,14,10,OOM,
2,15,10,OOM,
2,16,10,OOM,
2,17,10,OOM,
2,18,10,OOM,
2,19,10,OOM,
2,20,10,OOM,
2,21,10,OOM,
2,22,10,OOM,
2,23,10,OOM,
2,24,10,OOM,
2,25,10,OOM,
2,26,10,OOM,
2,27,10,OOM,
2,28,10,OOM,
2,29,10,OOM,
2,30,10,OOM,
2,31,10,OOM,
2,32,10,OOM,
3,1,11,OOM,
3,2,11,OOM,
3,3,11,OOM,
3,4,11,OOM,
3,5,11,OOM,
3,6,11,OOM,
3,7,11,OOM,
3,8,11,OOM,
3,9,11,OOM,
3,10,11,OOM,
3,11,11,OOM,
3,12,11,OOM,
3,13,11,OOM,
3,14,11,OOM,
3,15,11,OOM,
3,16,11,OOM,
3,17,11,OOM,
3,18,11,OOM,
3,19,11,OOM,
3,20,11,OOM,
3,21,11,OOM,
3,22,11,OOM,
3,23,11,OOM,
3,24,11,OOM,
3,25,11,OOM,
3,26,11,OOM,
3,27,11,OOM,
3,28,11,OOM,
3,29,11,OOM,
3,30,11,OOM,
3,31,11,OOM,
3,32,11,OOM,
4,1,12,OOM,
4,2,12,OOM,
4,3,12,OOM,
4,4,12,OOM,
4,5,12,OOM,
4,6,12,OOM,
4,7,12,OOM,
4,8,12,OOM,
4,9,12,OOM,
4,10,12,OOM,
4,11,12,OOM,
4,12,12,OOM,
4,13,12,OOM,
4,14,12,OOM,
4,15,12,OOM,
4,16,12,OOM,
4,17,12,OOM,
4,18,12,OOM,
4,19,12,OOM,
4,20,12,OOM,
4,21,12,OOM,
4,22,12,OOM,
4,23,12,OOM,
4,24,12,OOM,
4,25,12,OOM,
4,26,12,OOM,
4,27,12,OOM,
4,28,12,OOM,
4,29,12,OOM,
4,30,12,OOM,
4,31,12,OOM,
4,32,12,OOM,
5,1,13,OOM,
5,2,13,OOM,
5,3,13,OOM,
5,4,13,OOM,
5,5,13,OOM,
5,6,13,OOM,
5,7,13,OOM,
5,8,13,OOM,
5,9,13,OOM,
5,10,13,OOM,
5,11,13,OOM,
5,12,13,OOM,
5,13,13,OOM,
5,14,13,OOM,
5,15,13,OOM,
5,16,13,OOM,
5,17,13,OOM,
5,18,13,OOM,
5,19,13,OOM,
5,20,13,OOM,
5,21,13,OOM,
5,22,13,OOM,
5,23,13,OOM,
5,24,13,OOM,
5,25,13,OOM,
5,26,13,OOM,
5,27,13,OOM,
5,28,13,OOM,
5,29,13,OOM,
5,30,13,OOM,
5,31,13,OOM,
5,32,13,OOM,
6,1,14,OOM,
6,2,14,OOM,
6,3,14,OOM,
6,4,14,OOM,
6,5,14,OOM,
6,6,14,OOM,
6,7,14,OOM,
6,8,14,OOM,
6,9,14,OOM,
6,10,14,OOM,
6,11,14,OOM,
6,12,14,OOM,
6,13,14,OOM,
6,14,14,OOM,
6,15,14,OOM,
6,16,14,OOM,
6,17,14,OOM,
6,18,14,OOM,
6,19,14,OOM,
6,20,14,OOM,
6,21,14,OOM,
6,22,14,OOM,
6,23,14,OOM,
6,24,14,OOM,
6,25,14,OOM,
6,26,14,OOM,
6,27,14,OOM,
6,28,14,OOM,
6,29,14,OOM,
6,30,14,OOM,
6,31,14,OOM,
6,32,14,OOM,
7,1,15,OOM,
7,2,15,OOM,
7,3,15,OOM,
7,4,15,OOM,
7,5,15,OOM,
7,6,15,OOM,
7,7,15,OOM,
7,8,15,OOM,
7,9,15,OOM,
7,10,15,OOM,
7,11,15,OOM,
7,12,15,OOM,
7,13,15,OOM,
7,14,15,OOM,
7,15,15,OOM,
7,16,15,OOM,
7,17,15,OOM,
7,18,15,OOM,
7,19,15,OOM,
7,20,15,OOM,
7,21,15,OOM,
7,22,15,OOM,
7,23,15,OOM,
7,24,15,OOM,
7,25,15,OOM,
7,26,15,OOM,
7,27,15,OOM,
7,28,15,OOM,
7,29,15,OOM,
7,30,15,OOM,
7,31,15,OOM,
7,32,15,OOM,
8,1,16,OOM,
8,2,16,OOM,
8,3,16,OOM,
8,4,16,OOM,
8,5,16,OOM,
8,6,16,OOM,
8,7,16,OOM,
8,8,16,OOM,
8,9,16,OOM,
8,10,16,OOM,
8,11,16,OOM,
8,12,16,OOM,
8,13,16,OOM,
8,14,16,OOM,
8,15,16,OOM,
8,16,16,OOM,
8,17,16,OOM,
8,18,16,OOM,
8,19,16,OOM,
8,20,16,OOM,
8,21,16,OOM,
8,22,16,OOM,
8,23,16,OOM,
8,24,16,OOM,
8,25,16,OOM,
8,26,16,OOM,
8,27,16,OOM,
8,28,16,OOM,
8,29,16,OOM,
8,30,16,OOM,
8,31,16,OOM,
8,32,16,OOM,
9,1,17,OOM,
9,2,17,OOM,
9,3,17,OOM,
9,4,17,OOM,
9,5,17,OOM,
9,6,17,OOM,
9,7,17,OOM,
9,8,17,OOM,
9,9,17,OOM,
9,10,17,OOM,
9,11,17,OOM,
9,12,17,OOM,
9,13,17,OOM,
9,14,17,OOM,
9,15,17,OOM,
9,16,17,OOM,
9,17,17,OOM,
9,18,17,OOM,
9,19,17,OOM,
9,20,17,OOM,
9,21,17,OOM,
9,22,17,OOM,
9,23,17,OOM,
9,24,17,OOM,
9,25,17,OOM,
9,26,17,OOM,
9,27,17,OOM,
9,28,17,OOM,
9,29,17,OOM,
9,30,17,OOM,
9,31,17,OOM,
9,32,17,OOM,
10,1,18,OOM,
10,2,18,OOM,
10,3,18,OOM,
10,4,18,OOM,
10,5,18,OOM,
10,6,18,OOM,
10,7,18,OOM,
10,8,18,OOM,
10,9,18,OOM,
10,10,18,OOM,
10,11,18,OOM,
10,12,18,OOM,
10,13,18,OOM,
10,14,18,OOM,
10,15,18,OOM,
10,16,18,OOM,
10,17,18,OOM,
10,18,18,OOM,
10,19,18,OOM,
10,20,18,OOM,
10,21,18,OOM,
10,22,18,OOM,
10,23,18,OOM,
10,24,18,OOM,
10,25,18,OOM,
10,26,18,OOM,
10,27,18,OOM,
10,28,18,OOM,
10,29,18,OOM,
10,30,18,OOM,
10,31,18,OOM,
10,32,18,OOM,
11,1,19,OOM,
11,2,19,OOM,
11,3,19,OOM,
11,4,19,OOM,
11,5,19,OOM,
11,6,19,OOM,
11,7,19,OOM,
11,8,19,OOM,
11,9,19,OOM,
11,10,19,OOM,
11,11,19,OOM,
11,12,19,OOM,
11,13,19,OOM,
11,14,19,OOM,
11,15,19,OOM,
11,16,19,OOM,
11,17,19,OOM,
11,18,19,OOM,
11,19,19,OOM,
11,20,19,OOM,
11,21,19,OOM,
11,22,19,OOM,
11,23,19,OOM,
11,24,19,OOM,
11,25,19,OOM,
11,26,19,OOM,
11,27,19,OOM,
11,28,19,OOM,
11,29,19,OOM,
11,30,19,OOM,
11,31,19,OOM,
11,32,19,OOM,
12,1,20,OOM,
12,2,20,OOM,
12,3,20,OOM,
12,4,20,OOM,
12,5,20,OOM,
12,6,20,OOM,
12,7,20,OOM,
12,8,20,OOM,
12,9,20,OOM,
12,10,20,OOM,
12,11,20,OOM,
12,12,20,OOM,
12,13,20,OOM,
12,14,20,OOM,
12,15,20,OOM,
12,16,20,OOM,
12,17,20,OOM,
12,18,20,OOM,
12,19,20,OOM,
12,20,20,OOM,
12,21,20,OOM,
12,22,20,OOM,
12,23,20,OOM,
12,24,20,OOM,
12,25,20,OOM,
12,26,20,OOM,
12,27,20,OOM,
12,28,20,OOM,
12,29,20,OOM,
12,30,20,OOM,
12,31,20,OOM,
12,32,20,OOM,
