Id,n_nouns
diZi5g,11
u7w0lr,14
2vqGOF,12
kSE41E,11
oO5UVE,8
yMg9ew,13
Qrt4Ax,11
WIiRD7,9
9rOtnD,7
26W9oD,7
FIE67H,7
WTHZva,9
xz5ZGp,11
2qEbuk,8
bmnOkL,11
qHYE4w,4
GgHf6s,11
wQMMKq,13
DibTY4,12
qxdBAf,14
cpyXWh,14
cf5xEW,14
3M8DjI,7
CMIj0Q,5
mTu2ny,8
G7f4Ng,12
VLCYMp,10
g7LApw,9
1IidFS,10
9Nu9fV,11
Z5CEoQ,10
fjPj1X,10
Em0ZDe,16
xDFSmc,6
SBZU2R,9
ktHRRF,14
P1VeAR,9
EvEoFH,10
Z6smZn,10
AU3hmv,8
iarnUB,9
eFI7Dm,10
xBQcej,7
8vmc9D,9
W7He1L,7
XWNJtt,17
ANpGJS,11
aP9rAk,12
fEB8Dh,10
qGB7Q1,14
EVpLCw,9
6rszZh,12
izUibZ,8
uTs3TG,7
oZiRhu,9
Iqjrcq,10
jjJ1tZ,12
rBFRc5,7
QHanoL,10
xPRZhf,7
f2jeRS,11
Ce5VKe,10
uqTRf6,6
NwCeow,9
2zQe3l,10
6mUCZ2,11
meAw7m,12
WcPMMw,14
pHVB9w,7
Cx8iMT,9
wMDNGL,14
YcClSX,14
l7Ly1S,7
ernmJh,11
KNEVxq,11
pCkB97,7
N5Salg,9
5uG1N4,12
fIfHIZ,15
tqfeMq,13
R03j1I,8
FTZSuh,9
00Qi46,16
a7gYul,13
erhyoO,13
ae2D1I,11
MynPT4,9
f4bbP6,8
s1TaKr,12
lSWEye,8
gerbBA,8
VCDLdh,8
S1JUrJ,10
YGB5ZA,8
CJewAZ,10
nqDmfJ,10
HKkw65,9
BvKXHK,13
T5uWL6,10
0MVV7S,10
90KoHt,12
BagFnq,12
fMfdLR,13
5xGTtT,10
g6dxLb,12
uw0oa4,9
bKsROE,12
dvak66,13
zZ6ACe,6
jnFkzB,13
dO8WQV,15
5bP5zg,12
WCVLSb,13
wj9uSW,8
gG5XeX,10
4r35bk,8
YlMowU,10
Ht1HXe,8
7TL3d1,4
U6KSIF,8
62jKSY,9
nP1I5r,12
gCnK33,8
nVlkak,8
8n5MQI,10
Dd7yrP,13
AnBwLR,13
08lcer,11
wIp0Hv,10
X51zKg,10
WGIQOX,9
8cjTvT,11
afBztG,6
G2J9QY,14
iRCHho,11
9XPorm,6
XtxRV5,10
aR55Zg,10
Da4oiX,8
kenOcN,11
jdZWDW,11
J2HaNt,8
7rCPdX,12
MjIq4T,11
edRNnL,10
EHuRAQ,8
JvWpVm,7
3WMX9w,14
JlyGot,11
SfEwzq,9
mx5J23,9
FwKGit,8
fKdVuo,10
mpS1qi,12
WPLzrR,9
ZnhNFn,11
q2cDTN,10
tJkie6,15
rwA3QD,8
Whkm0k,8
MuH6b3,9
d0OCLq,7
s7Mslr,13
DDhuRc,11
YX2UwJ,11
kfQC3J,9
LWILGY,11
SSUeI4,12
g1RrAB,10
G4eptB,9
5ZSVIt,9
zGJOql,10
FZjJOc,8
kNuWgJ,8
nYxJjH,6
op9omO,12
9MbU9l,13
6oGIJG,12
oopcVx,14
1RtKJe,12
kainxd,10
aMBEeX,10
uyvfjO,9
0VgANu,8
KGZ9in,10
wSUUO2,12
TkbFKk,12
NLFyVM,12
fYXUH3,6
wlT64l,11
9PMwxO,14
8oen7b,11
OKdGUL,13
87ush6,10
N5eMP1,7
o2AxsT,9
yksWiO,14
InbfpO,12
fEmP3D,7
g9UoFl,10
V9nQ7x,8
iACyDZ,11
4XWGip,8
Rpu9nS,13
h27RTf,13
KknlkH,10
SY8naP,12
HGc1gC,9
qT4eTt,13
vcj2v4,13
aXzaFk,12
d0kdfH,10
Fld1NP,12
wR3JYC,8
uVFBKD,12
8HH8J7,10
w16uw7,7
Y6lsMz,10
bb9VRa,11
mrheiz,8
aXU0Cc,9
oHe3IX,10
KEYMbe,9
jgivtP,11
VymSlN,8
VoBdjF,15
OzTbHT,6
BeU3Ae,11
TZSGD9,11
N3n109,13
TBCnTy,7
ylU8n7,7
ffiDf1,6
FcHXhA,11
yBhSAf,11
A3zcqS,8
RRXZKu,7
YxblMm,7
D9wfan,14
unqUYq,10
3ZBNPR,9
kQ5JVB,9
mVEPOP,9
IkGcsb,11
iuytZv,14
IVgZKZ,11
FGXdAk,11
Yv1n49,7
vD1NJD,9
TiFHpx,9
joWKjc,9
LXgcsE,12
Eac4Jk,10
ZO5hHJ,11
1tTAio,10
LzCOJT,7
v0eryt,13
KNt042,7
VGiFKb,10
ycSWN7,10
HbxVgx,8
vWpZvB,10
wnDqMm,10
RKz7GZ,10
ALlVu0,7
PxcQEr,11
YQK1CL,11
Sq803M,14
L21vTP,11
rXxCCr,11
cyZWOr,11
2Fz3lI,7
2Xi7WP,12
EFQC5X,10
jYoUnm,13
01tbp8,8
ehvgnk,6
Rzdkco,9
vKBYZX,12
WAvyvi,11
UDUZvx,14
cFQZhh,6
e0BwRh,6
m2m8Nx,15
eiGA5E,10
5L5iU9,7
JhMxQi,11
B3HJ22,14
BYkTS1,13
APhinm,11
3Ii5HO,5
8PfELy,6
U15ZSM,11
qLi1oX,12
h3lwhC,11
4uk9YW,11
PGP1JD,10
2koYk3,8
rkfOpd,11
RS2vmt,10
lyXtSi,8
qVz2H6,7
i00J9G,11
sa1eva,5
VqKfGo,10
WBggDi,12
SrJZpV,8
Z26bsX,9
oZdBlL,12
ODwl7k,10
wCbwPl,6
Wymfvo,8
jQYGVT,11
J76glE,8
ylo2yv,13
Ubpbu9,11
GLj11Y,11
VBpmC2,8
RMtzAf,7
RPhbo6,10
GwHyI3,6
UJxmDR,15
o3saxe,10
MacaAb,11
vKGSbp,10
5CJygE,6
g93QAq,7
6fkKw7,11
dc7u34,7
Zm0AtB,14
dyYCLY,11
bMxfan,10
RUCUKW,10
wsPFFS,12
8VCyxM,11
lP923E,7
NrhLrn,9
qzL6iK,15
EZHmE4,8
d4kgbX,11
lDzXlG,13
yB87HA,11
CSnuPh,11
bZNI9Y,11
sVeX2h,10
jQ2I7a,10
RbZywd,12
PXzQRA,8
5UllUx,10
nd1dDa,9
OSjqsI,11
GiFCg6,11
INeeQM,9
x18WUy,7
Mib78e,11
quIPlt,6
jU7a0y,11
vlREki,10
LFXbFA,9
sWoKjK,12
KLSXPN,9
RDubAZ,11
GiIoJt,9
0g5qOU,10
dkMSq6,6
bRt17N,13
AGi04h,9
Bcu5Dd,11
FEhcsj,10
9OkhTp,9
hS3Nth,9
s9eW2E,8
DurcYx,4
eEx31z,9
26c2MG,14
ODSP72,12
4TGJsM,11
c3YllF,8
5RmnHq,12
HznhUX,10
FXjubw,8
COfcRg,10
MIQDfB,13
oypvTx,10
0E8q48,15
X93SWP,8
sXR586,10
EoCdSG,11
51GUPp,10
vjMzTp,8
C6cS5T,11
TxeeWF,11
fc9Owu,9
xDwnP1,10
ue3jXm,6
W1UnWM,11
kfQ7yd,7
1yx2k0,10
1AyyPt,6
d54mCK,12
H5D9KB,9
Hao1TO,16
BR8pbk,10
fpjva5,9
tIZ9uZ,9
20i38I,13
Z4niTv,8
MeuJJA,12
lb7Ahz,10
uuXfbf,9
YAZuZW,15
0lCD1I,10
1ahxun,11
HREFAh,7
l4g6QC,13
UqgGEn,9
skO5aA,10
3HlkP8,10
4fMVnC,9
gWyXHL,11
lrdixX,8
6H5CZ7,9
OREE5s,6
L0KgEH,9
HBfijS,10
CUp1Or,8
7WR037,14
C25PVe,8
hYsF5J,15
1SkXyE,11
lzUevU,9
05AFoR,13
8RQArf,15
Go4eTW,12
KAPWHC,11
epYS97,10
0SkkYa,9
sBygKu,16
kUsoeG,9
tvvZkB,11
MbaxdG,5
Fi0ME0,11
BIInjF,7
aaxYEa,9
Rw3Qq7,12
awKWAC,12
jOmp04,12
UZQ3ei,12
AEq49f,9
axNbDZ,13
hyqhRD,7
nhevKU,8
khhRwQ,10
QWZL1h,12
U3eK2G,12
93FAqn,9
sHyIwY,13
HDYzkT,9
N2gAK6,7
9MyKiw,7
GAhtD0,5
Bocelv,11
dEMdmU,11
iPIUXQ,11
qyEgSt,12
bc7lD2,11
jgC5PW,10
q8LoQd,10
UiB529,9
z3vgnJ,9
AMVWY9,12
nEA5IK,7
hK6reY,11
3yKoYW,13
yK1RiW,6
jlkxsZ,9
7gCbf9,8
2YEaJT,6
iqwzbc,9
8BAYxr,13
AAjydM,17
yRuDzp,14
4KQGpJ,11
Ppsko6,12
eOWeak,13
GVLbtM,7
9opzg1,12
LEgh5D,15
KOD8WL,7
BEIX3m,12
EAkI4e,9
Go6mHe,8
WB1Yyx,9
kIcfQM,10
vs7Th0,8
zKBaN1,10
gGELfA,14
SkZSxw,10
cxHRVn,10
Ktj84C,14
TTfueZ,7
jSSChv,10
hCYBm1,11
F4ArMw,11
ULi1ms,12
9vaEKM,6
yYuGgC,11
wzr2tH,5
Dqv5YN,11
HiPvOH,9
M9yL6E,12
HRCMzu,11
M95Mu2,10
T3u2D2,8
8fIaFH,7
EAwuzz,7
wGHOSN,13
5qITby,9
Nm1Av1,10
INSlg7,9
hIvwqc,9
Kw5YEK,9
GFn5kX,13
0OmWVr,14
4zBSYK,6
sZgnCu,8
4oSaML,9
zXB6b7,9
gFYdXQ,10
weJd0r,11
tKUEMA,9
OHYysh,9
HdivSt,11
qC4ysW,8
bZcSU5,9
Rjk4NV,8
2c4aEs,9
b0IVMo,8
mToMTo,9
bV4mlW,11
GsXybM,13
4ImcQk,10
4momun,8
9yNAYu,8
qwntDA,11
5rihCT,10
eyIrIY,11
ZGZv0D,17
3mGuPB,14
jm8nVl,13
uh9gLf,9
ELxyb0,11
d38ICK,8
eWKqRp,10
678e4w,10
fLg34x,8
GkX3SM,9
Z5xUq5,8
Hj9hd0,11
WBtJqv,11
jSXWqt,9
op27Hc,8
03ND7N,10
kbMmH2,11
7sATHd,10
IAQcZQ,9
SJAvwh,10
1PSjxy,9
bq1dA9,10
eh49rM,7
SA8HtK,11
IWk3pp,11
yXlm97,11
dNNK6X,12
mhNP1X,9
W5FlgK,14
ZcZKs4,10
NEYexM,8
7cqFnz,13
TfuLAP,6
Ciwpe1,10
p6ClSq,9
MQwOVV,12
iTYCGW,11
3aftv1,14
8SovV7,7
1OWTfc,12
fZaoQw,12
jGXEG5,9
6oHD7F,12
nJwv9f,12
LvtFxl,12
IHDX3C,10
uJK6uQ,10
R5hnsP,9
AmqPuQ,12
sOydcR,11
MpEVxP,11
iC3doj,9
RyJyH3,11
2oHeym,10
gbgkYb,7
waX0E5,9
dA0n2s,10
GcMR5O,11
0VCeOb,4
X35Jel,10
KeaBzO,14
rgoDpW,9
4P74pL,14
96NfXn,12
7nVIdL,12
KUL9V5,9
KpRw7L,9
dWGcTp,11
WJsCsA,10
zAPAtM,12
LyDZh1,10
ZxEv7U,13
WKQviD,13
k8HpDe,10
hJNZWd,9
2wiivl,13
fKbHF9,9
2EaqeB,11
OMhrg5,7
gaHXJ6,8
yhhDr8,15
Y0oqpL,10
YqAPRQ,11
pYLTYE,9
06JaJN,12
vesYu3,12
1IWB3w,9
YBG0mE,9
t3wZfc,12
brz0oX,14
Uj2j8U,10
wAtZ1b,12
VuoOEJ,8
5DeIDu,12
B7tb0e,11
za9y2l,8
DGihpd,9
ToHvmz,13
fi0Ipu,11
GehYxe,12
YSUzBN,9
3wUeSG,10
sSlfFu,15
rzc2q5,13
EZwt5N,12
Hv60YA,9
Hohhn8,9
MsAGh4,11
tyJLs4,10
tsJEWT,12
i0kBZr,10
judsMZ,10
vxeiCj,14
pRTpAP,8
eoQAoy,11
6xQCVJ,9
VnzFjE,5
naWBhj,9
ERSgo5,8
ZaZRNo,12
rG1cy4,13
a2BCBQ,10
LXiVdb,10
aTOWmB,8
jWEJYy,14
lWLjQ7,9
0InCYD,11
eCZtLj,10
ePWXXI,12
XB8WCY,6
740Bup,12
akojY2,11
LLU6NS,11
b88ctq,12
RXf34E,11
GNPJeW,10
znxzO0,9
upqO2O,17
myfr7p,13
5aCe8r,13
kpjEBP,10
ZtsOcs,10
uU848Z,11
rgWI2p,7
EbzsmW,7
h8wlMy,7
YeXZhm,8
YBAaq1,6
SpyiRg,10
wQeE6s,8
oBtNq0,7
VVvzoc,6
TbDjh5,11
Atag53,12
ZenG6k,6
xukvYg,10
maahdP,8
TSrFtC,13
EIjAaJ,11
ytzlzi,9
XApo1C,14
okUMjC,10
OeDwWR,10
I5nwN2,5
iUpLBz,14
ChysVq,12
pgTYhI,8
MNjaYH,12
dwiSIC,9
xm4qfk,7
G6Qzko,9
uCUwRr,11
8qopTk,12
U9N0L1,10
p5awQs,12
iMbGE7,9
jcZPAf,9
8zYjpj,8
WL7Wux,12
xGVxtR,8
gXs922,10
awK36H,9
WY3E3U,11
UTmujC,9
HvyHiv,8
s9QE0B,12
jzJeBj,15
mPBM05,11
yjR5o2,6
HzolcF,9
6Nahee,9
Tft9nY,9
n9WZ5v,13
V6S2Ky,6
AOwNoG,14
AxDmHs,8
nhxXKr,6
z8KdbL,9
pQcO50,10
WK4Uam,11
PAHJB7,7
BmqcGY,13
jDyMGq,12
9Wdb8m,10
izEUa2,10
N2kOwE,10
KOBpOR,12
uMpxkI,7
YYyHOL,9
93VKaE,9
WiYsuH,5
d4Ss3V,8
yBn0Uf,13
LM6hVf,12
eIKbXE,14
Me6j5y,8
g6MM2L,6
bAdHGN,8
mOs6kD,9
sAZG7g,6
jgs1KP,8
cROadH,11
XGrfcQ,8
UwKoCL,8
o59y4Q,9
A2CNts,12
6ZYEyE,6
erstJp,5
nG3v0k,12
7jdXcZ,10
zxnkQD,7
CuX8I5,12
hlEjpa,5
20FeId,8
K86Ekc,15
N0NWmI,9
0UT3jk,11
h2hiK9,8
GVqGG1,10
VuxKrw,11
1MbvBr,13
BtMsMf,13
ylx0Wx,12
FSTCtf,11
DQJ6ZQ,9
q5JGTU,9
6mQK2t,12
dHgq39,7
cptRBv,12
S2DElu,12
qybkyq,11
stR66i,9
irAWhq,11
4RgOBL,12
jy4l0k,9
OwM7hf,9
EKY5M0,8
NU76Fi,6
2TduU9,9
48TvgT,11
zUIVzx,12
W3e6mb,8
ntm7ZF,13
NdlSXJ,9
Soyt9k,12
wfnQdA,11
G3R765,11
6vdSRs,10
ZtblAe,10
EkW517,6
FZDZNw,8
WvPpVR,11
r8VoKs,11
wabEWc,10
7fKyUb,8
oFbOMy,9
z7LvhT,12
v6jdUf,10
04eUIC,8
K3XeAD,13
qaUZtI,11
VeyDcF,10
jF7q3d,11
0c1dby,9
PxumAg,6
5FDVen,11
jBkt9l,5
M3ImVU,11
iifpV9,9
hq5s5K,8
qgoT9T,8
EWKMuk,9
Mk1uwW,5
r8ajA3,12
VlcLtX,11
VHmM74,10
2hJuIU,10
hI8PO9,11
6jclO0,11
uknVMQ,8
SE2BP3,10
10AvNV,9
MJuI3k,12
exSoHv,13
u7o8GC,9
tF0kEP,10
FKufLD,10
lzfNT2,8
GXO8eZ,9
i5CK6g,10
2sn64O,5
pEiAe2,10
yOGdXA,14
rwhcqO,11
wU2EOM,9
0KOAox,9
lk0fTq,9
PLqot7,7
050Y7Q,9
qA8aos,14
jDyyYP,6
7LHYK0,11
7Xq51V,11
NibZDi,12
56RhTV,8
xHtJqt,12
3cGqNX,9
pgsHR9,12
XUadfW,12
eABQpW,10
ZSH7Qr,8
0ALXuv,10
GLGceb,10
Lhl72D,7
tRsAOf,11
0pzoUo,8
esMTd3,9
21uILf,7
UeqYig,12
Gqxc7S,12
hN6NPw,9
rA2UHo,11
VS9zgg,9
3xt2mD,11
7tPPkU,6
VCUBWD,11
KiOcQq,13
fL0ScI,5
5vyOaV,12
4KEKNs,12
wG21In,12
zI4pep,11
DuDila,6
P3wtoh,15
8ZyJNS,14
7DAOYI,9
LVOSrj,13
OrxeI7,12
xTTSmy,11
wQRbwd,8
NPpQn4,12
iTukuS,8
vQmwnY,10
embSNa,10
QJi49u,7
ZPjlll,9
mALGQZ,8
AHmNW7,10
RJXcoK,8
K9RKNl,11
F84SDO,11
y7bSkX,15
13jJqJ,12
7neMRS,8
mhYpbs,9
rhuYqm,15
CRLbmr,6
1v2XtT,8
yP3vMw,9
FH27Wg,9
cJFuwq,10
Xg1OYI,11
iW5CpG,9
mtVjx7,12
esXIfQ,11
jIiF5l,7
ZCKram,10
M42MJx,12
mhqsJz,12
lMiWL8,10
Vc1bdi,9
FakI0G,11
NlLTgT,8
7PgP3u,7
ILIKZr,8
X6aj1k,10
aCO0UW,9
SYBYh1,12
jWDNcV,10
qwa5mj,8
nRU6dN,11
zg48Dp,9
mlJ36l,7
wvy6eX,11
bp2Z9B,16
kSIG6q,8
SEhyRp,12
HGJkXE,10
b6voP5,13
QuY2aG,8
j1VE3k,8
HIAqoL,15
GqTeco,11
itHOvc,7
qTPWRh,12
UeZywn,9
c0g99i,7
hCZ6YZ,8
gpUZYU,9
2qNmvi,12
AEauNz,10
jL78fX,11
yIVFOH,8
AcuLSh,9
1hrmhl,10
qJJLm3,6
SpR3oV,13
hRDsuL,9
rf31sB,11
ewoDTd,10
mlD8kl,12
SsVcZl,11
qHPgAF,12
SHsVl0,11
Ez3ftd,9
vFUMVX,12
NWpkD9,10
YyrbKs,9
bTNiLT,9
6gNNbF,9
hamZ0o,11
0FKinS,10
OATH0G,9
eKxe0N,9
vkx7JU,8
ZHXVVi,8
jzPEj3,12
jbzCFT,12
3Cts6Z,9
l6xTl8,11
8E8TuE,8
zzFICt,11
v9Vies,7
9VhZSr,8
YZL3Pd,11
JqutMU,13
lRxj4g,12
UtigxF,6
9AIcdP,6
qvI0am,13
iQzW2m,10
6txzuG,12
3DVo0g,11
UmEeEZ,8
pQLml7,10
pGhF7L,16
UjDhXo,11
npOo8z,7
wx8C6Z,9
3p7bGf,11
khP1iy,7
hQsO4w,14
qw4LCQ,10
r1eqZM,10
Ithvng,13
BIU7l7,6
xWOruT,12
hAS3CA,9
OJol3D,12
CG3Ws7,9
Jzt2md,12
V76n75,12
9UKotH,11
Ki4aHR,10
RsBGKo,16
spehuD,10
STb51I,13
D6lmit,10
bprRJm,10
shXN6L,12
C8IzNT,13
1T7HPC,12
UflgxE,12
YjDHqf,8
xcOvRh,12
o4RTTV,9
N1LviI,13
xgc58m,13
71Hhrp,12
PhEg2p,15
TYJ9Li,11
vNjKOX,9
tZMkYF,8
JvHf2H,8
jjhfRk,9
noCgTh,8
ZYQr4G,12
DYvpJZ,11
PPSO8E,8
G0go9V,10
0JWCf7,13
SrBVNm,8
Cx3yNd,13
nFqMQe,9
3D6vm9,11
ehZlah,14
zhSKze,13
3ELGE0,12
MLvnLh,10
z2VMoC,10
qVBLrh,11
SmeZQO,11
YFqOpZ,12
FMuJYU,13
fcARdp,6
V6GBIH,8
p5H8l9,9
2OPI31,11
8YQyd3,12
tnl4nu,8
dHFAQP,7
6wSbd6,8
GenVYJ,13
cv8Pg8,9
7GpdiG,11
YAyWMz,5
8XNTyT,7
JdtmIF,9
BMCK1D,10
YjFqcl,10
iVnK20,12
Qmzywy,11
BuscEt,9
WDkNBQ,8
pFRCNm,12
g4maiy,6
RpNWxx,7
gc53pF,7
TH89NC,9
SKPzXe,8
z4bfCg,8
Ge3ITv,11
MULcc7,13
IVKaGr,8
JckROA,11
AVOqjN,10
eoj5v8,10
M1Zajy,13
soxvXm,14
2DIH7G,13
cFfb1v,11
vOi1mC,11
uHNKr0,8
0KIu5B,6
NLVdmN,8
CsznHj,9
cXS446,12
sbEGHm,12
e1dDUU,10
tHhlDw,9
BanS3L,15
Hm0LNI,11
hhaZ12,11
RYMfc3,9
QIzO6u,11
JFqOOR,10
vKtkzf,12
Jo3yGU,12
q25juj,16
cWguES,9
5u3UNd,8
Rs40CJ,10
HDcSUv,9
cNYDIE,7
Y6RDsN,12
eAfPwm,8
ohYvkz,8
m5Iisd,10
Mf9tg3,12
rx2Kp0,12
55xcW1,13
viknQf,10
qAyLAg,9
bqCvyQ,11
WuSWL4,11
RoMu6P,6
xcWKyP,13
MxpPxI,11
izB9hG,11
9oOed3,11
YgNQPI,11
lUAvRP,13
rRyqT9,6
gpLxe8,14
fpUT5v,10
X6U6bo,11
0wiUEb,8
YKSUbg,10
F6jaK1,12
mnYFlF,13
mAGrw6,7
HXjZ9P,13
RCBQCe,10
jZIG50,9
OG2cNm,14
pJU05v,13
vYQXJL,12
ZqZBfJ,5
AfCMhB,11
tSJDNG,9
hvVxXx,13
dnQDLt,11
JdY6iE,8
jbmxQU,13
go4xXY,14
MJNBT4,13
ZB3PBz,12
kDcOFZ,6
D8MpMn,12
gaP7Mp,6
mjFrbF,8
u7fU9a,11
MxjAPV,7
fxeFx0,10
hbnrPo,9
hOGPYt,9
48j2Bg,9
TDntJ0,11
SFbrQZ,8
uvPXK6,12
JBrdGE,9
WvElgb,13
kGQLGG,16
1c1HKq,10
jONNXe,7
Migaes,15
AIzn2D,6
3qSEOP,10
5uXS6p,11
EGRBEs,8
Og02Za,12
fOort2,12
gS17Zr,10
A3lLbm,12
YPoxw3,9
KTXKDu,17
RHSeaA,14
Bhoy1Q,9
VMGI5G,7
kjvb1u,6
S4MLh8,12
n41sIQ,11
ay3jpt,8
SpnYp5,12
kAk4fn,11
Ymny29,11
jvaVEK,9
ckAbSV,12
xFZzvg,9
LmobpG,8
7CMvni,10
mGlHxe,11
5zYTP9,14
az2TQZ,9
xCR3Yt,11
JdCMk2,8
MBNp4N,18
jJJoPg,14
o8nYZL,12
R2uhZn,13
rbpreh,8
lvpKQB,9
3UdMxH,9
AWVSKA,12
L4SsLT,11
OHiHQm,11
20E9fg,6
x3gpF1,9
tMEHbe,8
zh9cx5,3
FTkNei,12
FU0li8,9
9KAfTb,3
siJNU3,9
6Nn9Ue,5
gvREQm,13
SkoEAQ,5
OOxaDh,4
zvN5dD,10
2NdnQg,5
LSZsYD,7
zC3ML4,2
Awxn9v,7
XvSZvw,5
4ZY2oz,7
HVSpDL,2
TAojvZ,11
HtVdbU,6
4dLyDK,4
rYgTdi,2
Lu5vdM,3
uyLeui,10
XcUS1e,9
7X1aPp,10
62750H,2
qaenIX,5
sgUWjB,6
A7rdrg,7
hydgCh,3
z3727Q,9
nvC4WA,16
25poCW,3
pLoGKj,3
yy7Y58,5
ynPJLT,6
GY885i,8
PJcT5r,11
KW59dQ,12
OmghnX,2
kPhH8J,4
NEhdM6,10
6AxLKf,9
jyvYWh,3
sbg8V0,4
l8Camm,3
kKJlSg,5
RbplE2,8
gtQmmx,10
LAP8J1,10
LT3K8e,10
AbmkL5,11
CTR9hA,9
ZtYQm1,5
95PdB4,12
2flZic,3
TtEpjt,7
5SsRZM,8
PBLtNV,5
13MZ2c,3
oRu9lp,5
x4WUO2,3
6qPlnh,4
hi5ovh,10
r6Qh3D,5
u4MRkC,11
EGa8pO,10
g4fU4t,8
6N9iW9,5
jsnPSK,12
qoj8uP,6
x5RT5s,6
pktjOr,4
iaRnOP,11
haiAqu,9
EdmbRH,5
YXdhq0,4
Kz8NMB,3
c9m00L,5
COVnU8,7
1G3k1w,2
fytYre,6
5mVaCE,5
aLtgUR,4
j7FX5N,9
39ZQIb,11
WtGwAI,4
XzSjfb,5
kwZyKx,8
uufrdx,4
llkLPG,9
U3owHy,8
9g0EBE,8
vpsyFj,9
U5LlXe,10
75yZpW,6
JBDAbQ,1
i8A5K1,4
Ih0V7K,13
Yzx9Nm,6
30BfIG,4
XR9u0z,5
3gI4HO,1
tBnX74,8
yLwzs1,6
WlhiBT,10
lrtgDX,3
7HQt8m,11
T7DDLu,5
YwAVtn,3
AiSi70,6
1OLPGy,11
Zk57sO,8
rU3vR8,6
bFXjt9,14
iRM9l3,3
yE406K,9
fwt5nq,0
onzIit,10
cAE5aw,10
GRM7tY,3
xfDjf4,5
Xws4nR,3
KHifCx,5
EHKsvK,3
fSNr2X,5
1l1X1f,5
AmlF0n,8
WAKhZe,2
yD9UyO,12
7dJmEP,5
0Z5SWb,9
dTBspr,5
sr2QQK,3
neobBy,6
WOA14n,3
PX3R7t,3
zQzNvC,4
iyTNXZ,4
dR8aXL,10
ltvt6M,8
zqw4Yo,8
Blx393,7
8aHKfI,4
eVXt8g,12
4eOeCh,7
MMzw2S,12
b6X9Il,5
dBnuli,4
wRzon2,2
vKHA3b,4
jUDPUn,3
beFUrV,6
Ud4sRQ,6
NkqGXm,4
i7m5ui,5
OuSPc8,9
vtOHXd,7
ibQw4b,4
MKKwZd,5
5fz8Y2,5
h1d8ef,11
0AXHQ9,5
r3u8RL,3
PP5yiY,3
pnkbFO,6
BhYdap,4
BbAZvq,7
iZTTSZ,7
uw0dNr,12
I1nEYG,9
p3FZyy,8
5NXaDO,3
AbAkDD,3
VqH0Th,9
8asO7g,3
8oPQ4x,4
tRurtK,10
v1c2R1,4
zYFJEf,3
uikIu1,4
lkGinq,14
ZqBSHR,12
onINjS,4
LPYQAc,6
3518Yx,12
B8pZ82,3
auSLRn,6
98RoQW,5
pKVxje,4
ODJ2pO,5
1RRBUS,4
W1Ud2w,10
SRTPnL,4
GLs2o8,1
HQkEYP,14
LP1fnh,7
LDszxm,2
a1gVF4,4
SkqjIk,7
a9i2Nv,4
vbpLQS,12
26xxyj,6
SGEnAJ,7
vu1n56,3
DI5iyL,1
m6YuYR,3
GA7YiT,7
sQYr1Z,2
UGdyTr,5
gUtCJi,4
edthnU,2
rLA3ln,3
9q28gW,9
mkgWVK,9
Zc5K4Y,4
LfBSZW,3
pYLfPA,5
f7tk4c,2
E03RR1,6
FAzbzG,12
weCBTB,1
9Q5jSz,4
Py4YbQ,9
6ZhAXS,10
RXqqiB,10
HdLXKL,3
pnWlVP,5
nkn3E3,5
1HAJov,6
r9RNc1,6
Wi1jxA,5
0Vg9YV,2
CVYt5M,3
cQT8ul,10
syVklS,3
uFmrbb,13
ziYlkB,6
zAvQCd,17
oK0FIL,3
DKGWfZ,4
h3lNqQ,3
z5F5Mt,8
2qOqKv,8
l3RRcM,11
QupPVZ,10
xzviXz,7
I3c4q8,12
lNwEnQ,7
XMaiUD,12
OEGXzB,6
RYGWiU,3
4o1hog,13
0CjnD8,12
b6f5fX,9
xpGxCi,14
apyQyU,11
6wrKzY,5
g2mdTD,5
yjfNr0,3
U1UgMx,3
XD39i7,8
PYO0F5,9
S78hnZ,7
b4Jplc,8
5kB8M9,4
J95vTN,2
zobHhv,5
v8aAzo,9
lPXauE,2
jPk9oz,2
AmotLP,12
iILFPG,13
tIpwXN,11
zqqO5j,11
gmPpRe,5
KtVSOE,7
cNpFHR,10
nnJKB8,5
5Cg0en,9
bKfCbl,4
VdqiGA,4
F6dmww,4
egK1bb,7
Z2Cvpd,11
7LQJDc,6
EukkBg,7
YEoYgZ,11
8lJU2K,13
cFZO1R,7
svRUCv,7
scqXbe,10
aQu1tq,11
Us9th2,9
zuYVRM,9
htSPjB,11
wIT65i,10
QqNnin,11
ferakZ,10
3yQt7T,10
rWejOu,9
7bsTTR,10
vTgCvB,13
dUqPXY,11
HgJYin,10
hZPcbX,10
Xd888X,9
lPcwCB,12
ErZTIK,11
i5bMVK,9
0Kt0M2,11
pN64Od,7
1Puwqd,13
3Pcrj9,8
AavJi7,9
HODrSr,6
VnoLQt,10
Wr5iXo,4
4KIuNj,3
a0Pum0,11
N40UKJ,3
pTrl9U,16
FNqJeo,7
6RNMj8,2
1gsAYm,2
a92DHK,2
ZWRMLs,11
DWASXY,3
vEyeGn,4
gMGDSZ,5
OjWklM,9
5lbncO,6
YK1wDW,7
SFQv11,5
OpYJl8,3
6teoag,12
lODbTS,8
Z6a35T,9
HTRVlr,12
31m7Mm,10
lgPk55,1
K4nO8i,12
a1Myrw,6
DMsBOQ,11
8SHnzt,3
iQQKU8,9
fmQFMz,11
dLIw5A,4
lVZSy0,4
cQV2fM,8
GPrsNJ,5
GfeFUM,10
l4yzSF,4
9Ix1r5,8
zmwVjr,4
wyGLSc,8
VyVQOm,7
1aWTIg,9
sLSZ8j,10
Nz0QfC,5
DzIRcZ,3
StK64H,6
qZeI52,5
ttOD5s,7
cE2ZYM,6
oE9KeW,7
otasH3,6
AgZdr4,7
L6MTaN,11
67GXge,14
EShToB,10
d2OIVY,4
Mx2yGR,13
AFtd3v,5
MbIpbe,4
REHcl3,5
s7kyVV,7
B7W4cn,3
EQFIm9,5
XACwue,1
gNF434,8
nZgFkE,4
PnLRHB,10
f50ftR,8
1QPwPy,7
WQ7kZ2,2
pIVitp,4
xsq36I,11
10Mbck,3
uRxQ9A,11
7K8bSx,6
9sCDE5,5
4LQwdm,3
Gp3svf,5
6CBhAc,3
ERAFUq,9
CSfOOB,9
1aHrZn,2
A7e2NJ,7
JIeasc,4
TCGT56,4
7LbAo7,5
prJLLl,5
MxkHiy,2
4IOH8f,5
a8StEK,6
8UPaS1,2
VfVe6C,2
464AO1,9
SNsykO,3
bkX6sN,11
KQw21m,8
7dQ6qc,11
lX3RyS,6
DMdssR,4
xG7Z4T,9
14xRad,9
2s1i9H,8
JqteRe,10
ChxtUB,8
lbDeYs,3
DFUZn6,3
cLlCEk,2
zcto0k,2
PM4A0y,9
qc0Moz,11
MO6U00,8
6r3soS,4
0dNYOa,5
v2By5C,15
5RIPLb,4
cGMEhD,3
ZZ6ujP,12
wuhdyx,8
fZY6XN,3
6rWUBl,12
720krQ,5
zvILfH,2
lBrWpK,4
CM2lJo,7
jP1sSa,6
2IXagH,5
7ymtR5,3
eujlFe,3
2BYSfo,9
aUSO3v,8
HddEsH,7
gFK6PS,6
Y0W89w,5
JauYtU,1
R3kouN,5
ohooE5,2
su4bIS,2
fR1sq6,1
6IDv6N,6
CWKzRl,6
evsUWe,10
Y0xYH8,6
ggKTOn,2
oFuc9v,4
ssbJ91,10
vYWZ7g,8
tgyc6T,10
GQirAV,2
wwNgfT,3
hlACiW,5
3BR0gX,11
f0ElYj,3
u2qny6,6
V8PdcK,8
5lXBsh,7
CEJ25F,8
h1cr2K,4
Y7BI8F,8
s5MUYt,6
NxdkoY,7
tv4Ef4,2
PBEtoN,5
7G3sNt,12
ltCiez,12
hg9Bil,12
NxL0g0,4
SzElzn,9
vII2ob,6
fuatLi,7
9NxWaj,3
TJqlvK,4
bMa4OG,7
tx3ZgE,3
9CcX4m,5
sSncg1,3
zJKoIu,7
MMvg1z,6
SXMY5o,2
1nw7N4,11
Dw6YON,9
Znu6f1,8
vVpOnj,13
8zHIsj,3
vOJYFu,7
j5aQxh,2
bIqPY3,2
JTfX7A,8
LC3T38,9
gqRV41,2
mHqnhi,9
wpjyWl,4
YgXKen,11
meRLks,4
oEnOlt,2
AcavUb,3
7LkyI5,9
KpqRuF,14
52JOmf,10
lGzkJ5,10
QGroEW,6
XZpewh,8
mfkf83,11
BT3Tgh,10
fYKpRF,4
79GeGp,8
nv1LAX,4
OEV4Tv,6
HvU0pp,3
Gqh90p,6
GRYQPD,3
XCDGzJ,7
r6cenh,4
63wcUy,2
tXrGbM,8
YUuwRG,10
N6oV2R,2
yaDhOs,12
SW0kZf,6
TvcuWE,13
xjfqOO,14
Xb2xN5,2
p9OStg,9
oZ5la5,7
MoYgd3,9
jEkZdn,3
uCJ4VQ,10
kyUSMp,3
An4lM3,14
7mPFzR,8
yaI3Ol,8
qbKP9E,11
I0KSxU,4
Vwwc1n,5
X1rq21,8
MUwVjf,8
tFWI0k,13
NQoLZ2,4
rng1BI,4
pxPcQ7,2
jlX6Tv,2
g7HN0l,7
a2AhwM,2
jhQvq3,7
geG4Jb,2
NktQgD,3
DvN4Y1,5
6Leu7C,13
dpNo6C,5
VZbagc,5
3tHDMM,6
eiqI1I,7
a3zhqD,11
rjiAen,10
VeIkBG,7
Wu95k0,13
blR2vO,9
fBTYBu,9
xcEkNW,11
HRw3EV,12
FmuD3W,10
uDTV45,9
2jf8hj,9
2IQPMs,9
aDkm6W,8
uA8HZ7,11
xqjgUt,14
CWnWy2,8
1bimpw,8
ovDKZz,12
J108te,12
Jz1N9L,7
YLU87R,9
ACFdQU,13
GflQUJ,10
cyDdWI,11
bi2LJe,8
ZyKzlR,6
YgFuhk,8
ATYRba,9
QwPq1K,11
7etuee,9
kIomkm,7
Unp0N3,10
qNfUOX,3
y7DFz2,10
bhMcZi,9
bf7SI6,14
2x5WzK,8
TmYGmT,8
tX3I3N,12
qpoFUD,4
wsw7EO,3
zTLpNK,4
CbnKpm,8
Fl01CQ,4
HxrO4z,10
WSQzQZ,4
UcFeXt,3
GPFUDW,12
jluEhK,3
Qf2yD1,4
eYTJwL,9
p9dZTj,11
QK1gCG,4
7Zb2Ur,10
GyvbAP,4
ieaKcE,1
aNFhjY,6
rzQFMY,10
ifYcWD,5
tD6BQD,12
RvNtue,5
9QpWZG,3
d1tPZO,6
ejWX7Z,3
ivLQUu,4
RzpVaY,7
jprg3R,10
5YhDTx,11
YcT0Mz,5
71kvPR,5
fS5bCd,9
MiQKTI,6
peVTSN,5
b5qgtQ,6
6G7jWI,2
PmirRZ,6
Jd42Er,7
5Z77Ox,9
W5AwRS,9
qjHHY6,5
F1Ruyr,11
tSWZYR,2
KdFBmc,13
zLRLL3,12
zgbktr,10
LcxbRs,7
1IuLy3,12
Z5P76z,11
gb32ok,3
ClRAB2,3
WH1x5k,10
IA5jYQ,12
wneqaS,7
b6ACe9,4
2PKkI3,9
X4E2mA,6
bwSodQ,7
Vc19Cc,5
sByda5,5
X3vi36,4
Msftsd,15
qwstQc,4
pQhycC,14
BiR9Ed,6
2WKAkZ,9
nzxuhl,6
g4qiDC,7
rht7VJ,8
s0kFcg,2
SrJR0o,6
abGqj9,4
d0iNwH,9
vF1nFV,7
fXmJKH,1
uzkRhZ,11
I9Jh0Z,9
H7miTb,7
OJBl33,10
CcXRTV,13
oVpGUG,5
t3hR60,3
66M0C3,9
j13C1D,3
mHO4Dm,12
zCGFVX,8
tvi6AN,12
jPavIw,5
aSJ5XR,3
7gJd7C,2
qEcTHD,4
zvJyyL,9
OEvq42,8
dGK8F5,7
qLuoP9,11
LM5A5G,6
mXL0Up,4
2H5306,3
OtatML,10
hUz8ka,2
bUWJHg,4
8WWm8M,6
vuorrd,5
jq2FMN,3
EPnfS6,7
7Qpqi7,6
EZ5HWX,9
sKjgSQ,5
3lzFxF,7
Jgo4IG,4
DLjT62,3
XCFN6B,3
jSgGCx,5
sU3iWA,11
ywOEVW,4
m1QzxE,6
kxt9uv,12
SP8gJP,3
v6pdee,7
2yBGTp,3
AfO0Be,7
ixIhQv,7
huhq1b,1
u0NRT8,4
bxBR2G,1
48ZLHd,9
CLrQgf,8
TxxOHk,3
yC5ewl,5
6OaHJ6,1
Zotg4L,13
pO7FV7,4
HgWO6b,1
GOwKLp,4
AAQMZV,3
xIJDU8,8
OoEQLo,6
RTZAkL,4
KtsfnQ,2
uMbyWH,1
O9jwBc,10
cuUfQW,4
SbgVMV,14
T9Yn79,8
G3dESU,12
cDmge5,6
4qAnMc,3
gIlAGC,15
MIDVip,3
C6p7Fc,5
vKQx4w,10
TQrD6E,8
OyLQQL,10
dF8uEW,5
VOR75A,4
1Da9Jm,6
8fh757,2
89mA5g,5
VRCne8,3
eRZVPm,4
xKeJtl,10
LamFQX,6
SCYdZC,9
P5e6Gq,4
fcPmc1,5
3yTnpA,3
FfXcLu,3
KZSmgJ,4
QiVyLj,4
N1LW76,9
Vsagvg,1
wyMp1L,3
YxNGnJ,9
TfyQcr,11
GS2JiR,9
EjkyXn,9
EM0nXh,8
9hJhsn,7
Tg7NlR,14
SSpxtB,2
xgmjha,9
vDpxDG,4
aMErOh,8
tw0H48,4
FTqi2S,14
LHK1aa,8
zGwe7q,6
jupENk,8
YUDfL2,9
ZI2k7O,2
WSapOu,9
SLHqpG,9
4hpI2K,10
GWOZUq,13
qtlbol,6
IKK8AE,5
Kse9Op,9
Y7QD3w,3
5MHG5d,2
l4Lxqe,8
ZZyfzu,8
4QlyLc,5
LtbzPV,4
IwSdrX,10
C60twV,2
WdnjQ3,5
DyflF5,7
QjfMJM,11
algWso,4
THVnCb,3
6O9PCf,5
V4WtkD,2
VOPEox,3
glDvwj,10
XOo4HJ,7
C8qKHp,4
v7fEFo,5
mGo5rj,6
PsBAQV,2
0D6YrC,6
MO9MY8,9
8NstZT,10
Wq8wgV,3
b0kHKS,3
hxXWEw,5
8EUNn6,5
dEJytY,2
BYeVrB,8
ookICE,1
IFbK0f,3
W83k9f,3
Q1PZ3b,5
Qeco5O,9
wKGnfM,4
NeyKX7,5
SLtTXF,6
UfmD0N,10
ZN3iPd,15
mhrip5,3
HYS7Dj,4
GnnYMr,5
Z86XJz,4
RRTowT,12
NMF314,10
V5XPHH,4
1WjrO4,13
eCdVrO,6
a5hyaY,13
m6PR79,2
A5AmJD,3
vWEwYN,4
ei8L11,5
zGm2HW,14
QAgyfw,12
FMDHF2,5
WByrfe,12
atG5Hu,6
uwIIUX,13
aqkcTu,13
VGNe8p,10
0svM8w,12
PR2NiH,10
WTov3C,16
r8IBjn,14
GbUtC4,4
wRs2D8,10
RVY712,11
5WAF9F,9
LDe5lX,13
FB45gJ,14
ZhKl5Z,8
b9VmJi,10
vpd8Fy,11
tHDWjR,11
jEiUc0,8
NN6xkn,10
pl3UC2,7
qxxOCE,13
x4eSzc,11
4GU6H4,13
su45Ax,12
zl2Gyq,8
uOZs3Q,9
2Q7pW5,7
QTOYrT,6
HCD5gA,13
6DA2hT,12
xwkktP,14
fZ6FqT,9
Y0zbVi,12
8Od6K5,8
I8rOXy,7
VoYZKU,13
wLM6K5,15
mMr844,9
M2S7t5,8
qeRbxS,11
mL3lm7,7
qDtO3z,12
m2zkYE,7
1xjkNy,3
68zzed,4
yuhIbi,2
eUd1gf,5
Mtfrph,4
o0NMpU,6
2X1vCg,8
BVahOR,9
ksgghZ,13
e08Y3Y,6
NQuUvR,11
J5DelR,7
dQLVQ8,13
p5MUlm,3
UH2rhB,5
DcGnNh,11
UqgXcI,9
HbMjfe,3
4Z6iUH,5
E8KS6M,2
eAej6l,5
OxpBC1,5
Iim7ih,5
5dIdi4,3
RANyI3,7
XWXwOq,3
rsBRS3,6
T5c5eg,11
PTNIIJ,6
av3ijh,3
E5fjwR,3
6PGDIq,2
wfPmHU,7
hN9mo0,8
k9v26c,10
0xvabN,10
UTARjV,11
0pG0wy,5
Ow6xEi,7
LFZEcb,12
iaTTrx,8
IG0Ita,11
9lPPgn,7
Vls2Lo,5
efcXg5,2
UVPeTC,8
pceSc2,9
7rNyX3,3
Dnb22z,3
YA8bNK,3
VrRBCv,2
y0Uucv,4
7Sucoc,4
QbOmaI,7
6FMy8s,8
7Fu16t,3
rIURbU,9
LaXweM,8
N16hDp,2
bM9z92,6
uWASiG,1
O7BKwa,5
UTdvs3,5
HVdjJH,1
hN35Dq,9
uT8WQN,6
1l2WGe,4
yPwKQx,7
zR1Fjh,6
ZIQ4uq,5
X5fx7z,3
vEK27n,11
BCxytI,3
MEjdh4,9
0hfM55,1
yKLhwG,6
PCwoh5,10
ndMgIN,3
8uMAX1,6
CcVZMQ,11
2iWPW1,6
vDCdqg,11
5oqNwf,11
89q1jY,11
x0BB7q,7
Zt9Ayu,6
Y8NXAC,4
bQR7Ut,6
ptFOL6,4
8Q5YdL,13
qwc0Q1,7
oNXEa6,10
iiaV1l,2
bTkrCn,3
nprPRh,9
yAgyuU,3
bPfOc6,4
KDgnsY,2
x6AwMw,9
uyDvJg,1
Xbo7Hf,6
FbqToC,7
7LupEb,9
5RWRzC,7
zIchbX,2
qgRCwA,9
7jXNVb,2
de2hp6,4
2TjrJo,2
a9IthZ,5
hZIYN6,6
wWOyxx,6
IJRUBs,5
PGGUv6,2
s9gy2K,4
uEgeSp,2
pC75mu,6
771aW1,4
aYPdgW,13
3kBkIZ,11
6nyHZC,2
o0XMLp,3
HHGmQQ,5
ibTRBn,16
4J3m8K,5
7FjP94,6
ktONmh,8
BwqaXN,3
vp8XHB,8
9Bp4SE,10
jayBIp,5
B75C9S,3
IhcUPb,10
L0gCNA,3
ctpRqY,2
y2SmBR,5
QmJY7Q,6
7NeFMQ,6
PA8b11,5
BSBxxi,6
HnwooH,1
9WlzLX,5
LUbmiO,3
Fp2xhX,2
lQUyIz,9
I9sHqI,4
F7ItkV,7
tEdRbf,2
DmAJsw,10
yoAM0A,6
rKD7Kn,8
tfvmas,1
4L42GS,2
puWq5n,6
5FCzS3,9
ZHJraf,4
OL94xy,3
79YozX,2
yOTENU,1
CsFhUf,9
VYO0to,10
b31905,3
pjrnTm,9
4IDK4w,8
Abyil4,12
sJGaIu,4
dWfzXd,8
Nw9mJO,7
hdvV0I,4
2JBpG0,2
xByQmC,2
qvVGGA,8
DA9gTo,8
5IsewA,5
HSC7Tq,5
XmxOhR,12
NBWprX,7
icn13h,10
LThRMl,11
iAmBvO,12
0nvy6X,4
Zk784Z,3
nxGrMi,6
e4DXe6,12
3kD4iq,3
NqiiC3,6
7elRe1,4
Ryc9AC,10
8dGSFW,6
sHaJeA,11
w9MSWw,3
e4Iqqp,4
451Mdv,3
8X931i,3
QsAB2G,9
8qYHPj,6
EnnNdF,7
x8S0ct,9
zACezO,2
LlMwJf,3
cYgYvU,5
yWUMIF,8
8Hp9SP,1
y8R1Op,3
eWtkoF,8
QNrqKK,8
pmtIKs,3
BdL7AZ,3
Q4xWYl,3
up56Ia,9
1ambTE,14
x4ZTwb,3
ae0AZw,13
GMLAiR,5
njRiQF,6
8ydtRn,3
gPBQ4M,5
AtdQng,4
gJ9sFf,7
a47E9L,3
yV3T2S,10
LrzCD3,2
pzZwlb,5
ge4Hy0,4
j3bvKC,5
LcDUIQ,8
N21J8o,7
8ofoAX,10
hvIDAS,14
QofmjW,8
7FnSJ7,9
irAfW4,10
dGhpIG,7
2JgDM8,5
L3tklx,4
boC3XX,8
Yntblr,2
VruzF1,3
qowXKH,9
eeGpMn,11
WbdRhX,1
JZtrpS,13
jczL5k,4
UB6uWU,2
FGcnOa,1
5Q4Fe6,7
yXG7PJ,6
OBs9nA,5
bRMsJp,6
hLBiMD,10
2X4Fdd,2
3KRk0N,8
nQYAGL,11
tgPuQB,12
7sUZPq,2
wYjKJY,10
1fmDPb,7
IJ5Oyv,5
VFDkLi,3
TFrDtp,6
gzcc0g,1
KePYSS,5
1XjPQc,3
FbIaNm,7
dgkEdC,3
wqaPVu,8
SUNq34,9
o5oQUL,11
RpYdCW,6
RvtGzR,8
YkFwJG,12
tIhSUo,11
EbLxF3,10
0LyBbh,11
i2jNUQ,8
CgyyDQ,11
euJez9,12
CnIuNl,7
i2vMig,7
VQDM2l,11
wYXRYA,2
hP5LTv,5
iZN1A4,13
WV2aYS,2
mMOuPA,3
QNFdJO,6
Pb0hhX,3
5y7bLf,10
vbZa7H,11
b05DW7,6
CA4KUt,7
6YVTCN,7
BweiEb,3
XxveGW,12
W2uw4I,11
Qd7dQK,5
ks7ZJI,4
Af9qBg,5
Wv6MZ1,12
7IdB1Y,3
qQqcTb,6
L3sdeU,10
NWgjlX,3
1zyq6q,14
sG5wbZ,11
G0ASuG,7
DTEv64,11
Lza4MH,10
SOEDZN,12
Ss5Eg4,7
Ne5aug,10
3jXDxJ,12
BdoK2L,9
o1eDfn,11
h5UYFR,13
gHuEhx,10
laa3xT,7
O054HV,9
y1qsa2,13
S08GlB,9
p8JvOP,8
d2pKOJ,10
il8fvf,10
m0Lupk,13
7qk1QQ,11
8R9hyG,9
qh6SMS,15
7Aqx3P,7
cMDn72,9
BtjEoZ,5
rYJV4U,13
yAD6QR,14
W1wODK,11
H5pmLG,10
yNWxnt,2
7ZUArj,6
Hh4jCQ,9
vasugX,3
Ql6MaK,3
mJaOzL,12
xU9iXs,8
mNmCz1,5
Zv3VzH,10
62TfRl,5
Ld1Png,2
UmOYz4,4
PGnk3W,4
fhVmm8,4
7uRha9,4
GJix4V,8
dpv7JH,3
veRrI0,14
Q6n1VW,4
tReYMn,3
CsT8F0,2
4SI75z,1
he3kR0,10
XJ4Wot,9
zuF1uK,7
8VIp9g,4
q9DNz8,11
DdhmaA,9
Agjt5j,5
HYwjHw,6
5BlAoS,6
3fjZ0B,12
P7eWjf,2
HXPuTb,10
XkzZSC,7
bUI0I6,4
jFffGT,9
DGXIq0,10
tbrYDr,5
b9UJD9,3
nzIBhQ,6
O7FRDb,5
sb8H7O,2
gOX8ks,6
hF69bw,7
JBIZcc,11
7BwFvd,4
CEjqf6,20
tgEqEm,10
g95wRV,10
8NQqVk,9
y7hy9c,4
2py2Nc,2
qNkBcU,9
ONtRRY,7
IqGtmm,7
daiZkr,6
rDwcNs,3
sX6eQ5,4
uorbVn,3
GpB7R0,9
yL8A0b,10
KYIRXc,7
frT9Hr,10
IHjDaR,3
utlDi3,2
VmFZoc,3
URQK5K,10
ZysORF,8
bqEhIW,4
rPX6af,1
P9nq9k,4
BrCx9y,10
tAoUK2,3
DWFeF9,3
5EiEvg,6
tliJxQ,3
d6P6B3,9
BlddqY,4
Rih8Y2,1
x2J2ct,9
AfZqZu,6
kUGa4Q,3
MphJ6i,11
0mmsuy,2
Cb7xgQ,9
m7OaS1,10
nXPzhG,11
Vr74km,7
6Ld0o0,6
EOTdww,10
OCZ6ZQ,3
J2Qit1,5
TcIizt,10
rKROOt,2
msYTOm,13
ircV6a,5
NdgeeK,9
XzFZln,9
y3LhGU,8
qv6sDe,7
NCQGAx,10
Do3uW4,4
vjj01Q,6
x2IptO,10
u5wwn4,8
npYE7U,12
2aHjdJ,3
0WJirr,5
MgkDba,9
Ro1tzQ,2
l5uFGP,12
Rjy327,6
lxQsrc,6
sAEoxt,6
DZIesL,9
pwZ5yH,1
hZuehX,6
DdJ4OS,4
Xl3cs0,10
s13k93,10
zZldDV,4
vs64r2,6
CxSQtA,4
rilJyJ,3
34aKnr,3
NSyCEs,11
vdmMD6,3
AKJN1x,6
9ojzrN,10
lL6yZQ,3
wKWvX7,7
a7Nh80,5
F5Dx8c,3
49sg8l,2
zcMYh8,4
xiDdIb,7
NDyZ2E,10
XkS79O,9
a3HPVn,12
p5In02,7
JiyPGJ,3
iKZdDu,4
1csDKa,11
3vD8mH,8
JbZwtY,9
8XISva,6
qu3YQS,11
mviFQx,8
OPNcph,13
8QB3B6,12
buE0bK,2
eIHMsl,8
PauN0A,7
53vR4F,10
i37sVs,14
XICl45,2
OUmXQr,4
iK1jHL,7
Cskkuv,4
xEuTjM,5
7dHhvx,3
DEOcnr,2
sbwCQk,4
R8Vuno,5
1nsx03,11
RKPWbk,3
421Cn9,11
427yyS,3
v3gLer,7
LoSDnC,6
rx8fau,9
gd4y9m,7
Lq7Z86,12
jzJzKl,8
EriNke,8
E9CCV5,8
7mp2uE,5
sUI6NV,2
xHvlaX,3
fk54KL,8
iVaAgx,7
HMEGQp,12
neYaHl,3
ItUFxP,3
uOBdzE,10
7ZdwOF,7
Smfdg6,12
ujyjdb,6
uMnYYf,4
1HmwfX,9
83Qwyi,4
bAMf36,2
UeLoxI,5
4coB5E,8
QLhfKV,5
AvG02Z,11
0aDr3S,5
K2cYd8,4
Sh7GOx,3
ycXMfe,14
QKZcVj,3
aur5Xm,10
Kz1oAf,3
OW6Njp,2
K2xa0l,8
3YwEoD,10
Ih9Wbu,3
tp7vdD,2
eSUgdd,13
Fmep9I,4
WELtFQ,2
szJ6I9,3
1ASU6Y,5
Zj6T7d,9
1K9jth,6
CJgMn8,2
Yr7Rci,6
8NakPY,4
z3hpay,7
km9WN8,11
qZu9JP,6
qehSKS,4
HwYaMr,4
r0nNcV,11
8Ye2HS,3
LzUSPP,1
Y8aoXw,4
YHgZ7m,6
tThe3k,5
vgtS4L,4
UotGwG,4
5IOtCy,5
nusIHx,12
obEDpE,7
UlkSTg,13
nCTV5A,3
Yiu6sW,4
gTxM7q,13
W6j3I8,6
QqfZmR,6
KU6rQW,9
lCkh99,12
CtOdNT,5
U8Ufr6,1
VObjAJ,3
WnEBUB,2
kmm8OD,12
DwimB3,8
JD3s0Z,7
ZsAMpD,13
XaSCye,5
ycrqyi,9
TrQUD3,11
N9Q1wd,5
JqNSI2,9
UBY6FA,4
DHysq1,5
WoTOq2,2
3Cm7pt,10
2HOQtU,8
CUN1k0,10
FMgMbN,1
R0QRIU,6
BBGRcO,2
Z7p47e,4
jjATQN,10
h9vLGR,8
SeAx8O,7
L45m4Y,9
kAQafC,11
LYC3nO,6
BR9IrD,9
9kNxb0,14
dqE1Gn,10
uCpbfy,12
nYFm2l,14
drxpAm,11
UBi2nR,16
sy3XNP,10
KCOr0i,8
AkkyGo,12
h7JWsB,10
fZqahw,9
bkuSDF,9
KN5lR2,11
sG6UaO,9
QTAILU,8
p63ERt,11
6FmkwW,10
Xktcd8,10
HQyUQ0,9
65eEOi,10
cNFkif,12
4GvJgG,12
E4KXBe,12
28KajL,8
6hecdx,11
Jsx2Ok,8
ikI0vi,8
K04CK2,11
TNiykc,9
uWB6N7,10
DESDcx,12
1e2G79,9
LmwyDa,8
1anSoa,9
TFxZJU,7
CsfNn9,6
3QBcTE,13
RdrBm9,6
wcC8CX,13
yv4EGq,4
gXUtZZ,4
sgEwdu,5
KTruTp,6
mSAuxn,3
EOT4cc,11
7sNgYZ,8
uOej6D,3
NMfEjH,11
AuNbNm,15
4jUiDO,3
Qo1Nor,2
rx6VY5,6
GX2H6y,9
hu0qz4,8
NnI6x3,8
o6bSAo,9
KT5W3g,6
Anz592,2
2iVsjF,8
AorwMl,3
3nMusc,11
R82YuS,6
WNdlvo,4
uA6X4n,3
8ijPZ5,4
ktaNu2,5
lAVmlk,13
SaxOdL,6
nPBhWN,2
UZopgF,6
8vmyEF,6
H4i6iV,10
Da8s5w,6
HWfQav,1
m0GSQU,9
4wbGAT,11
VlTuBX,9
3qjnws,8
q5JHgw,11
FFXixr,6
DJZ0vh,4
i6SIvH,3
nUptHd,11
fzBBkh,8
KV2O8o,5
YyDFpx,3
ehOyh1,7
RD94JV,2
DCplHd,8
pVz6dn,6
Bdn5HB,11
gSZAYW,8
kxV1CU,7
1VhFyz,9
S4jGM0,5
lTV7Va,12
SGljAM,5
HYb6gI,7
OHTTtJ,5
kIK68f,6
jLXFqf,8
IdLEIc,3
DmKVRG,10
Y97syJ,10
NQOAje,3
A5KWmc,3
rS7Ruz,8
GcHtFF,9
apyawF,10
4hwhDu,11
27mQxr,5
bFE7xD,5
nsIw50,13
jCGyJe,3
WBlCMM,12
p0p6s7,11
mhLSyU,2
vgu5j1,1
83pJ57,9
fgx3tJ,1
tnbgH9,15
QyLZqS,3
8WShHb,8
1qBVwm,7
xPeY5y,9
THj1wA,8
CVsbrq,3
5bhTFa,4
cjezWI,13
ktzHsD,2
icQKQ5,4
pQKpAk,3
6lvCDg,5
q8gTSV,10
RgxbAu,8
EQpDDa,9
BIveLb,9
6rn63L,9
5It7p8,3
X2R5HH,6
HfQOVx,4
bvUzhf,2
Toh2BM,11
hUqBZf,5
OEm8LW,2
W1uL0l,10
qJFLzr,8
e1pLSC,7
TbaCG5,7
0gJ6ll,8
yKQ1ta,7
u5Uo0c,8
3dgbi7,9
hmKvvN,2
j87DYs,4
6XN1ZC,3
5UzWFe,2
XiyTr8,4
UAacoB,10
u9KFYt,7
XQa5ZS,6
O4l4oh,3
MR1lTV,1
mguS4P,6
7DyG9s,12
WeluLg,8
cPgTpa,3
S5fyFe,10
3ern5A,19
3RtALg,3
rfYEmR,10
xQqMDL,2
nY5FnF,6
x4RTOK,3
VDyRjV,10
YegAQ0,8
OJmx5n,13
upNrm3,4
SeUOTo,9
TyHcko,10
QZw3wR,3
EjvuJS,12
tbmg31,9
b55WT8,4
suobmo,12
jZ00mf,4
Xl8Hpm,1
Un64Xg,4
KareFQ,1
d9lnwd,5
IktXRb,4
G5aQqC,8
cx5itp,7
JEzE7r,14
vhtycM,6
ZdWyuz,5
5ppUpw,3
Y7cZBk,5
V0AgmY,10
N3wnls,6
BezDpN,1
4X7A71,11
yHxV19,2
BfogWp,3
9Z2WcO,3
YDM0ii,2
XPiggG,10
KFzKjH,3
xBiEnj,6
0X4ltU,4
Ih3RBI,3
BnP5QY,13
xFrEBJ,14
YbQ5Id,10
OtMRcG,8
tPBQZh,4
6nBkgV,2
D8PPDh,3
n0FhxM,2
cKe0Z1,6
FesDae,2
1KJ6Ds,3
YlZGLK,4
f7RB2j,2
ez07or,2
l5J7rq,14
SAMRfn,2
XJDTXZ,7
Ne6igC,3
BQNGUk,2
KgYsIx,7
lek9OY,2
Jbsp8h,7
Uypxhn,6
4N7nHf,10
pYcSSW,5
bUaVQa,7
cis7oL,3
J9Ksqq,9
crolJR,8
IbNa1R,7
vBiSN2,7
trpR4q,2
GNrPdC,5
fOYB0G,7
8mtfV5,8
ng5b5N,8
4cEeg2,12
xghX3L,10
w1Vop4,6
gnleAI,3
lyRYjH,4
1Ych9x,11
hivhF5,5
f2AoUg,3
tJGXAe,4
h6Xmb1,3
By690T,8
rcHXDF,7
Givhdf,3
8s17NG,3
uPjQ2k,1
LefTHS,11
dA6F8e,6
lSh3lo,9
PZe0wB,9
1kDHi7,9
uSUKZ1,6
dE6x3d,4
RhCfj8,8
BnXBAq,4
IrzW0m,5
ZkcnmY,8
ong0Sb,9
Bt6yys,2
uklDHK,12
2NBi34,10
fvqUPi,3
5AJFwf,2
mCOJ99,3
yZcc0d,3
hHlC2T,9
gpmxVa,4
7NQdvw,12
SPeex4,4
YtEcOL,7
9J2eNX,13
afVAoA,2
2nseuQ,7
bu4iOC,8
O5G8ve,3
It7YMz,3
TNUaRs,7
VMolxz,3
8WUSlL,3
rT4mnc,8
La8AnW,6
fhCfdg,2
QGkL0S,3
7Q6kHz,3
KRcb0N,2
mHjC3H,9
QjrXvU,12
ecCLP7,8
J9AFgB,7
T1M0il,6
qtFLPK,6
X6L4Tf,7
TWfXii,4
t2Ieq5,10
AsaGLq,8
pgnQjw,2
ghZQMl,4
VUQbLZ,4
wdCE20,11
Wen1BD,3
GLvu4e,5
yS9K3B,2
dOwZej,3
KjYSbz,11
hTYkjL,8
o4ZnHo,8
dL1XZT,14
z6LiaL,4
Sozja0,10
DKiKMy,11
oA8Wvd,4
SP7siQ,9
SY7inl,7
gXQdDQ,10
Q9LnTO,11
hSYUj4,8
y5kDBw,8
az3NoL,16
BAKf7C,9
NlCHW4,9
f6kgIJ,12
OWhKR5,11
X4yOPm,11
s2AgCi,8
wb4xXo,9
JYnrw2,11
onDhav,8
txTKxP,10
2ANGUk,11
Hff77i,7
hoVDSy,13
Mgmcu2,14
nSFBeZ,9
6gJi7l,14
NTsBNF,11
DNMhk8,9
mFA6qL,9
zBG6v4,7
eNHlK8,11
h4EQZY,9
Rt8oJp,12
6IikXM,10
jdao9e,9
SqL9H7,8
dd6BCG,12
5jTLyB,11
TAnyLo,15
OkNF3l,9
5oWkK3,12
eh8mtL,7
VCSaNp,13
MfjXPa,10
tuz5NI,6
dtIVps,11
WRBa04,4
InRq3h,10
s4VM2T,7
FP8NB1,5
nR2jCd,3
RWuLdG,3
qPbD59,5
eFIWhk,3
hUGwVz,10
77cdNu,12
3Lthbu,9
TR1DJA,10
rQKtdW,4
dcn6yK,12
QEr89T,8
4Va1l1,5
vC3gfh,4
KpZmAe,12
RSMqHL,6
7YWtBk,4
5n6FnA,3
fn9o5w,10
4T1XYn,7
8oKRfV,3
S48spZ,6
GE7UEW,11
zEiFzo,13
tLTBGz,4
8gTCGD,8
3Jpmdv,11
4fC7yD,3
Q4seTM,11
bxyDS2,8
O6a8ml,6
4H2oPh,2
mnrSnJ,7
p5AirG,7
o2zFpx,3
VtPGnR,6
z8ay1F,9
Uld7G6,10
Mk6lmK,6
Md3oLI,3
ZRMBAT,4
y9RaM8,3
v5fySL,10
wP2x0b,3
NPAPBa,2
yyMgW5,8
paMFM8,3
vKrsLr,5
0gVPoM,7
MxLBKe,3
3RAk2m,7
rMpbfw,3
twjKu6,4
DIztfN,3
tmGa9Q,6
3dNdur,4
3pcwYh,11
OvIQ6U,6
aaJKPZ,6
EbRRcL,11
AEXcRH,5
iQGUcS,10
Gfs6vK,3
zqaCFX,13
rYkBW7,5
YDWid3,8
IVi4xA,2
RJACwY,5
uIColI,9
6xjBLF,9
0L8Sxf,12
yEfDvq,3
wcFL3R,5
Pw2zlH,9
bDaE21,2
pWbNRu,4
q2COWc,8
QKJvav,3
fjJyDN,4
SsbnvA,7
VuYGHD,4
ccyT9E,13
IW9oPf,5
n9Upju,6
vjkx7H,4
N5JOLz,3
IFE3dJ,9
OTWzyg,5
xwIy5D,2
Z30Ghq,3
bQ4D6Z,15
YOELPf,6
BHQxpx,7
cAQykk,3
65GE44,5
IaPDK4,8
PjQxiY,5
jG9IK7,11
iAF84v,2
QaFftn,8
RjsBAA,11
e0QUCA,1
CQ6jei,7
gGvQWC,2
wSNX3I,4
hTyomo,4
q2YUOT,5
Jf6CtY,2
uriPhQ,5
IaYrAN,3
tB2eap,5
Avvdvm,5
P5A3bM,5
ssO473,2
S4pTYI,4
wTfTR7,13
mkKQFm,2
PeiMxR,7
7IONEE,11
80bgpU,9
RpsxY7,2
mo6ZWM,7
sgQEJL,9
D2bOam,2
8ccghn,8
OFOnSm,10
nVenwm,4
jgNpHU,12
DKcHMd,3
S1uWYr,7
ECm9uh,8
Q2ViQw,4
onS22f,3
3SiLAp,10
Zs8LlN,4
mC2QVS,3
jbM7YQ,6
6kV3Cq,2
060d6p,13
9ZyfXd,6
e2tNnK,4
Ohl4Ty,2
RJPsPF,5
hkFLEy,5
JjcqnM,12
NIodQQ,3
KOqxcH,6
Wp4MmA,4
GiNMOo,8
BzRAAN,11
sLbm8z,10
KuvGgO,12
qotMOR,5
KFQrgN,3
Qh35ky,6
MB35IH,5
q7hfDk,1
D6Suon,14
JhaSzY,11
zGzV9G,4
fqFAP1,4
v2X63a,9
xAo3gj,2
EMn3Hq,8
M6dPIt,13
TGQte7,9
m60EjZ,8
ILG0fh,5
z8D9v3,7
ZrraZ4,7
b6TNPS,6
OvGddT,6
UuGBGW,9
aNGooD,2
UBSgtq,2
UtDva7,15
mV6DuW,3
6WfENn,12
TBZsxc,3
rsBUUx,5
kZT6G6,4
hjWiEZ,9
vOFOup,2
ZJCS9L,4
tKhKhz,10
JK4Jzb,5
vxUV4C,3
rzUNyi,4
eT1rem,6
o4lYgH,9
yipIwm,4
iKjlAN,3
0UDVWl,7
d8UAKj,2
F1DmdT,4
5zvtyV,10
8B22uS,8
H9sabf,7
XEOA88,2
XGHe4C,3
f3ywtT,3
LAvHTs,1
KYzAa4,12
pZO6GU,5
EtgmdT,9
6sDr4w,4
evh9XZ,3
pIBNQ7,1
P5vB4P,1
5GU7iH,6
zH0nzb,15
Z3QOkn,6
BgSs2w,8
KXdqC7,13
gGTZwJ,4
L2rgmw,13
PPqAbg,3
JxriDJ,6
Xh6dAJ,4
0fUhuT,12
ESb8G6,8
jeeoEu,2
L7LVMK,8
hqFwTD,10
ykDbYI,5
VX3jMS,9
zEaUoe,6
zCzcLP,3
Lv1H40,3
bN0LML,2
d9Y9mi,4
Vh5IM4,3
s61sLO,8
sbsgs8,3
l8n7Am,5
oqyHGV,11
DINs0W,4
LOX9vG,8
hQfNPt,8
eufxTp,4
qH2t2f,9
lzy2U3,8
Jidmq3,12
dealK4,5
FUteew,6
r9Hz0A,1
IgBfxl,10
NgzRAp,14
VHFdAJ,8
qNTEID,9
5akQGL,8
VvN8F7,3
RX72KR,3
TxyLqL,1
4C1AqI,2
ls0SAZ,4
ruEWZl,3
w4OtSw,5
DgyRKf,6
EtXMqM,11
MANYmy,1
JsO6UV,5
timO8Z,6
weQQ9a,3
piiLTP,12
D6qKhl,3
HSOT3k,1
Do39Hj,10
2AkZAH,2
M25J8w,12
8dGJCg,6
3UbCRZ,13
gE8mLl,9
rrHP3D,9
D8Zguj,8
CIf8aL,10
6HAzJZ,10
sbsAtY,7
TfOAWK,10
EjVC2r,11
4u63EN,11
xRiUXi,10
bcbvkp,9
OCoVmy,9
AmmAk1,10
2e2C0i,13
0DeqwN,13
wzqPlQ,10
mzDyRv,12
HumosF,12
DTbwxE,11
fDPnip,8
2KXI7i,10
R1V7ZS,7
9Oybn0,8
lcXlix,8
s9zhOn,8
F41vvI,10
X4G6ze,8
b3egx9,2
G9Fcc2,7
c1m8Jm,10
oJ8KJ3,3
Ly21oi,4
dn4tRH,3
JvdIvu,5
YDHx5x,6
XkQSid,3
yWRmw3,4
oa5HZo,5
iNxWEO,13
bdPbHd,8
2guTtD,11
antRoP,3
PrJc9E,7
SoSPfq,7
R52D0O,2
P1uTEH,5
UyIAbs,9
RGyNYZ,7
5jt3Iz,4
PPylzR,10
xeQnMq,12
uGCCUU,11
fagRtY,2
pdqZ5p,13
HD8W0N,5
QOPY40,5
YTcCIi,10
PrSu3j,11
bUBedw,6
30AWJr,7
GfwRZI,10
6Ua3vm,12
o87on0,13
eixlcD,12
VblYpG,9
OsWuXX,12
lAeNiz,2
ArDTck,3
xlKGit,5
t2r6LY,2
msBrsQ,9
gftFc2,8
XJW76S,8
ZkHTIc,2
zCj3sa,7
Qdaskw,6
UsgowR,3
BM4PTP,2
IKVwYm,3
FTBaCE,9
qiOcjm,7
TZOefD,2
QOy8p6,13
0D8o65,10
N5tWAh,3
AksGpp,4
FxUzgR,10
kBY20A,12
TaZxng,6
adcOjj,6
Yk8uMQ,4
hPbbe0,5
J8VgIo,2
1DlVAf,10
Rq5RU2,14
94xy0R,6
EyfmBQ,9
H7FAoN,8
GW9RU7,6
4KGgh5,10
7giexb,7
ar65VB,6
bZf5QJ,9
XLrseT,3
zLZdWG,6
dxfPxU,3
cR1nhV,4
80dAdz,4
u4W8SV,5
3iBevF,8
GnuNtq,5
qD3cIP,5
DQZuVJ,5
nPr9P0,5
Lmfl0f,12
6icPpu,5
yaenNb,4
EelzYv,2
eGBkLF,2
oWHBTV,2
P0XIxa,2
UBEolj,6
bhP9qo,7
Au6nfi,15
u0rars,9
zOLyGv,6
ZHAQ2p,4
QKzXj2,10
GjDOTr,6
ZR4spd,9
H9PMiH,8
p7aIpH,8
Asunxt,2
ViFB1c,7
XRYyue,9
T7wzfu,4
N3gT51,2
IV8s1J,5
tgkHN7,11
YaogTi,7
isUgg8,2
c5xS1h,12
rpU286,11
8mhQeQ,7
5W54o6,12
r62AiH,10
x7ui25,4
4Zzo7L,3
seC85W,5
u6RCUr,4
fDM52u,12
lAOwxr,6
azsJ2e,10
Ilymve,3
CTlgCZ,3
1jQfy3,11
ijFDcH,7
ccjoK2,3
bB1c6g,3
BC1nFA,2
xIhUC7,12
ByYi9O,10
bkeHTb,7
WFQBZ4,4
yR9CA0,11
mZbK4m,4
Bx5ozf,2
e87Uqq,8
nS3U6o,5
sKDPnW,12
QFM2BS,6
OtsopF,8
x9czDU,6
BOkzDH,11
3nWoD0,9
qfm0jF,4
AcRySN,7
knyk2B,4
qOXPR3,2
o7hSr9,6
E7z7VD,4
cV50aZ,14
42nDnY,1
xF4S4a,2
5hHU5j,7
KZVNED,10
9b6lxw,3
pOX77Y,6
ZyAMkr,6
cTSRjw,4
hjvMLc,1
gq5DFG,2
RZQeJM,6
it5fwM,4
OGhO2L,5
P5yaWN,9
3mUn0r,3
93rkCd,3
GdFqPd,1
T947XU,11
lqp57G,3
lyu9cV,4
HmceXv,10
3mv39x,4
NrK8eN,9
PCWeJB,3
HJWHTa,5
xFQkcx,9
k685dc,8
eQdyxO,3
fRQ40i,6
fFKdFc,11
Ld6p6X,2
DmiSo3,4
1VO1K2,10
WqkXDf,5
eQJqeX,4
xyG0b1,7
pkpDOX,8
HiahZQ,1
ACnUhO,1
GKP1hs,8
Lc4Vh3,5
vm8Yy6,9
299VXb,3
4ubzj3,13
Fg6Woa,3
T0u7Jg,7
kgaDN6,9
GAchLD,2
3quG75,11
aegEos,9
UF1ZWN,13
Dqy3EN,11
eoWxXF,6
4XsKrA,4
qVuaIV,11
CV7OM4,4
NnK6F5,3
rPKLUM,9
M8XbYn,9
67PQur,10
CyP1nI,9
ZmqM8o,15
v6U5I0,8
gEFgWH,5
4NlbHI,7
3okJ8s,10
jTmHMq,5
Icloa1,10
B7jUHZ,11
uwh2UV,4
iNkQjH,7
vslfU2,8
srEoch,3
IF2a5O,3
1MsGK6,13
w3XmAv,5
7ZxYZC,10
lYwU8P,8
DItmfB,4
tVgJCU,2
OFAYbq,3
4fLHh9,8
e3KxJ6,9
bllSuf,7
q8RYZT,7
e3czXx,5
JAcMSn,0
XGrB85,16
9alD3c,5
JDkZuX,3
YYzaiK,5
aZ0Jh9,3
EFJe9V,11
WgCbnH,5
A1spMm,4
6DYGbH,2
oaW3qc,2
EQmm42,4
txs587,11
b691OH,2
XJ1Qw3,8
7LiAfI,9
te7LN8,4
NfasTl,8
JeupGL,15
fvOcC7,9
zP7XBO,5
xdBPiK,2
K0ejpq,10
IuqXDj,3
MeEGIX,9
0B6tjR,6
79Nj3K,3
DgUC9E,4
aF4fem,4
eP76Xd,4
OTeC0B,12
xyQc4t,2
L8ddh9,5
Ru9Bc9,9
LrTKTe,8
c3bZ5W,4
JK9IRR,4
O4nBYV,7
S3zIBe,8
BfbGva,4
wVmPeH,8
P0kiom,7
DoOhpr,2
y53E3K,5
HqCtDK,12
R7Eg4m,8
S6BhDG,5
xVsyYt,10
h95kTR,8
Jd9C15,4
P7hHbc,10
0biTUk,6
m4sY7S,13
hv5m8W,5
zbDpnB,5
DD1w6X,10
67kEnM,9
0Nr1qZ,8
16gB5M,6
JYIlCB,8
u4c6WD,2
dNz69y,8
X1S0g8,3
J61dff,11
Byur85,5
qJtD1m,4
hlWr4K,10
KiTzPm,6
wG7Eje,4
13xWGv,4
hOZA7Z,12
BQvs6f,2
KMFFhE,3
32Icdr,4
tdJmw3,4
nSZhD8,3
4XDiMp,3
0tuLKX,10
s21mFb,11
kQTUvz,13
fBzd7E,8
F7oV4I,8
SzXNOJ,10
ve0RyE,7
XTXwhx,13
V8zeic,11
tvWMdo,12
1l3Kna,10
nNpZXU,8
rHIqom,11
x996zf,10
PNgXMp,12
IEtCCR,12
2rbWN4,7
tiySel,5
OMIcvm,9
Bj9Pmt,10
gwfVgj,15
ZO1hzp,9
HbKClY,14
nsMiTO,14
gKkdPA,6
UH70py,10
EV9EIK,11
6Jzwtb,14
Af7Hi5,11
8KLxeX,7
26XqPG,10
Ai4WSw,6
HrtqOy,9
zn6xZE,14
UweYI5,10
2xfWmN,11
qQ647X,11
opjyL8,9
mLFKb7,12
ZD7sg9,10
aLZWND,9
QZUDVt,8
KteTUg,12
IQvwSl,9
oJUHik,12
e2XXFr,12
kGlhL5,17
4Vx7zw,8
6KZyw0,3
SFKV33,9
0ZFhGf,3
EJ86Rk,4
eo35PR,10
Y12KtL,4
1fLTZw,4
Ac4gRn,13
eRLfWf,4
wlkTzb,13
gbVmaA,8
x6UX31,11
t5h16L,11
5Xp9XB,8
PmDEKH,2
67p32N,9
mdbm8K,13
aXQx2P,5
hQeiBY,8
zC13dy,4
TVKvIk,6
eIbSPW,6
PHOqLc,2
tP6wEg,10
k1rE2f,12
r4UmEd,6
8SOgua,10
TraI4H,12
DMUML6,2
wm6SCL,6
WyAtBT,2
JFutTl,10
YxhxTG,6
W0ZQvW,5
69vHRP,2
fgWvwV,4
5GtWZm,2
8AzDjs,4
e9L7Dg,2
Begcex,9
Tu0gdW,6
lOywEB,5
xHvy1N,4
ALLpX1,5
xq8kUB,4
NXCZFx,11
A3EH64,9
3fG7SR,4
i0P1r0,13
RptAm6,6
pay8QD,8
TmzS0X,5
OsnGNK,2
LizVl9,10
L0UKSi,11
GqQAu8,3
y6xyJz,7
bp9QGb,7
VblTVB,6
nmcoCR,10
IjGdij,4
6xnvph,9
WR6CGP,4
ybNDNz,13
o25Oap,7
ZgOflG,5
YUq8RP,4
ke6kkT,2
PFxRRo,10
ZZNjPg,7
7SaEYP,5
tDIQk8,5
AQzoIb,8
gNmuyU,11
0cfBr7,2
ZY1o8S,6
ceTrXD,5
qa40KV,3
1i6AR4,7
Mroold,13
tphwFA,5
0eks1a,10
DMStQv,12
yN0RZf,8
7SwLL7,10
9fAowX,9
U6f3cQ,3
xsfs0f,11
nwcNig,10
KNfUOp,7
Sz2e96,11
WUTzyZ,9
LFNzTz,9
oNCIjg,10
t9wx6Q,5
tSdTFQ,4
6zU2Jx,4
3hiAwP,11
dZAhhU,9
Z2kpQO,3
iByT16,12
Gn7FNK,5
33sjCJ,3
B6pIof,6
6gVwsa,12
cp09XB,4
WeyicF,10
a8hKkh,3
LYimK6,9
HXipwS,12
b9nyxZ,2
5kD5Du,6
e4dEes,8
i5XJ3Z,2
B8cQPI,6
RYm9sn,4
qt8U3C,6
EJ6ilh,8
4k6vn7,4
z6vSMS,3
BYBghR,6
DfsV8T,5
cVPddD,3
LZ3e3Z,1
PgLo4D,3
9LH77q,6
0uwj3c,1
jh6PD9,5
zK6hCs,1
xSbFL4,10
Gq9yaM,6
gepQqf,9
3QU4SE,6
1PqjbH,4
OaFECe,5
GCVH5f,2
nSZ0SV,16
vX3mnA,9
zaXVpR,10
nS23yP,3
zyEu26,8
tqDI5l,8
aQXC9O,10
P903C1,5
tOYyZX,5
auUdz2,4
k1cFrR,9
QE207r,4
uDMtGE,7
fbZEAZ,8
kbxeEZ,4
nGYYvY,3
uNUr3U,9
3291TI,8
6YFOF9,2
9tQU5g,6
6DQq6Y,8
RDEAra,5
Z7mLK3,3
BAQ6PM,10
aKIQkD,2
XmW7Cv,1
Thr767,9
za9kMD,5
VlwwB9,3
cZjRqj,8
HqeJGc,13
LMbZHf,3
UOTBti,2
R2tRV0,10
y0Q4RZ,9
YOuUAZ,6
DQ2vmD,13
7ZtzI8,13
ji34s7,3
cLGWxs,5
e2OKAk,10
4hAsHk,7
Wb2Sbk,4
g7BwLi,4
941kFR,10
q7VCsn,4
ZwvceV,3
1DNfGu,3
qOI6Ip,13
1ozDtX,3
J3lbuy,9
EuQ6No,11
tlgVPS,7
rkwB3y,6
J5VWoT,3
gd8AUt,3
6oVYt0,2
dMxY8n,3
eqa4CF,5
SOgppW,7
0unqfz,9
YYvju8,12
EuFm8b,2
K6CYCw,4
Ok1yNt,3
9vCM3W,3
rzblEI,7
nIqryj,8
h5vZOd,12
swBFAw,4
kVKTnd,4
y02Kya,4
8DUCH4,3
qsmkFL,5
WR2Uzy,3
hPFLue,8
fnmzEW,11
9O1zGh,6
rHGZIR,10
AlALQE,4
ewLpdw,10
F4lmvZ,4
6PCTXT,3
YywH6B,7
8GMkEm,2
dOe7ng,8
MVQJhe,9
ayotwi,6
ufpaTY,9
QnYqJf,8
zFpDIz,9
01Xw0R,4
teu0ti,5
o1x5VT,3
AK24Zh,3
irVUA4,6
CYc55Q,5
zfDYvd,3
BW4O88,4
BPVwVm,7
th4iTY,4
InDmBo,4
XGkKGM,3
SLWiXL,8
JVvSnJ,8
3tSmcj,6
MgPa27,14
DFLnTk,14
kkoiAM,0
keGrOI,10
QECVuH,8
ZgnzAK,3
68uMte,12
RfjYGk,9
rfBiq2,11
StGg7n,2
PFw50u,9
y5JQif,2
E8LQpu,3
O6FaPa,14
dMleXE,4
mBG5Iz,10
pTSQt8,2
ZS47ES,6
Rh81PW,8
laLuXN,5
7HrOoa,9
E7Otxb,6
T8lBYq,1
5U02f1,4
oHPWqz,1
wpFInh,6
YfSuPe,2
EEqI5H,2
ePr7Vn,9
fTeotX,6
jzcARh,8
YlEI52,4
yJOCuS,3
3taXvi,4
XyEzMu,9
3Sc15Q,5
dpraZh,14
VTHc7h,11
hmrxPp,10
vKbwe6,7
Rvi0jD,12
DQh31N,10
7mO0dQ,8
X848SD,11
liaCVt,11
RLwFgU,9
2rHj5E,10
ZCgnFN,8
uUoWUq,10
xDnYl9,8
XUPB3b,9
YFp3rY,15
bBDd3E,12
BlV6B4,10
zCGTm8,10
FDiMMc,10
dz9BPm,9
4k7anL,12
DgNyLZ,8
Kg8AEy,10
ymTESJ,10
4kAgWN,6
tQ31gr,10
RnwqWe,12
eYVe8y,13
MRUson,9
dmpz6J,13
i8B4gN,9
XGg07f,9
j45ySg,11
XGTeGi,12
PX3NNj,3
LPpiAT,6
yGCLV7,5
oQI68U,9
f1STVx,2
hPrBkx,8
Cv2z8h,5
gfYly8,1
1FNDvK,8
ZPhqbG,4
CnHhwx,5
7jxYah,3
y4VqhU,2
c9YhpC,2
EzcbyR,11
V3K6kD,5
175VJe,3
unRl9Q,8
yKnVdV,3
kNbujS,3
1hsh3N,8
l5R1jk,5
g0nThv,7
IhXLFN,3
Ssm72E,5
9NwNZs,11
OYyXwe,8
cF1NZm,14
v6k130,2
gQOlEz,16
8fTsWU,4
woilPW,13
dmAwkm,3
GJ9277,6
i7lUNq,10
fwLCf2,1
o6h0Il,5
sNDBjV,5
YOrHYn,5
OSKrxv,3
2ktTSK,9
WwxFHu,2
7A5XbC,2
hvIlMq,2
ahaFNl,7
513ffL,9
MuDzRe,2
5pjowI,1
vUqNIh,12
MF8kPT,11
H8tUIW,6
VgKPJi,10
hGgtW9,7
Iu41FH,5
euxkty,5
LGD8TP,13
1Ztzst,7
yaunnW,2
uphLKM,5
Tvzz2I,1
dWUIEd,9
8cKIBL,10
GVmHA0,7
iRK9NH,5
0rCoCM,9
gVqh1h,3
aPEigA,4
Xk7aEq,4
jXILUC,4
5vEwzX,10
ciI4l2,4
fEstWr,5
OCfXHS,11
khcSvy,9
AIme3L,3
4esykt,6
xrcvoT,7
jXOYiI,10
5oX5To,5
GKKOYM,4
zwo8bh,11
pw0PBy,2
rTlXLM,13
ls0Axg,7
U3zqBz,10
Zy6krD,5
2O0eJY,5
d48taC,7
BVzrCh,3
IfIxfp,9
LUhMsL,9
fRcJKJ,13
uJ082Q,11
0KXwi3,1
iSTsIY,10
SWyDzE,6
hqtwqX,4
mHPVna,3
9ruCYv,4
TMvUu4,10
t45E5f,9
tTBZTg,1
CwKNYh,14
g3aaV0,5
9KADmR,11
sPBfbZ,7
AppdUF,6
AuSSlL,6
vka3PP,2
EetUez,2
1inT2h,11
jFRxzj,5
ZE7qpa,1
bEZRI4,4
FPlrNd,11
bnzHAT,8
cRsUxh,12
AakpCb,5
xtfeKt,6
XpA6oj,9
bclc5q,8
13hcD3,7
tZRHEp,6
onZbZB,6
gEZUBW,8
wQIAtV,10
A9Cak4,6
V97BGJ,12
cw5myg,6
y6Rszb,5
QZz64E,8
deNc1r,4
wlVvnK,15
zM4gAX,8
QPv7ii,3
f9h79Y,7
uX9HsA,8
piMz51,3
Vu6c6h,2
DAcWaB,12
YXRBTF,3
NjCw77,10
DL1yxf,4
x7pzyz,9
DhasMq,7
w3ZcRQ,8
xdKdFp,4
9HKjWe,9
3qmvg9,10
lPk5gl,7
4bvzbP,3
kaudJz,3
s3JVEg,7
7I2XcJ,6
utVxfY,13
fsfs1R,4
ImRIfk,9
kSnmz9,2
tMkMBf,8
s5eouD,11
oo6G5S,9
enk4I4,12
KBdKYI,7
DHI6KO,4
pXVF8F,3
7uv0AL,10
rMqljR,3
AEZ7Zt,6
kzYeZ4,7
TE28rq,10
fBeHdx,8
bWCozM,3
rW7k32,4
hJeoHQ,1
VGAkGY,4
slRCCG,6
eeGWNE,12
EUALQE,10
ApKn7X,5
VCT1HL,3
i0XTSe,4
1CViGk,3
JTST6M,4
K5v1Cm,10
s6Sdqh,3
YpAJTG,7
roDD1k,12
y0CQ9U,2
t1u21a,6
LoDwSA,7
PyKGRX,5
OAhaQy,8
19Oywm,3
OXROT4,5
RZ8r57,1
YN9Gs5,10
lfXJS2,4
Dzq7yB,1
zQzQNq,10
MZ3hD4,4
WocN6D,5
X96jjh,5
eICHTi,5
lCwk5n,5
hCUaTy,10
Xg3keS,3
nBJam1,11
y8R5zf,7
WxaX4Z,7
ltElrh,12
VAfskO,4
aT82Li,9
UizWUd,11
4ioKK4,6
RZ1K5c,5
caoJu4,10
Xu5whZ,7
x7wHX4,11
bDjbOE,5
qIaPOC,10
6lMcau,10
u3kzW2,8
vUtEoZ,3
uielb2,6
FwcDog,4
aJiBwj,7
ooFIcf,2
lVnjkl,11
Nk3cff,7
zk4MjV,5
7ntrKy,7
38LC2n,7
d2yH1i,7
axlWKb,9
JTAGBU,7
uUQi47,13
IRdKTt,9
3xB63Q,12
AJsOgm,7
H7FMYf,13
PMgv64,6
ozPut6,8
GlDvX7,11
uaN86G,7
tOMaCK,10
a8Xtvo,5
s0ConF,3
wfCR8h,10
xyci3E,8
ZzIvpZ,5
M0gybT,4
GuE6va,3
C7IbU0,5
a9sHgT,3
v1v3ov,6
BfBYZi,10
isPd9R,3
BQbJ8j,7
GcQoha,2
03clQC,4
G1os5k,4
37ORsc,13
Fccet6,10
rhnp3M,10
g22ZJB,10
jzw9Jj,9
R3DxCo,6
M7VHEC,4
ShmmYG,5
0gtkeC,2
YxTsmx,5
lYSVhB,10
Z2Y1CC,3
McDgRi,5
c5N2tv,7
354cw3,3
glZUS7,5
S1T27Z,3
5uYyht,4
Z4RwIH,12
s8oVEz,2
nbLPmp,7
ObTqO3,2
aamGU9,7
8azJGn,9
nAcsU4,1
BbO2iL,8
bFMDWN,11
P2lpcc,12
YAyAiF,9
0E2fFq,6
pNzdE0,10
FWgJew,12
7y3VqN,14
raAU79,11
ZdVDds,15
dTRQRH,8
zPcECI,10
mrznnm,10
DGe7YC,9
ndbsN9,8
QOsA0F,8
k9Hbhy,10
mV28oH,9
IZ19vg,5
Ocf4TZ,9
W8YHJw,9
94GBI5,10
Kh1vec,14
6Db9qO,15
yKyWQt,11
uFcteM,9
QLo8Jf,8
QbrSeo,9
Vx3UgQ,11
yxjcbx,7
jx3mRx,4
LdStOF,1
z3o5My,9
VD2Lms,4
HjvqOx,4
bNtRwx,2
tbS05s,15
SR3EY0,9
ueENJq,7
txbM8W,5
SWsiFJ,9
EQg23H,1
ehO1qX,1
I2FHQK,10
0m6DG4,3
kqTONH,4
9lZG3P,11
J9iUPU,5
tykxza,2
UEaQu1,4
GMyTPY,3
OngE1i,7
ehRo7d,5
MtRNuw,4
37D3YM,7
xyIrL0,5
zvd7Yc,5
D91YkE,2
1qfy5N,6
XfEO35,8
fYv1ZT,13
AsYWTa,3
6HNjnS,10
SdEgbo,4
Pj032Z,12
x65uL2,9
jYldIJ,7
e0VWF9,6
GH5wHx,6
FXqkpO,12
iaQVNF,1
aZ66vs,6
j4rXjD,14
TzwsYZ,3
NLldfb,3
2aiXnF,2
l77z55,6
5geIKR,5
0Nij6L,6
ZjpNcp,5
bCIztk,6
1sELp0,9
kD3gRY,8
mZL4MS,5
mqgvek,9
eGfK4w,3
EhxCB8,5
ZHNlCM,2
7oPat2,12
HdjWf0,7
Ok9peO,8
tc07Yl,7
cLldOv,5
Ox1RMD,3
rCEtec,2
K8hZqu,2
lQsAuH,2
QqW0tq,11
mtfiWY,3
TfdoSi,7
u0UaX8,9
moRHUV,11
P1Q92h,2
bhz5A1,4
xiVSjB,4
yMRNMD,9
ZQmZqb,2
Tm5xcf,7
RvSzXa,8
JN1zdq,12
K05Mk7,5
rKdEJk,4
T3AH4q,9
62aChb,3
Fj4GTx,6
WfRVhZ,5
YTUtxQ,9
NOQ0aO,3
JnSYK0,12
WQRZp0,4
84zWhK,8
Som4XU,8
sy5WR5,2
6c0h6n,6
MgsY7c,8
hKvuaG,13
IAI0Fy,6
CA0yoE,1
6oMWxw,5
OppyjR,4
rbiVGO,9
OBngSN,4
kzxs60,8
YrFrJK,2
M5NWZX,5
g4hLm5,2
QnIkTd,10
b5bmNB,7
ayLK7A,9
iZuJCS,11
pppgHF,3
pfeZc9,14
XRpXMR,3
vHSk00,13
VPpeD4,7
xp2mTR,2
C3DYFu,10
PVJFDN,2
eiHAyj,4
SKjDdr,5
cozZAW,3
6Wr7e4,9
ug59j6,2
4TZT5W,8
b6jjmT,7
hes0uZ,7
8EgyrY,2
J7wWoU,3
CnUBJp,4
hzzjIZ,15
aCcWBK,3
Eo8ohR,4
BzRinK,10
8lHWHe,11
jbfZ5d,6
qiq9d6,4
BdI2ON,13
eCfTab,4
0Xlieb,15
E9NQVN,9
rLpUdn,9
sEduBB,7
hK4Saq,11
L88mGC,5
5nupGW,1
vbrp7z,4
eg2MrJ,8
JLfWes,14
7EFCBy,8
OJUWm7,6
zpyn5F,7
lHkDgA,3
eljdQD,12
BElXLf,1
h1TXMG,10
yxQawR,9
861zh2,3
b9vjLx,12
vmVWUz,5
qFDQec,6
2qaoHt,3
OKnnzK,2
E3VvaT,4
YxA8DJ,12
nIjz2p,2
mOLODN,13
srFJge,3
0wUZLW,8
Osoomn,4
JAx2ab,1
KzKE6Y,11
S30zM5,4
n3TTvm,3
5qulvp,6
ubEprE,2
BcQJLN,1
pYWZT0,6
AMxwIJ,1
WmR6yh,4
nPLsgp,7
b6e8Mp,5
R9tTqS,3
YM8fuZ,7
kYrLy9,12
aLh4dg,7
0GuEEc,9
OFxKwG,7
lxENms,7
pY6Clk,6
DoVbm5,3
MmGQ0b,2
LR8mnu,12
G0tz4c,5
cp5qyz,5
PjWuch,5
G7mlQU,6
3RAhDh,17
mF66fT,4
n3HVBd,8
DU1su1,11
aBbDNE,6
obIJEa,10
FiM8gi,6
Ze4tCw,5
VZMmBs,3
rRxbUi,8
8JcwL5,7
Go7JXk,14
PEwE0e,8
qlOa5L,12
6zp3Xe,7
yds2fE,6
ABarik,9
F8jR96,6
SfyjpW,3
H1O1DB,6
EhSCot,9
l13nnS,9
WB8elN,12
f5ViaK,7
SncD02,6
PsuNE9,8
bxXdfi,4
1iEt4F,4
0B14XE,2
oUxxcb,7
4gKMoS,13
AhcorB,3
db3aBy,17
wcLH0l,4
JZOFDd,6
p8k85a,4
k9hEqr,2
BuV9dn,5
eHBGij,7
1Bub6D,11
KJvcFP,6
runpIe,6
3CWozr,3
DTEnkY,8
G8IRvN,5
bbSIq4,4
AYSOO5,4
UxEVAU,7
U9GkkB,9
gjgGwz,11
2Y0A4I,4
RPYON6,3
4uas9L,8
aSOkv7,5
ieaJ9c,11
FaNmWz,11
UMMNdM,9
wzpcQn,3
MLM71Z,1
ykLpJ0,11
ROFRKO,8
15NucX,4
5rcrpL,2
3bgA67,5
W0I5vr,6
LRvEiG,8
YjTSWX,6
y12hOU,5
U6j3nc,5
v2vFD6,4
WqeCPI,9
gUvGZM,7
24xUyU,11
ptwExq,8
hBJT9q,4
ETpzhV,5
q1bIDS,7
6c9mT3,3
54OCUV,7
fEKFMu,8
ayGmF0,3
czTXcm,3
z2yz5h,8
0p2B0D,8
CKJY4o,10
KJuNMz,6
eB0fa3,3
fS9dtc,4
M1VlAQ,7
Sh1ijd,1
LvjOc9,6
Ok41yJ,1
pw9ZQD,6
VAsqsy,2
5ojhGO,4
QirXNB,2
Ah0VqW,7
mrZYBm,4
ziLhBW,3
vcd12L,9
WpwhKP,8
lrtD89,10
sdvFRD,8
pT5jKl,9
TTB68y,11
zv15WO,13
vPyDbl,12
dIbMWC,12
3liPr8,11
T8Uvzi,10
ML2TT9,15
hb69bN,13
9AMRsI,16
jVWbQU,9
8ev5wK,10
e7FJmu,10
fTCnyc,9
OtYRP6,11
diMHCy,7
1XrlBZ,10
dqgSs7,10
Z6AeEw,9
VBYdHi,10
u0nEr0,9
6IY4Jp,7
NcOdkk,11
61RKDz,4
GylKyc,7
ouuUsW,4
HrNW93,8
K9BsqZ,3
BZSi1K,9
OICQ5U,8
W03sFw,3
SlEg2c,5
ZnPtX4,3
qx5Vbz,4
YX38fw,4
iW1DQn,8
PD0OY4,5
UXmlWV,10
djIALJ,4
XrkcdN,9
rwTjWP,2
RTw3G7,6
JeyBs4,5
pdBh32,1
YZGGQ3,4
bFm6ft,6
l9x8SQ,13
ZbfelC,10
eEnUIW,5
kbWh9L,5
5RTfHv,2
zWhgvi,2
PK0MjU,10
wEtaHd,13
j8SMDI,4
rtIBvw,4
XnS4xL,2
6JQ2w0,2
Qk4TFE,9
xRfzEK,10
gtcBcb,8
HQxMOk,2
z3ogj4,3
o5bp6t,13
PZKNZz,6
LTRI92,6
5NPvxy,9
4moZ8n,2
t7dQoa,9
xvtvxA,10
vOWbiK,8
CqBYyi,9
npjOOO,9
8YSfAM,9
ll4vPF,5
pXSYP3,2
hblyQm,12
JmMPM7,2
YC2I01,9
vnbiS3,7
mSSKZ3,8
uHW368,5
i9oYCF,6
R0qa2v,5
25kCvS,9
dVr9Mh,5
Z59wls,4
yXDvZF,4
iSX26c,12
vMka6H,5
cjjYIx,9
UYlRQq,7
yn2z4U,9
D6Lp2i,4
o0rEb2,4
zfKNYg,3
QGD9ju,12
eJvdCA,8
y3MvPh,3
wmNrr0,9
nixPKs,9
YtOF3o,4
p5M7XR,5
dwu8Ff,5
RxISK6,10
HdmIUg,12
hP2yrf,4
IIqfCG,2
8oOF4z,9
Wjrual,3
mI7Y8B,7
f2xOXW,8
3EQBce,3
hhVbxg,5
Qvjhcd,5
CxIn76,4
tE2hWx,5
AybGZE,12
rGgI61,10
tsEPsi,3
OKn0wI,7
4VeG8i,6
feNh6b,2
I9flmf,8
ZQb5I7,9
ABEEMY,11
dC9fyu,10
7d7AKJ,2
95lykG,3
GCkypJ,4
bKIoWQ,3
B3YQ1P,2
SSxvsI,5
LKHAjX,4
CQgM7v,3
l5qK3t,12
Qehs9W,2
dWZimJ,4
MO7mfT,8
0pjgJa,2
bnVrxs,5
XWcAsi,7
UBgMVV,4
9YCTDM,9
49E2Zp,14
PbfZkd,8
ZDbxLB,5
MBZB7O,11
XXtCkU,9
HZWP8Q,4
joAW10,7
UTj9vY,3
YCSjZJ,6
Szr5y6,13
ftAdKP,12
mayMrZ,8
vXYqNl,7
V2c6dh,5
zUu5b6,4
z7h061,5
XBJ0z5,8
GgG33N,8
yEVTvs,7
Rd4Gb1,1
MEEn34,5
aCl8w2,3
0dhvxx,5
SCUJhF,12
V2AWtW,2
dpz6xr,3
tawzIY,3
KwXgNd,9
f0lUdB,10
2JgT9n,4
1QsybF,9
i6xCgV,11
wvbB3R,10
KOnKuc,2
60ogVL,4
dmgudW,6
NK0ITy,2
vc1dRO,9
Puz2qk,4
zBgcBZ,5
KYrdRN,6
K9qOck,2
pGwvip,7
v0W9ga,7
wCHhDD,4
H9xV27,4
1hHkvi,3
HOfNSY,2
zKh23K,10
D3nUVW,9
NJCf6Q,12
yWKG2d,11
TEimCW,3
oUQ5GW,8
OQquvD,7
IzBYnU,5
ib3GiC,6
UvmFoH,4
RdoH6O,11
cTTVfM,2
Xqie2t,10
f8INv2,8
YB6Ynx,4
obIyz8,4
acaNQT,8
v0FBJw,5
YGlgig,3
F6eFwE,7
ZWcgwV,6
L0Zkos,5
3n0afI,3
XB9iI9,9
ikamPB,5
PQSc1k,11
ExxngG,9
JaOo3k,5
nxJ94A,2
H3Jud0,9
eThZRW,6
F6VmgN,3
j9yudC,4
eYRMEu,5
k2CAzP,3
9Mwyk3,11
09w7Kf,5
b55Efs,6
HJ2GWR,8
py544K,6
0zxWmL,3
9PsYtc,3
exLCFU,3
QdIRao,3
0QJ86j,2
ungG1m,9
2UszDG,11
s5LSal,9
MehEUa,1
wxfeqe,13
lTvdur,5
bm5UzZ,6
6AA5xh,4
9CERWx,5
Mcsj2p,6
viLMHR,11
gwgkxm,2
86JgA5,9
MKqDv9,2
XIhZvO,12
ELShUN,4
TFQTlV,6
cvYDvW,2
lEfbqc,4
zroIrQ,4
LL2Zgx,7
z0yP02,4
OmnZMw,9
23EN9Q,10
UjvfBb,5
DpFK5z,13
RCVMq4,10
zEopSD,3
rOLVH3,5
QPmkas,1
oLbvuV,6
loqSZu,1
KCbueX,5
GrG37z,6
XOWqL2,10
Cw6VCV,3
WkuzLR,5
wijmn5,3
DBl9zM,12
9GjiGK,9
Kn4uEu,11
Bv8v9v,11
5Yzdup,11
BILGfM,2
RZpiPo,5
ht3e0A,13
Sl1T7V,7
B0K1P4,3
tu58tq,3
vYfQEn,11
7vemG4,5
9cGhhu,6
HrWiA5,9
lKjWa8,13
pte7mU,10
9euoSM,8
c4zabv,8
EWGRAO,9
OJ60BM,7
rf7kG0,10
pyP9P5,12
PqTtzW,7
ZWpO5L,13
hp1PM8,10
GMgrko,9
Buq6B0,10
K4Pk0q,9
b2E7yW,11
hXPGEB,10
OW2ohY,7
NejmQL,7
TG0VYg,8
GQh1gN,12
HBcNc4,9
svPxrV,8
BfwzvP,11
PF8n1g,9
5hCLUt,7
beqT2k,9
7hnCVc,13
6A4dF7,10
v6QC9h,14
2OG00M,9
SsAqs8,5
zl9mLv,11
QfTAuY,9
eg8M7L,2
JFXAvY,8
URcjrA,10
iaCJBk,6
MshLtl,4
CvoDmm,2
u45JaP,13
EeKlbo,11
ozsiw6,4
Ln8IEW,9
EEj4uL,10
HRR7aN,8
oLvPEK,6
er2p3e,7
fNRX9o,13
2hNse2,6
QRIXC7,5
HGj9sR,6
Kc9fMM,7
BKRBLB,8
2O5HcI,11
bR5FZX,2
ZaTNaL,5
TQ4fGW,4
E52HBK,9
OKIuRH,8
9d9aLg,3
so4P40,8
trXl1A,10
CNauTR,3
Tg8VxE,7
Am6WBM,6
m8jqXq,10
RANwbf,8
vfGLuP,2
g2flQz,5
auId3f,5
KgR9YB,9
VxO4Mb,7
zNqwZ0,6
xfrYpC,10
BGrLva,7
h9LHPt,4
7MTUQD,4
ZXOlfk,4
AucppG,10
qM8Y2O,4
6GCYPU,4
gmSuBf,5
PRK54g,11
uDQnxE,2
6K9qf3,12
Z8CusA,4
t5JYkg,2
8jAd0P,6
d2CZkG,4
raBgap,2
KaRwyl,4
C8FaHI,2
sqqvIK,4
pvkByd,1
IC8Sep,8
0GDP9V,8
PdoN9t,6
QlZgW3,9
GCySub,8
CuWqwE,11
wyAgx0,13
xwYBdK,12
aBZsiC,3
KMGrTf,7
hCcx7T,5
4Q69Cp,9
Rhx6ky,8
gFYRv4,10
XL6ujq,7
TTYDBm,7
U0VWRs,8
IzzRSF,12
bNjTRr,11
xYDjqz,7
8nw4eD,7
f3K1zV,10
DdCFiJ,3
YGRFRs,2
10QSMc,2
3v8nys,7
ndNM6p,3
dN3MbR,11
qzmiai,11
nJhWvM,10
vzg1b1,13
olu3EX,5
Ml6iRl,6
6XPGjd,2
WEPxix,11
FkYdAP,4
YU28AB,3
t8z8w0,8
JEYR0v,7
DBsrwj,10
9tGv1X,9
5H6JcV,4
p3JHGh,5
LF5a9y,9
zS1Rr0,7
O8Ig2T,2
i7JoGV,3
xARFTh,4
clx7O5,5
aPIpgB,8
Qy3jAd,9
TjAPH8,2
iXb6tq,11
Mv5Xao,10
PpCvR8,4
7cguac,8
JaO2VT,10
Rpyitd,8
Fb2SJ2,5
e2pPRO,13
Sr8zxa,6
cLlTUu,6
EAGguD,9
BE5ZcX,9
m2lMN0,10
PluvFz,10
Tb4kL0,6
0bCMWO,9
nRsVjX,2
fGrxja,12
xOJ0GU,8
toZ5tK,7
l5ECOG,12
sm5ou8,5
Ml3F2I,11
JLs0nW,3
eHNgBt,4
ncN33A,3
ty4MRN,3
OaZzPa,13
tEWHUO,7
idcXlN,2
6gHR2H,2
36EYS6,5
cfaU26,3
l5ATMc,12
Lupd2B,10
dp4CjA,3
ixcS8O,8
IXBbU5,13
COK2PG,8
UdcmzI,2
8SINa4,4
HeJRpk,3
gJ1hfM,5
8AKTrt,4
IvEoYo,1
XB0O9h,4
DKkqwd,9
KSsv9S,3
fqd5a4,12
3Zechj,6
PFdMGP,8
jG2ORQ,9
LsU1na,7
K1N7rl,2
GytKIF,11
QYqhwW,1
xEKSQr,9
ARJmNd,2
Gfdnur,8
NFlCqR,9
RJ2oRn,5
ZRixfz,4
gYuFiO,5
kato8n,12
P21fsB,9
QYLdvp,4
jDQapT,7
73QKuZ,4
c0ih3u,10
Zdduuy,2
2fBkKC,3
hbzFtg,3
S21O1L,3
ZZeWrl,4
Wry0Uq,6
u0MgIG,7
u1kosx,7
tsu2V0,10
UVxeuF,5
raQ3Nq,12
LCKOkt,10
rfNsEB,3
9BtC98,4
bILIxV,3
9Lbzgz,3
YcZ0Qt,4
tfbGSP,2
cNKDvN,4
vKPeug,4
uinGUX,4
0rARM6,9
cfZrrH,8
G7oPet,3
UqCbEO,7
Rv7rdN,7
v8YPMV,11
xaEsfb,12
7K4lSw,4
i6HtdT,11
NLXmcY,10
lMOTU6,9
5aNjPq,7
GjL7a8,11
Cce6WP,2
Pze47X,3
YRplqN,5
5IC5Cz,3
DwgRBA,4
MjHJGv,5
TLxRmS,10
3l9l7d,15
UD7omF,13
jPtqZ7,5
SYE2d0,11
CAmcLZ,8
WDFvCz,8
W91hX9,8
1XUwmp,2
49hWNo,6
suKL6D,15
RI7vaD,2
8TabgQ,7
FqkqFz,14
WDvhBe,7
TAXKCZ,9
hfujpc,6
z90LUa,7
8zbjCG,7
R8levu,7
ZAwCeW,2
phwOp2,6
uFpw0L,5
Ic8glj,7
1lFuSk,8
PYtbq1,8
AwWqyV,6
Hlhpcj,3
jjLR04,8
qddOx7,14
iOj1WK,3
fxBjN4,10
Swn7Wm,5
YGnreW,7
7zuuBL,5
7Uom2O,8
bQJJno,10
PESZaH,3
HnorEf,7
bP6fiu,8
fIWmzr,6
EEPMv4,9
r8R2vf,11
XE0puo,12
HtG3Ci,2
mRi6u9,7
4iXzNE,2
v8ykVY,3
AJQGoN,2
P35qK4,6
3lWtA9,2
SBwbiZ,10
E6xHxJ,3
E3dAke,7
C64LNA,2
qcNrsi,4
eDqNmY,4
tpPojD,6
hd7A2m,4
jpW8II,11
AyEFTe,5
felrTK,2
Xd4Cgb,3
gDVdCt,9
ISuSr3,9
li0JXf,7
kVX5Uh,11
60TtB7,9
zyLxQY,12
iS12t1,7
FflRku,12
NBBaSW,7
1wbMOw,9
dNY3B0,12
GCpJtm,10
KQgGUw,13
2eXqKC,9
Zk42fi,9
nH0gKt,10
VKNyny,12
lN2Blq,11
MeVekJ,14
Uq1Uch,9
ebOfsP,13
gu67hV,15
24iKT3,13
inmjCR,10
I9X4BZ,9
4wBDLS,13
kS6gfJ,11
A6lWYO,11
lpsZ1N,12
UvSSut,10
Ac6xzF,11
NyMtTK,6
wrJ9Kf,14
xtuGiU,12
A7qwjK,11
U2Ipw8,10
XcvuWJ,9
Dtu3x0,11
If0EZC,6
1R7oeP,3
izVnUU,6
xwKs4E,3
AolL8G,5
Rvg0xC,6
8vCsff,6
ZtJsDG,4
O8zIM0,9
HHqyqc,3
DguQ41,4
q5MKQ1,8
QqQKCz,12
u1x0c7,6
Bn1xHZ,12
GSxx8q,8
Pri6Xt,8
LPhlfJ,2
BH1MSU,7
JY4UwG,11
ggjBSF,12
a782Fb,9
oSCxRK,6
SBedoL,6
ntnGId,8
jk26dJ,3
SVdXDf,3
5hTao4,11
DInAv1,8
BJcARW,9
uL3eyj,4
7xOVxq,4
0nrgXz,5
W11sqN,2
uF0fIK,12
54Vkk8,3
zNKhtf,11
FfQKCM,5
zgF7Jz,7
9W1Kt9,4
dihuMU,10
UuUNep,6
0hP9mF,10
yR23CV,3
UwqgPH,11
Ua18RY,3
v1Dx6z,10
OM0Rox,6
nqoJA7,7
ukZqoY,5
VvE1iO,10
9hXOPn,8
nFDj1X,6
xSwM1C,6
73iB19,4
hjnh9J,14
4IRBoM,5
90p5gS,7
2WeDvo,14
GYo1XE,9
6C61LI,4
UDlnAs,3
cqtDo2,5
iP8HAf,8
5cVmsF,10
eIZFlc,6
p5tPYx,4
Qqb8Hz,3
H99mGR,3
8kpquE,6
CEX1g1,3
tm6mTe,11
w9ufuS,5
VmcVLL,3
kYpFrX,6
bCDZkA,4
jdQAWx,9
RU41bR,8
7CbOib,3
WUR24J,7
zM901c,2
mFGHn3,3
RfLCAR,11
6wkS8Z,1
wwMtaz,10
yLdl0x,3
EJAqPZ,5
QDfkQ2,2
HBofdm,12
hVreGh,3
vGBC3e,9
NvWbZ0,12
JIeX0Z,8
c2JPvG,13
lw86Wt,10
zEvUmy,4
FfcW7m,7
F1U4e9,2
rnHSIc,1
danZbN,7
nKI6pU,8
EIGn2T,3
upzYSf,4
h4ySae,2
WY67kY,11
N76A79,12
3C9VcB,7
zY9B3n,3
4RRGsb,7
6BqNKH,3
GtM2rB,5
D95haA,10
HgU9LL,10
DOqka0,16
YTsq5H,6
Bu5dkT,7
S5qgzQ,4
ZoJcQ1,10
XsWlxv,4
9P03Jr,5
HHG2qd,9
TkvryF,9
huf60i,2
cKMlr5,8
JKQWfL,6
eS7AFz,3
Zumwaz,3
UJkFtz,3
MKkUnq,6
dNxjGh,12
Sx1xmN,4
yNwy1P,11
Zgd9qI,6
piVbat,5
GHpqdh,6
xOEpkt,3
8zdaA7,11
WNs7Js,5
RWkOBe,8
GdQ145,15
sGicN0,2
kUUZCV,9
Kc2qce,5
otTm36,9
H4u5Cz,6
qTfs4v,3
pWfKPo,3
GuqPyp,3
E1B4q8,6
f5eabt,4
dvC4qe,2
Y9OgGW,3
SRHl9M,11
Wh4WVi,12
hEHZA5,9
91O77c,8
EvW4wZ,3
YbrAzg,8
bY5QlC,10
H1GvcM,8
yrjO1l,12
AWitVs,4
ed8y9x,7
4ablJW,3
CWNpCI,5
RUZOQf,10
3EE2SQ,5
t4NlqC,12
we9PpJ,2
Eomjsw,5
2J2eC7,10
toNbQr,10
xd91OW,4
Y0DyM4,3
z3kPUG,3
Kkbhf4,14
BY6VhM,5
ZcBO07,4
SzenJ0,6
SdGpp4,2
bq3K3z,4
RoGvOB,14
J3WRwN,12
CAWhNq,11
vJxSUE,3
QnzpAG,3
mcSYre,11
PiF03r,8
fcNIwx,3
DYz9kj,14
yAFeLM,2
wirHXq,2
wONfgX,8
3vwlD5,11
XKAhmA,3
ger9O9,5
dpojZs,3
Uzx06I,3
Ukf3rU,9
BT4xUw,3
IT8pWg,7
fZELsU,2
bmOZfd,2
Xq5L6G,4
WCFwqF,3
RojYX8,12
3SIG13,8
9cfP1t,3
askIQd,13
Ch3XFi,8
MhFzsk,8
pJ59tS,2
kzIvTt,7
OAFOs0,4
otTbRn,11
rtRkNa,6
7fW3wJ,9
aiP71X,4
XUcfzd,6
ETbZ0a,3
EZwtwQ,3
KUIsUG,4
t430ki,5
1DufcQ,8
XAoJOH,3
TrLNZV,9
aNrCsI,3
RHfIcL,10
jikzBz,2
NEj5cX,1
Yd8yzQ,1
PxrI2C,5
N09Mfm,5
Mp7aHX,3
R65h7g,8
M1MjaW,14
7gHBic,10
68GJ6x,7
eX47CQ,4
vYXxle,3
fF8E0I,7
O3Mbdd,4
4NtV43,10
c3UbhA,8
A7iV9W,13
Ks9vSU,12
9RGyez,3
bqVNE3,3
CyLlVC,5
YhYvmO,4
dL6uCD,4
jvbQb7,7
fOPbNu,11
5eQGVR,9
64Repe,12
EquxBk,7
N0g7ZW,4
SVxAro,7
8cYIkN,0
wQs0k3,2
ZLar5T,6
866MIp,2
YU8wxg,6
evR20B,1
yAQ1nK,12
FrT8Fn,2
CLp7VE,8
eD5xT0,10
Zpaozn,7
zpbreI,10
cr640Q,11
Jfob8I,6
YWIQIf,6
Hv3akF,8
VrJyz2,10
KDBfKu,4
3e9jhw,4
Fi3jIQ,6
9nBxi6,2
MVTEj6,11
eTrnOe,3
iolv7U,7
gkSToy,8
kVPWYF,6
xJtFAi,11
8A5JR8,2
zV1gX0,11
vBW9Iz,11
2T2wIy,4
NYubDl,2
YMbD4D,4
vS7k1f,4
cuqVKs,14
h2cXOd,8
QpZZqv,8
T3n2dw,5
teDid1,2
926hla,11
OXQo5x,4
sZumjR,4
gKR7CJ,3
iTRP5t,4
qeCnSC,9
a1gZig,11
HqWnNz,9
niIi52,10
vV0VZ6,10
fxAsO6,10
dOgczw,10
nwhYoV,11
u6n5vK,13
IZKvit,10
IUrLWz,9
Trjn4V,12
1vl6Ep,11
3z9AV5,11
Gumnoe,10
F7tp1N,7
zG46s8,13
RQIWcn,9
RrZfTX,12
AQ1OSz,11
4ZbyUn,14
RGFYrD,9
HKEDbM,9
4g6kH4,10
gn5f0X,11
sLUkmX,7
FnCSpi,9
MJLgxW,13
0eUJdK,11
diLPne,9
SjFXcD,10
aQjEJd,3
N7I8SY,7
Gm3W9b,4
UNRj1Y,10
UcOIum,7
5IUhyW,9
WUTKN8,3
0jV19m,3
4Kh15g,11
69aoDg,2
FpDFdP,8
f4OLy8,10
qbecrp,4
DTlQjE,8
PsCqot,9
yNj6vz,12
vsLuez,10
0dEvpp,9
ighHRO,3
nx8Euo,2
B0T7ZS,8
GzDCuf,8
U7YPpg,9
cBwllb,2
kmiZX4,2
idZe7w,2
6Zgjmk,11
yKGbhb,3
O0x14Y,5
gN1PUI,5
no4GJy,4
iaEe8g,10
Z5hpCD,5
wVXQh1,11
E8tww9,9
aTi1JG,2
em7AKe,8
KOkX91,3
EATSrR,7
B8fWxe,3
10c4bf,12
E8FlQ7,7
rmc8yw,12
qHqt0R,4
XmJJJK,3
exQ0Kf,2
9zdzkI,9
7TwSnV,12
FmF4Mh,11
qDwP0n,1
xYE3Cl,5
fgJyt9,1
jW6EId,2
HBj8H9,3
YuoE1H,2
5EdOzR,12
E6DQmJ,12
ka2i3z,4
eQ64NV,13
pVgJIn,2
KpiIS7,2
qpiEOF,5
ks270T,2
rCJyUd,2
OxtN7u,7
6JDJwp,3
BMsXXn,3
7cjIUM,9
ubSfbI,13
U8DCRk,11
U0I5iV,5
1zi47D,6
FsrP64,9
Xkhhbr,15
CBH7w0,13
8qWzHd,4
T3zD8s,3
pEJpg5,5
DaHK1Y,9
uffIoY,2
gTMhDA,8
cVL4p0,2
IuUbsV,6
XYNeF6,12
6DSLK7,4
rlXVck,4
vv8Nbl,2
cDMaJY,6
ZXFtKg,4
SK7PKu,1
BjZugH,7
oJzE1p,7
jM7P4w,5
Um6WDG,12
NBM1bW,3
AwJLAF,7
SfHl0D,2
O0ZrBa,5
r53FFj,11
lRHJ63,7
GZ8G1A,4
7KCQHF,5
gE1E2n,4
wMxKXl,4
teHEXY,4
UsACAD,12
Ljl3K7,9
kWoStB,5
qf5EM4,7
RRJ7uA,5
hb2TsW,10
UT1aUw,2
0yW3im,2
l1WsYY,7
UlgXS6,7
sbAJlV,4
XrnKOb,10
XXaDJV,10
GNVcYG,4
kJNcJT,8
0LJ7Jc,7
HORgSJ,4
d2b7OJ,2
HE6iVs,5
EPMbi5,8
hXOxTs,9
vSoNrU,7
dRdaPI,16
1LaP7Y,1
LMsWx8,3
tQFRmV,2
oaGGB0,9
4C3Uh4,2
WktQlA,7
E6wMve,12
xP8fHT,3
fm4Avz,3
dXYe49,9
P9MtKh,4
k6Yv3l,4
mywCrQ,4
z1omll,5
TJldxG,9
sKwVdf,4
ByGwWD,10
kl4JMX,8
yusgTp,7
aDt1vj,6
osmaQr,9
vIzEiH,5
iJ8TD8,3
NcuJJB,5
UcohRD,3
YN8DJW,3
6e5qa1,2
B00ByC,4
bbzHAr,7
6kdEua,3
HI7YqH,15
5uueEz,3
6YxIaN,10
GBLCX7,6
s0r7ae,4
MJWuGN,7
4gGtTL,6
rFbQ4w,8
ZetlO5,8
hURwGD,7
tKVyfB,4
hyqeEx,7
s0MIci,10
1wWqpI,10
yCcsyX,3
mU7idL,3
07j9L5,3
d6CCol,8
BsujGM,6
z4Cvnb,3
PkuRTC,13
KyiqCQ,12
pGFBTI,3
PHXaOw,3
R2WLnT,8
BXnuFr,4
mSgRWn,2
qOa4LQ,15
ZYk4IS,11
r8hYpc,3
LAzJyL,1
UYUx5L,6
K4Kul5,4
6rxEhQ,9
wGOwy4,5
ramwkQ,6
Hq5WO3,5
mPxyUq,11
5IHbR2,2
Y2GWov,9
9L5TBX,9
T6uAKR,7
m9GKys,7
8Tc1W7,6
Jv6638,3
GP4FJ1,10
Aar38p,6
EDjwK8,4
NNp5bi,5
rEPATA,4
2RbaQd,4
U09sHJ,11
xzafuh,4
pD55E5,10
2Zjvag,9
jqvgAc,7
sLN59P,3
ATBRL9,8
Guax4F,8
RRj3VA,4
0ssmQ4,5
Hg0SgT,10
lJvnZu,5
AMn64w,5
8fx0GI,6
WnvU8J,11
ptLaj3,5
4uadxE,4
jBQlTc,7
3QRzbv,4
zPPhOX,2
pn8K9m,7
Onn9FB,3
Kr6ZJ5,5
Vmtgxw,2
1j8Lz2,9
NnURx7,7
LqoNRd,11
RPqNcF,10
G7OZjg,6
38aVKs,10
cxI9D6,9
xmhGbR,13
jzBJHZ,5
L8X1Tj,4
CPaUl4,7
w75ivF,8
llka8j,11
7CkovV,5
4Bp3tv,2
GHIeYY,3
05xssz,8
UuTCb6,3
8CpwTr,10
QvByDz,6
9u4D3v,6
Je02Yf,11
5hptxU,4
2nXbZM,6
zF5p0b,7
atITrl,3
66UiSv,5
uocqUy,9
6WQ4NI,4
kyhNQX,8
q0BM7r,4
RC1PhO,10
5tLZb6,6
uHtSK6,8
nEwY2e,10
cRMcYE,3
IBhLMV,6
ZKvq23,9
CXHIjd,1
DOOPip,1
BDdWwH,10
SxmeoU,10
NsuxqY,2
L4tydb,8
OtsTew,7
Bnh8IE,14
xKhXyt,3
8rEXAp,8
1F7Rsi,6
AzYBTU,9
FwGwcd,2
b6Xe62,6
xE6vjN,2
6k7QjX,9
ByZHZK,11
bWpwnn,13
ELDoh5,4
vGaX1o,5
AdksbI,2
zcclzN,3
4LUX8B,3
t98F3f,2
UH6GyT,13
CUfPkH,7
nCa721,2
LgymkW,10
emMgFi,13
QJ5Uuz,8
SzBFzs,9
jLUPIJ,3
yw3Wip,13
ztoiks,11
4IDHEk,10
ncHV4m,11
5Ekbq5,13
38dOEV,7
jYxpz6,8
azlT3W,9
aQjpHc,11
nvn1AX,9
PccPRq,11
kxrPIU,10
kFzINf,12
PA5Cu0,12
QsG4gu,12
jTC9DP,8
oItbrb,14
VPVmcK,13
IRzYLO,19
kL4hb6,10
d5ahdt,11
9RdPE8,11
emM6Ej,8
cxQDO5,12
29913X,7
X0Mz0R,10
7SO7N5,10
oMNxb0,7
WG8K2u,5
NR5ivZ,10
p1XVOA,7
wxYwdI,11
l7h5zp,10
rlJbWB,16
spBXRD,4
cASXLL,9
FjgGhL,9
hcC1Eq,5
RAaVHd,7
vzimGt,10
zqHYPt,2
b9o6C9,2
10BON7,3
7NDpfA,10
MMrTa7,8
MQLGbG,4
vwXPXt,2
WMpNAy,11
luSWei,2
Midwdr,6
d4lkVL,10
2JT8Q1,13
kwHzDm,14
Gepcd0,5
sTwxj9,5
TUWPEF,13
joZUpp,3
cO2byd,2
JfZNWk,11
eWL7OG,10
LJDa7v,5
40w82c,10
2kSwu0,11
4N51DR,2
1frK9I,5
Uv5wpa,4
PtFBYh,7
l7tNS6,14
5Ee8lp,3
tbCt5Y,2
qTUwLj,12
8U3Qs6,6
iaofzs,3
AYxKRn,3
sr82gP,13
Vl6Qrc,3
0v2kH2,6
149csT,11
b6P7rk,8
NTcmwM,5
ghBfV8,4
cQJbE4,11
djpKhG,7
noYAeZ,6
D3Wi9f,9
eK8jBA,3
eNzpr3,3
4XNwIZ,5
henfSK,4
MPyCvX,3
Pyxr20,8
L0t4L4,2
MxS9OJ,9
ZuVV5J,2
oxe2kj,6
fJgVaY,14
ifoJ3P,7
NbH16S,2
PA9pSX,1
qm13yr,2
tdl1Ql,6
uyiTUh,1
Zlntho,4
wcKHHd,8
jYb8fF,13
QkfBZj,10
TnmJNO,10
tXTqBb,12
EVbc6h,5
tEVfe6,10
v51Ye0,2
fuf7d9,11
BXQzM9,10
DNotJJ,13
3Anu2d,4
iNjbSv,6
6g5T4W,3
Aj4kP0,9
YDWjfs,2
ZeXqe8,3
10kkou,13
uFNRiJ,3
WXqntA,16
PW69Mr,6
CUQr2n,5
gzP7uM,10
AAxB86,8
w1eqNd,3
Fi46i1,10
oA6PJi,7
Pt9Ov9,2
r5J16Z,6
HnkgtF,4
uIATUi,8
czvpmD,6
EDyPw3,2
Mk1ybm,9
JEGFr1,8
RmdNLK,6
eJU0nP,12
mcNwPd,3
2o9Pgy,1
VRuxIO,3
Aknr6M,8
RrWegs,12
gdNWaF,6
jogD3u,2
qN9459,5
YBipu8,7
HeRvik,11
Brtf29,8
pMaRcz,13
4nf6ib,4
bEPoSc,8
DZAE9D,9
HPIY4D,14
EdxhjU,13
yq77SH,10
KM32XK,4
KONJLJ,9
7RSn4H,3
JTz3W7,6
NdABiq,5
gaGvWw,10
lAP9cz,4
OZFpKZ,4
NbihOe,4
pi9qQk,5
1duELT,0
ngkME9,3
CpzQJu,11
tlFXxo,9
RmvkVN,3
lNEixP,9
mfc0y8,6
ZzYxAm,7
ACYdWG,2
IReSvi,6
qjYykC,13
XuId0S,12
0drKVI,6
AwwdBU,3
VFPUvy,3
p73uEh,4
H5Qxks,6
hED6U8,5
ZnUYTw,3
RpZsdV,12
eU4Gkn,5
hu5DPq,6
EkCSqF,4
7TvIvf,5
uXEHFj,8
muno3q,5
olbjXn,2
qDKDuQ,3
AMgDG4,1
b5ULQl,5
obrfLy,8
btN283,3
ZyMCLM,6
a5YeVb,5
lbnuyy,8
0OGYqD,4
nc1L6g,10
AZibBl,6
qI5dOb,10
SRFNo8,4
NLBu7F,5
bjctlm,8
yp5CE8,9
x3Nfym,3
WqdSFH,5
267Cti,11
ksp8dN,7
nZHx37,10
YvjCeM,4
T41daN,7
L1CBFG,12
HNluLz,7
4o2K1b,7
MP2m7P,7
gPOrHd,6
nc2HVr,10
RQUYNx,3
ChuAqZ,7
4J93Bl,2
V1Q2kd,4
TNycEa,15
OtzDCc,12
oyp7Xc,7
i8WDOY,3
bRsgnD,8
Q7nwC1,10
18tr0b,5
1RCIRD,9
6im8r5,4
4pP2PG,4
w3NbIR,5
sGuQI8,3
dYww9t,11
TcC2Oj,3
cJ8mKa,8
Z1eM6j,9
iVSZhl,8
nos5ce,4
EssfTM,3
IedwOW,7
SCSkUL,9
sU2ldG,13
oBxcCo,4
AnOuwp,5
A8gjbF,3
FTRNAC,4
zG4fBj,12
DGn8G8,10
bp6Ena,5
WnHmSV,4
bUbpSv,4
VK97ao,8
8kwnvk,5
WCp4IU,11
P79Fhe,5
ghmP7i,3
pP1LEA,12
8txUu4,3
6y7j5b,6
MgOSPa,6
RzNOk3,2
HxJ55m,11
gAezjC,8
Bubazl,6
JdwYWD,5
LCsVvy,5
PMLcrK,8
C5uMGw,11
F8bGoL,3
Y3K4za,3
UfgyDF,4
lRCahR,8
OOp2nu,4
vSxDwU,4
0rHlez,5
YlkC61,2
LtDbog,2
Zs67jg,6
FdE2PV,3
tLsSpK,5
YXGMQH,13
VsOL7v,9
P7DFYp,2
MIYriS,8
mVqAYd,10
wbMHyN,5
YwJXvS,5
gyHCau,2
HuTupp,2
b6EbPt,3
FXhjjJ,10
POcPvk,14
pHZoXK,2
pWO3cJ,4
IkVDF9,3
el5Cxj,0
TjciIU,2
tZbkF1,3
bSpkE9,4
f2EVwG,6
0tLmcE,4
zLtlzT,4
yY31wC,11
MmCw3l,3
kW90Ku,1
4kILER,3
rs0JvW,4
XmgLZX,8
9VYv93,4
NJpcgz,5
9LEdUu,7
o7MhMT,7
aS1oiz,9
mPkYFc,8
GWv6VM,3
qfJQvZ,4
P7B65c,3
9vzybN,3
K72ERv,12
d7xpMj,5
OvP6zJ,7
53HjTY,3
6U3O5Z,5
KqeNZP,8
GhIUZQ,10
6RO7qW,10
fwzKS0,7
M9xD6t,6
WHaEOM,12
gDMbjS,8
1c9FGg,12
l4kyMi,7
RtqzCA,10
gO1NYd,14
MoOOly,12
o6HFf0,7
h31OZc,9
2crq6E,9
JgTcmO,11
f9q6Vl,5
xXeES8,8
rNXSBY,8
xdtDsQ,7
ngtRKq,9
7Yiqhi,10
TZCExF,13
c3BrJX,11
YuV8rp,11
jMqvg6,7
ZREFor,9
yF6GYx,9
DPD5LS,10
CHzRfY,10
ip2hiU,12
DHPrS9,11
MqYaeR,11
2QT3Ib,9
bJKjTs,7
gRvSxS,4
qntpNd,9
TrapFF,11
Pa72kb,4
TC2gVY,8
OEjOzH,3
GdPpEE,6
3fqdg0,12
IoqBaI,8
A7N7Sl,7
aZ5lyQ,9
3t9fH8,9
BPxsmB,10
0GvHwG,2
c44NSQ,5
JfyP4q,11
RJL46s,7
bwByE4,11
NvsU24,4
TYH7S3,4
0vJTWp,10
1LHcEG,5
8k8iBm,12
bo5V5m,8
flNbRu,2
sjWeli,5
bhHmKY,6
4VxgzR,5
9KRMLh,4
AOSTo7,5
buDnsA,4
WDdrun,10
yoEQRX,5
E0mPje,2
UN8IJh,3
F7coq2,8
i4UDum,9
aJCYYM,9
xcbDeB,10
Cz2Piq,10
XCal9V,3
tAZ37W,6
SnsyTZ,6
krFNBl,3
1q43GD,5
QoYnta,7
3spppl,7
BZOZdr,10
m2bTQ3,12
VFICBB,11
4bFupT,7
rter0I,13
IMm4uG,3
V2DAyQ,1
EULmUW,6
5KwMcb,7
IHHeLU,9
CJzp9H,4
nz7I33,1
kIkB5t,2
r663nQ,2
JSWbfC,9
mYDiJD,10
HnfRNJ,13
Z7jAbZ,9
g52ngY,3
PAhqBD,5
V8D6kA,2
hcjoLR,9
N8pgg7,9
s18pfR,4
9AFLv2,6
6nHzlT,11
jQGVUW,11
mewn9z,3
LoY0ZS,8
eFhQeQ,4
jaGDn3,11
WULd5U,5
oxxR9I,4
PN2mVP,7
RHkal3,3
RnJQXa,11
RGacQa,6
lraa6Q,3
0Crxgt,6
eMWLpx,11
Nw1BQU,9
4cX9Ks,7
AZkSEl,3
orQkyt,3
VmQD8E,4
PLXYmN,10
LXMZ0p,5
6JZShr,5
lqKJqr,4
AeydYj,4
sD8mRX,8
lwXQbZ,2
ndnxpJ,5
KKvX3k,1
QRIrSU,8
HFSnmz,9
g6Vd8F,8
XALQWP,3
ZlIa1t,8
oU0jgk,3
HbEDC9,11
sbzctB,5
gFwUYg,6
LbQK9W,11
Rvd9hZ,5
w1JqGY,2
zujPTE,9
2OKUBW,4
xdoEq0,3
US4PB4,10
jjAYGA,5
22x4vI,9
BgWuPm,11
dzZZB5,6
LCjp8e,3
PMqPgH,13
aqm5AN,6
xXZgYc,4
fe9e4K,6
5OyJ7b,2
dRtkPW,4
0Wb5Zg,5
kE3VfT,5
tmpbP1,2
7lkWdD,9
h1SmLl,9
Cn6FAu,4
lPpbQg,4
HYvG1m,3
Prp9lg,4
w7Dkob,4
mJ7sCa,11
k7zC2u,4
Hz7FhO,3
nFZnB9,4
pTFYqw,13
qfj62i,4
QIRkx5,5
HSV6pj,4
rfirAl,5
zip3kL,11
TIB5aF,8
ZL4B74,11
GIP0zG,9
UEkKqd,9
RN7UWb,6
NtApRf,4
ucsjPe,6
Q5mWxW,7
Eh7BPr,14
pMhl7a,12
QqyUZ3,12
syaRxU,11
BXTraB,3
6sWuUg,6
7CRkt1,7
eOM9HO,2
bzDXFX,13
qEJ4za,7
nOC2ia,11
YXgWYS,6
lKXwwX,10
yZE7Lc,4
g3VR2c,10
f7TuNs,5
CWWZV0,9
zSpewm,8
be1TDR,3
XpxrYd,2
lqLUQh,3
zchQZG,9
sy5UrN,3
B9a1vV,11
bcDAh9,4
onEYlr,5
S7Lvi6,2
Hi2EJw,4
Q4o1vL,10
uMQNax,6
elYAvk,11
DbDmFE,3
SngwlX,12
nFyoCz,11
3TZARJ,10
TOeLtz,9
WFJAje,10
KlFWKu,2
gwJ8yu,4
CKGQnm,5
q5apgp,3
xszhhC,3
as5wvH,1
gT7jun,1
xxLXg9,8
bjlMKx,9
7F902H,5
3BADYf,2
izg54X,6
rTU0Ec,5
kkVIGU,10
fgpnQT,7
x4424z,2
cDNEn0,10
3xfnm0,3
2JxnN4,6
HsaihT,6
6Zj5RS,8
11jSbv,2
oO41Ca,2
HgCALf,6
vI3gj7,6
Zp7gof,6
BdLEoj,10
KShIwx,5
Ao8dqI,2
6n6Nnn,8
4gYXBf,7
aAkYvD,11
LsZ1Wc,4
1b0I8F,14
K57PEE,6
xWWal7,4
fIoCGv,10
n0xUax,13
zfSxcK,7
kNNwjv,5
IoUn8d,4
TSD3Tx,6
5sJLak,10
c0YVX3,3
qRK1Xm,8
CpVIfb,7
HWxd8O,7
mHJdXV,6
HXcCCc,4
5VuDoo,2
LrvuvK,5
2Vv7mX,7
kDhU31,6
FJ9Yhf,2
yVMncb,12
JTId1x,12
z4p3ru,9
fiXCKW,7
zHtiTh,3
L2r918,6
6lH76K,6
RxTOy4,3
Iyd4v1,7
eWBQ0I,4
JpIR3h,11
K5xC4x,4
HTahjb,9
4m5WJf,14
ITdrPQ,3
I5wGwD,3
AgoUa3,3
00GGp0,4
a3I7Jc,13
5rO4hC,9
TqqQDK,8
kSuNn6,11
WLjucZ,6
izVVKP,8
VlYWZ8,3
avkPoM,11
z26Six,3
Mkf3lz,8
kADbwa,5
lbdsla,2
BogKPb,9
MO62mN,3
Uyz3Di,4
nmeYGJ,3
Ud46T2,4
X9lp7E,10
ftAvd4,6
kFxzMC,8
XfM5MH,14
kRsxX5,12
D0YgJw,12
OCFm6T,9
TYMhYY,10
A2lgbs,11
fx7qYf,9
NYOTpL,9
g8BL2X,8
wWvADU,8
fW1SRr,11
Ha8vxz,8
eAjiFc,8
E7AT3Y,10
qqQDNh,9
xFxwta,13
npjZ5g,12
gWOo2L,9
1BBtpw,8
PITKP8,9
gv3Md2,9
CbJFcK,14
3izwFU,8
jkpX5M,14
IliU4w,9
sOHrH1,8
vV9X3W,7
TlIJT4,10
zkhtIg,10
QgyCvC,11
M9lWYu,14
xzks6h,11
SXLRiy,6
B6W1Qk,9
KQdHNE,11
lNsgOQ,13
vwd97e,5
lFgKCX,4
Cpcq2m,3
NU0CKv,9
BNDQnT,9
7HMKXH,7
pyMfeL,6
rK7EdI,10
BluN1u,3
CTpvDJ,2
W8NL1h,3
mXSnMH,15
xzJuge,4
isD0iN,6
cgo7Qm,6
42FNZl,9
K5FJrU,3
lRwMEI,4
pzby71,6
sqt6eT,3
mRSBdh,3
43RBxS,9
uVJisa,2
orbwgE,3
7t7sCB,3
Bk80Wj,6
nDONBs,6
rlizNR,8
AfRnnP,5
jOgzBF,4
JCZ4HG,2
TAkowZ,6
1tQOha,3
RKeB8N,10
sjmttH,5
hRgwbF,9
1iMS1s,4
nLoJOs,10
DvaY1g,7
4F11fF,2
oHnI75,6
JHs7ae,5
CZxxRd,4
4RX2By,6
gnvREp,11
ikfGDl,8
3o54Bx,9
j5vcCx,2
hekFF2,4
kcvne0,11
7dANrN,13
VT3NvU,3
byxWys,8
XTMCpS,9
kPavQ4,8
2KjU1Y,5
TEtKpB,9
VrWL14,7
S01Uo3,3
NP5yR5,11
TWKxVM,5
X7cOyG,3
thp597,8
X0hmzf,14
jdNzTA,7
TiMHj9,3
q1Iw5e,9
q14q4U,6
tTf2BQ,12
9uUS48,3
5wmHXr,6
nuMSRK,4
ygM9RB,10
QTl3s2,6
dxUvsT,11
FLzekX,1
dkpv05,4
32Byve,2
l2C1EU,0
Xffx6r,2
qEtpfl,12
X3o9JH,5
VnnZfk,11
71JQGf,3
3ECICn,4
qolXz9,6
OcmjVt,13
82RKvz,6
wO7F1J,10
uZCQbf,4
Imc1mu,3
jUU3Hs,4
gYO2GR,5
MCIywI,15
TRWiEi,3
K7eNUz,8
JqyFfH,2
3g01Rx,7
KNDqPy,11
xdEipQ,7
2YcCfA,2
cNwfCz,7
o4ed6m,5
DYUroZ,7
3rt17b,8
RNxzpz,13
wCVFjL,10
n8sUD3,9
vgLApW,3
MU8yhZ,7
Y9F74v,8
de0onZ,8
7LGElq,8
pA461K,7
C1F1jb,3
TXV4rd,8
nA5vob,3
xNH2ji,9
8vq0YJ,2
tWTALu,9
7AXL4V,8
BRkRSY,9
c51JZh,2
MUhQJ8,10
ERcfNO,2
tSknAv,9
KtTETa,2
5ln3UH,9
PzpAw0,10
ll1uuH,2
MUPswc,11
aZyzsn,6
bq45KJ,3
w029pB,3
8dXhYP,4
T3gQ1a,5
rUal7h,4
8cw90R,2
8rcss8,2
H50ZiS,4
9trMOy,6
ulEkpi,4
mXiKW9,10
mHnzWr,11
m0q4Bl,3
u9efXP,9
GcTR6A,5
5PxJNM,4
joUPSr,4
WTYKDH,2
CfR29x,3
IN6t3Z,4
Ldiotw,7
SVsCDd,6
jq5ahd,3
8u2HPI,6
XT4Yv6,2
g7gm6c,6
BkhGvm,4
ay4vNO,8
XD3UXO,2
5as2YB,10
L3tIPr,6
fV8ld8,1
Yy3MUI,8
H4Ug5c,7
YYzEaD,10
mglKns,4
Smnw3M,9
ayL4yT,13
pOSBmv,7
VgtRwx,2
2Fl6dS,12
AppLCt,4
zxNgp0,7
v0xDgV,11
SID5cH,4
v3D6EA,2
8MqJIj,4
kiYPDa,2
xIjNvK,6
zTkSwC,7
hI1zOA,3
S13Mk9,4
ZeZgps,11
oQPiek,2
1KkQDu,2
MQVdMI,2
ZLPqLw,8
Zotxba,9
TLkRUx,6
LbsXIW,6
VgSn97,12
2wRaDe,8
iOvSvv,4
DtvNm8,7
U6JoVw,2
mNgLR4,3
Y8FTUN,4
7RfUG9,6
gnGAOK,12
uUVby9,3
7DUmA4,3
PRswqz,10
n7oRzF,9
Yf8teX,4
T4s0GU,8
GInytg,13
MRziwb,7
Rs2WJg,8
fUV9yw,4
AjvRGA,7
eseues,4
pfe5ko,3
sb1SI8,5
5ibQRX,15
IJeX6l,13
dOtQzx,6
fK4Vqn,5
BnQY7F,9
VMYsU0,13
cqoyx6,0
0VISzi,4
ZOHzGJ,10
JXOTYj,2
uOZDLK,5
M1qEcO,4
zl4iUD,10
7gwsVG,6
F9L2Ay,3
Jk5aoJ,4
ZUoFJw,6
hAfOo2,5
n9MWgx,9
8LZART,6
BnbjHu,5
EkQRfe,7
7y6AaN,6
TUFgcG,5
IKtnLR,8
xj86gQ,3
mcZ8UA,9
loKQLm,5
TuvIjQ,4
fYif7Q,6
kKLjms,4
2YjqIA,10
LrVzSg,4
1M1dtb,5
bqFs0s,10
rpsbAr,12
oExKAG,4
6yRvRL,15
BCqwq5,3
0V8Pl2,14
onPXv9,8
SQnkoN,9
MVwbbY,3
exDbPb,11
dHrG3r,7
Cw187x,8
w0rtbf,12
Q3y4BY,4
wDq6TZ,1
mIrNn2,6
llgQlb,16
fp7HcM,8
ZHZVYO,7
Rlg7PP,1
X2C40C,12
J6H3BL,7
ocJ0sZ,6
NGF59l,5
axfSSJ,4
5yeWG0,13
ECpQNv,3
48Ii5a,2
vgXvAG,10
Q3H1uO,4
SJFSWR,12
QZHBFu,6
OZYKwN,8
UeKTQb,15
mmT0Nf,3
tBqz7x,7
nWObME,4
eLOGKt,10
OAhVG6,6
SjK6jw,13
gvpiyW,9
Wdizm2,3
v1JltH,13
832Yz7,8
nsz7wf,12
070M5m,13
dua66D,15
VGSaXf,13
Z5225B,9
TT4nSQ,9
46zFYi,9
cJOOyT,10
ZStrby,8
l2ue3v,10
qd520a,11
gnI28h,9
cWtZBC,12
e0ntZv,12
PAxYMi,9
B9LaCI,6
XE8HMZ,10
NH7r0n,6
X7m7jG,8
xjNKIs,9
25oh28,10
r9jsFp,10
zDP6pw,11
1Efiwh,7
8TyUXY,13
DzwcNm,7
WLncrR,6
XLjiuw,2
TMZqPS,9
YfqBbA,4
O1pBtA,6
ohbUeg,1
Oe5ax5,5
3klcfl,7
AYR8Eh,4
TUjXQa,7
vKQGj8,9
mBGNrr,4
H2AtLD,14
7WZ8Bp,1
QvVgND,1
zq2lEM,4
wC9lS8,6
cfmEF9,3
qbHfRi,5
1tO7oV,3
edu7Jf,13
xza4fj,3
iFuggp,7
Nw8VEG,3
YVB4ZZ,4
XMO5Th,10
eis0Ej,7
KwVKco,2
Gazgxm,7
IeS2UY,6
HS6IiR,4
SCnv7i,4
g6ovvy,7
XSUSIb,9
hL4S1G,6
7qGSpl,5
FC2OY3,6
bFUCvk,10
1l2WE8,10
cb0bOp,9
IibAga,7
d5Rk0l,10
E1LT7r,6
vMWC5Z,4
aHme0g,3
bOhFHi,4
B2UT8h,3
ZPH64T,7
a2BRkU,2
S3txTT,3
b4XosC,4
TGWtuK,9
GGhmFc,4
L8lI6c,5
zpHSIj,4
ZFbMit,2
DNYfO3,4
pgZFjB,8
prkQpr,5
6aXWot,4
JULa2V,12
daVTdb,10
fcfZXI,6
H83sWZ,5
UK5oAU,4
8irqN7,5
N58lpS,4
budnKi,2
FDBwk3,4
msAKiq,11
iB8txq,4
G5jhKz,3
nZVIba,4
zP1Epu,2
SS3d96,9
49lyLa,13
Q3HZqb,3
P539Xb,5
TSC559,10
SxQjkF,8
224dUf,10
KBRgYL,3
g5ThMG,9
fXlVkQ,4
hWq6j3,2
I7wXjv,13
SJha7S,5
S3LvmH,8
cbobN9,3
uPW1Jf,8
SYVkJW,7
FqVUPV,11
jGPVVi,4
mMZnLk,12
ILYR0k,8
5PtYtq,3
94mOgQ,6
K2X3Sl,5
4yFbAi,3
iLpmRu,4
HP6Q9U,4
tTL6ed,4
anNAyO,9
lW02q5,5
DmoZl4,3
zoJom7,5
UAQPml,10
ttSO92,4
zVNjmq,9
bOq57z,5
U98UIC,12
uuDxK4,1
2UaWZ5,4
RKjAzm,4
XuJtzF,6
PkkGzZ,10
5mRg5w,10
glNcp0,13
WSpUl2,9
zWXhgr,6
yJsm1m,5
U642tf,7
fSb7S1,1
N3YrUw,4
tJfnBo,5
UGZuOy,12
ROST8o,7
APgkDL,2
usBh4c,4
RYeEPG,5
Kn9q3d,8
cuIJSa,8
EgjLfN,10
cB5Xqf,4
vqViaX,4
Ss4HmT,4
6n8AbM,6
AnrHJw,3
3ixnQI,5
B4U5q6,5
58g27o,2
eESzdC,3
0S1Upo,4
c9eNDu,3
gQZl6h,4
TaJ3fe,4
qJJymX,2
QAbCsw,9
drwC8y,16
sMTzeh,2
URZEc4,8
1OJsGW,7
u2iQj2,12
DQwEm9,2
v8QqJr,11
L8q1pC,3
e4ghst,13
9cALSg,10
2i516Z,6
o54cjV,4
alL8JU,6
FHdnTa,3
ehdeem,2
HIugGr,9
ZOkqwM,6
jRBT6Z,6
xoPHNw,9
aVg5Ue,3
S5cX8p,2
ObsaX8,9
Z6sWtv,12
jaW6Ot,6
yE7o8w,4
1wDFPV,8
nnM5us,2
pPnUW2,9
k3LxhO,6
dMfJr7,6
o3B8R4,6
0oOFgq,12
YVhQMd,6
dELseS,5
oH3sXJ,5
IyaER4,4
uxOASM,9
8cbtrl,4
u7PiHp,6
7l8UWN,13
ubFb9U,4
dhIAXG,2
aa7YnK,11
PD86WH,4
YcdxPO,5
c1Tg7p,6
idswX3,8
6YQhkx,2
LGWHe4,9
SqodYD,5
cKquan,2
y4HhDM,12
Ra3TVS,4
aXfsGc,2
Ul9FUQ,7
WTrRkM,4
62YwQk,2
eJAGjG,3
zhkFtH,9
3S0ask,5
kqomD1,10
D2jrb0,8
2327K3,3
l83T4u,8
VAhy0W,4
sRMyMl,9
GVokOe,7
3cOrxm,10
Zmaann,6
v8aS3s,9
MSGbKp,11
g2Puch,5
0iYtW3,7
tTylaP,12
orO6jb,3
0a2qhQ,1
U988AS,12
fvViqA,9
XW7L0m,5
BiyrZI,7
9IU8zO,7
wtGTXD,11
DUIiPa,7
LKMOkI,4
8Q5oWq,4
akDItH,10
ZpgsqB,2
0kdQxY,8
ETU9uC,3
WPo1tc,6
NXScv6,3
eFTdVX,7
JChUY2,13
Tn7exo,11
D1bnw9,6
j0XgYn,6
lnK7Tq,11
CpFYgb,4
EB35gB,2
R0Ztnh,14
VPEIGE,3
y9ZmTN,7
i2inSr,3
orrcPy,1
ehljhB,12
ookaH7,2
1R95Eo,4
2glWYe,4
38q3ob,4
zv77V1,14
HCR1Hy,5
KhvbSl,4
SN4xZx,2
4vMz10,4
UEm42r,3
J5G3Rc,12
B12IJw,3
9glCwS,5
5l1AKq,8
okdiFn,6
2FbW4W,6
n2AEYR,4
i3V8nZ,8
uXQBKu,8
jSyhRl,8
QcWwjh,11
5ZywnY,8
INeMs3,16
Ng0w4e,12
rsFH0a,10
jvbFeB,13
zX24rj,12
s7DzAg,9
BroEql,10
8zqOpJ,11
3aOrnn,9
XhoAuF,12
M2XfZN,18
3bvZ1H,15
5rIvzd,7
q3YbaB,9
GzLlaT,10
uT3hkH,9
CJGorR,12
VmGE3K,9
mbR4L5,8
arr9ow,8
Q3qZpB,8
MW0Cww,12
ovrEk5,10
h6PmsH,11
CmsIrG,10
cSknhI,11
pVWGtE,13
NMXnym,15
CWdxOY,10
4rPZe1,7
556Z7y,11
2u8j3Q,11
V9P3Hv,13
ThDbyb,7
2vUopV,6
NPNE8R,4
FzW1dJ,12
SVYRWc,2
DJ0bhV,5
CqUnsL,9
KVJs54,9
vpdpUi,9
bm14b8,5
PX8Xx8,2
vi5LNJ,5
33O8dB,5
N7Ecub,8
0PO5iX,1
Df8j0l,4
mEmTfM,1
6XsAzE,10
oQRDsD,7
ROYMDy,3
YhUFq4,3
QtMGIi,3
21CmQG,10
YUpXoz,4
Vs02v3,11
ymPo6f,2
tO4Hrs,5
3K0mAT,5
vSk195,9
PWPrLj,10
ZloyE8,4
hR7Lor,4
mEFDva,1
CB0JXZ,8
uppxpX,16
7rcm4T,12
asY1Hy,4
ase4CF,11
6I6uI5,9
aZLaga,14
hmQV7h,9
GErduG,10
eaKtPF,7
VGnrk9,3
0r5fp6,11
Jiddmx,10
4TrMIy,6
1pqHEh,3
orE0Q9,2
SC036n,9
ifiWS3,9
5KrSTX,11
fYCiVN,4
Hzummu,7
i7WvGr,6
FcLLpI,9
DSt3Y0,3
e18PZO,7
NWXHpM,9
CSveeN,10
MgZxuN,4
scsYDh,9
RMA6uM,3
VN9gpX,4
hTNMaa,7
yRN4dJ,5
H0Xzrt,9
VVZOmC,13
2jR256,9
scSbeH,4
Go4jV9,7
yp0AtK,6
bVBv1s,7
dMcroE,11
vqjkqw,12
UnptN1,9
UUHK3y,3
cCxMq5,8
yQcxFn,11
LCFz7y,2
VZe7FW,11
nzu1JL,8
gjOJEt,4
c5UQGY,5
rI1lIM,10
uOW3xp,15
RA53LC,3
aJbeJK,10
lHhaN6,6
QVMRI8,12
0Vke3i,6
ZVh0lV,3
ML27rQ,10
8zanxd,3
Q4GB0W,11
MsSbSv,8
kNblkI,4
2mM3jW,7
sqjrvN,11
VRODsl,4
lfjtRi,4
5t9N2V,5
u28c7y,2
Wj6AbA,13
pknZYl,8
RlwWDK,7
UknYQU,10
yNhoDA,5
3acpJv,5
tqu2ML,5
PifW3P,2
JRdt1o,5
BnOxub,5
fwUv05,3
tQiv9q,3
TKxZIX,11
qeGyqo,4
Xi5Kqk,6
Tgn14L,3
0OXAfR,10
JQdBlq,7
fb5In7,5
dY71XB,7
GnIp6w,7
9jXA9A,3
UnJFv9,10
jfpuzN,3
KRtr1Y,5
6OSgp7,9
YWC6zg,5
LW0yDb,8
w1w61b,5
nea8xu,9
16E0Un,9
LtwE6p,5
XVrhoY,3
2PQoNR,12
wMkgjs,9
2eEmVV,3
XP5UTg,3
JQCerB,3
ikLHlw,4
DbpvTQ,4
QfFlHj,2
kzRHKU,3
BuwHQt,12
c3co3e,8
QUfmHT,6
GtQyxT,6
bzpMvl,4
ZTEAUh,7
98HDWT,7
PQSYhC,5
LnC7hm,4
usdeY2,7
2KnwPc,3
pv1iHw,2
baysgp,7
J3Sw1u,7
Sns501,10
0Z7hag,12
nbiwOJ,4
JyQFP0,5
8v2In3,3
QV5c6g,9
NM7pjC,3
mSL6nb,1
LCWT96,9
qXFbYz,5
oWWMJg,13
9mQehv,15
BXnPA5,3
a2gHnn,7
t7hgG6,2
tHIbfw,5
nksmrA,1
nuDiHg,1
Gbla6z,5
x72Ybo,13
wJE985,10
b4fUpm,10
i06rqA,14
yDosXs,2
yEtgcV,4
CkvtDe,3
f1CvHd,9
7CUDp7,4
mLXm8o,3
jheUBs,4
cLEF1f,7
1kjJ2A,4
n5MjDb,4
MQTf1x,7
5JE86l,2
54mGY7,2
pmSWiN,6
dOqauZ,3
g3lyqO,2
boKB6Y,10
JzVPTr,7
U2k994,3
VOnzfp,8
G8Ov66,12
gl7dE7,7
BJJ9bg,10
tQ61xz,9
hNXY8J,10
90Bz2k,6
Ki1lEV,7
5qxml5,7
zzaZcZ,8
UqjXRq,4
Bemo6u,8
TinYlU,4
OYcIfO,4
P8UW7N,6
Dn4tol,8
FsEtIX,9
G6J57K,2
KUSkoO,15
NZ17yX,3
oqImQK,8
gq3nrU,8
xIjQL6,13
WUPNEh,11
GjXFAn,5
d9HSnL,8
FUFGhk,7
v12ckw,7
T6IUyi,3
HIjqae,2
iJG80t,9
hD2IJu,1
ut8DNc,14
ji97UK,3
86ctM2,8
rUjPSO,5
5fIBSe,11
2x7wI9,2
69xivG,7
bfSYyW,7
25DA1d,11
MhWiAg,11
lFHP4A,9
RVVpIk,4
O6W0Ni,12
UUH2Co,9
bsZbMy,9
dbNXih,4
OwW5XH,5
Cue1ff,5
wVL7JM,8
ITfcZh,10
5eGqnX,8
YxSrRY,11
O7kbsi,7
ac9DLD,8
s7Dzkb,7
m9OV7M,4
LMkauD,3
Aw3rlj,6
4BVNUs,5
kra1t4,5
yvx96V,7
0ECuQ0,11
IYjuSE,11
hr4gWu,11
Xyw2l9,9
Iebdi9,8
fptHjo,5
xO1t8z,12
MgGRJz,8
Oii4mt,5
6uA8sd,9
TKOisr,10
jNo8Ro,13
JAyDjn,8
5vDHST,6
ZYR4Sk,7
29tXFG,10
0QMCd8,12
BS6HbU,8
Iab5cM,11
enX2os,15
AVI9Wg,10
r4MgmD,10
XvW76H,11
MaThOS,11
SKS5ga,13
J1w4wM,8
HQkOwp,7
36AvXz,6
XFFPmw,12
96juJx,8
6uMwVR,9
IOsnoi,12
nkoQGA,11
2pUNfC,9
iHfKme,12
xL1wlb,15
tw6YFJ,11
FQWKtb,7
9yBWna,5
Ft3LgW,9
C4wiQ5,2
ohxSuH,8
DD7ZoP,2
cVqtIw,9
k2pKiS,1
Ft4DKo,9
HFi6Oh,10
GMcvmS,3
jjhXY1,5
dlX2q5,8
rDK8cB,9
u2LYRU,5
uAIspC,8
6O8C0S,4
WcpCkX,4
5J0Ym2,4
pEtHZo,12
qx7h86,2
AKLvdN,4
GiJ47r,5
38wu9o,13
CuWJlj,11
SUGf7E,7
lIs3ok,4
X92UPH,4
wXoGqE,4
cCfY2j,9
YUC5sE,3
oXNX2B,3
LSso7n,3
ydg454,6
33VGQe,5
nlRo0u,2
qiYW6K,5
ou8jAl,3
2zbRTZ,10
FY38wf,6
BP4AOa,3
sctFyn,5
DOPIuX,3
WJ1cMu,4
Ir1HP3,4
7Z5FCP,4
LkD81J,4
fOrXoR,2
yXHp4e,11
rDTsP4,7
9NPKVD,8
u8GCCt,9
neBWpF,2
BZxLuZ,1
15snfi,10
VNdnNA,9
UOLzPF,3
KpISAl,11
CpZ3Rf,9
5Hzmgp,1
tWzR6X,6
YKVuGy,8
tKBH7i,8
haDioi,8
fmaLh6,11
7yXxPR,5
1azAzd,10
R6d0qG,12
TvJ7dF,4
4MDkgs,7
fIRST3,2
VvjwxN,4
KzYUIY,6
PRp8f4,3
2GbKBU,6
B9LV5e,2
9y81CP,5
Qz43q3,3
ucEhE7,1
epeYHl,9
x70ycK,3
blKx2Q,5
ohmRZR,8
EmWUbi,2
2Jcqub,7
lBtj0M,7
SFcEzt,9
KE9l9a,8
1K8Oeq,2
LcvLhL,9
wMPU8H,6
dYdksO,4
tzj6Zw,3
jnawVi,3
zuyQIG,11
NAUJRV,1
NSVPPd,9
G5XL4z,9
W8s7Bj,9
jvbfaH,2
rlYgnC,7
P2k8i7,7
zQ3LzH,13
NJdHJH,9
USuF4F,1
erDGup,2
1b4O3W,4
5iaHrt,3
IwlvH1,6
3j6K5v,3
kc5Ik7,9
mwby0l,6
MAGhRu,4
KrtUl1,2
s0j9fB,1
uzwfCE,13
e3i7Uf,11
DYe3Wx,8
RQ63R7,12
JlX3ku,10
X1ijKW,2
Xl3lka,8
Bs5Lbc,14
4NOp5R,9
9Bwjzs,7
FJVY6q,3
SA495I,5
f2jeSx,3
gJfpqH,3
8UZWO5,13
tBssKq,7
NSUQaW,4
PU1379,12
WxQqBQ,2
7RTgZS,9
SEPf1A,4
tfH7rQ,4
fjrE3m,12
DvMz5P,10
6uWrfu,11
2spLXp,7
0TwnGJ,2
nbkUHM,10
OvEWtg,8
d8fONC,9
A6TBlm,5
Po2g11,5
veZL3h,14
vC25fK,9
quCCTv,7
yq4C59,11
sYN9NE,5
CwSVXa,7
A5p0vF,8
Cj9WJ1,9
dpV4wh,11
j0PHLu,2
9OaSRF,2
YovTde,4
rAe8Yu,8
VXeElo,4
qcWQjk,5
tgfHfk,8
tZtwan,11
FfQTHd,7
68ih2X,6
5rzLye,4
EM0yPc,7
wpQI4Y,3
kXmmFI,7
mP1qDX,8
iBbAJo,11
5eHG6M,8
tXwOij,6
foyBGU,1
YoYdDB,14
wDttpg,4
dMWfag,4
PqXKOX,8
sjY4Cl,11
APQG9D,9
DOM1bA,7
6VVP4i,3
JrHY9e,2
NrjgIq,8
s03uVP,14
JW7NfD,5
yOKW0B,5
i7xpW4,3
VpuSpM,2
eWlBIQ,3
dQifBs,6
ZU3Nw1,8
cFZoom,6
A8nvah,3
4cOWKV,12
GdMFxW,9
BPTkrg,8
MFAHdz,7
b5Mwgr,8
oVLDjs,13
wxcZsB,3
MmHGcM,11
u1C3sW,14
tbDbZ0,6
RCEB0q,7
8uC4fi,7
YwQhzu,7
dynv8D,12
H5cQcR,3
eIC2FU,6
pKtM9N,12
3WjWQt,10
KTrLgu,13
nDVbL6,4
WDniHT,5
CdhYZE,9
hVzkDi,7
6hQrm2,2
MOFQ68,2
8owFsw,7
SFTy1u,2
1dW9PG,11
mLdy0X,3
j9oiuf,5
AtlsRG,2
cXZ2L1,5
yxZ01Q,7
FzlJVz,3
hZlSaT,14
mt1qwP,6
nu4vsz,8
sMG7t7,14
eTUwQa,6
OHbgOF,6
k42zzK,3
huyHmW,1
cEws6x,10
SeoUoE,6
jG5gdH,6
SySAHk,6
30Fmb0,9
ZFBXDA,8
L831dC,6
ZD2KPz,4
qcIayD,5
h4s01a,13
DhN3pQ,3
EIWTO2,3
BBHCF2,5
ksn3Ku,6
gApOSd,5
gFsCvC,8
24AjhH,2
IlO8a3,9
UWAo2N,4
lAScUf,12
xIfTx0,8
UXoLlv,1
XKJwPR,7
PctRYc,5
70LkHQ,7
HRTvFH,7
5YKaTa,10
avkoz0,12
mrGt7z,12
65gCju,13
pWfglN,12
OoNTvL,4
boRQG3,8
PMSChl,1
c3oPma,9
7epLYQ,7
vFftr1,5
rfXwVr,6
um7Zwo,11
x4Keuc,6
MH7lxQ,8
RAWy8h,2
4X8d80,7
t9Cobs,4
WFqSoR,4
Yp8njp,3
ZPfGqT,9
zwhjAp,3
I0JOJJ,13
ORhBye,3
ZfWMlL,9
rjs9Mx,3
bqdtTp,3
2xmzu7,8
pnEzZT,4
07h9w6,12
VUxMB2,3
cooPZd,6
zgdj0F,11
sWwMbm,9
BEuXO8,10
Dod5y1,8
TOjwSf,8
8ugvaE,10
bS3m4r,13
1MKphe,4
OMmrzV,9
uvlbgd,3
1H1feI,7
9WFT6o,10
uHQPje,4
6SKVny,2
q1e2Re,3
ZIlHOX,13
aUPokS,14
c9PfwJ,9
bPG68u,9
0WVvd0,11
JUDy3X,13
eABqvS,8
fwkfhL,12
k3hwhc,10
SYQyKk,9
CMjeGS,7
Tz472V,10
Na5Jvd,10
v85ogS,10
n4xHvL,10
SmvKOn,6
4c3emJ,9
ILqpGR,8
BIhDMw,9
6oSeDU,8
MgfQof,12
HcET9W,13
KxeicQ,10
FEjjot,11
rKrwxN,10
wgTrY6,12
xnbMWA,11
IVXwJ0,8
PEMlWg,10
n0aS7y,9
xGpzU6,8
CKzcWz,11
Ctho4p,8
ARVTS0,13
NG72K6,10
V6lQEU,12
fcpHcK,7
alJ7ae,5
q3vhOs,9
1Vf7fV,8
TqD6Wt,4
LNqvVZ,8
q8NNsC,3
PoT67y,10
hL2GFF,11
Ub3HTe,6
7EL0SE,8
eXw7Tg,2
u5Mscx,4
1ORs7E,2
wdGFn4,3
devchY,2
51fJbk,2
X8wwbg,2
gaUqkY,12
LDEuPY,3
McYNc0,6
SLithr,10
42uHcC,9
TGSS1x,9
8IRvan,2
7Ucwvq,10
HmcRmj,5
mDbLfB,3
4bECig,4
HMhzGo,10
taPd4h,6
i4lhfz,3
6YhyNZ,9
2Kuypm,6
XP46mS,8
xFq9q4,8
kHc7AP,8
jXq38Z,8
E11s8q,18
1hXwDE,4
tNBZmC,12
7lfNFL,4
dfuXbI,7
iCaODy,3
Vmgm1t,2
NKTl39,8
P08dcI,5
ke503c,6
xdmtLN,11
oT9CjW,7
v3tzA7,5
4Vd2eC,7
TB3mgp,5
FFXDHh,6
GQSaG3,11
s78e87,9
ObKdUE,4
AQ0cHB,11
CEsSuq,8
pIrmpv,6
qdI0Ne,11
dzE3lt,12
iAEyEM,6
J3gTa2,4
6zVvvp,8
p2QEI9,5
iw7lJa,4
QWwDmP,5
XgxwNL,5
lLNKil,4
QTRSgz,8
kpCEor,13
KOnjr1,13
QUtRTB,5
A8mzh2,5
5P8D9z,9
dVzMZH,7
KmWqF9,9
DrveE1,11
blon9o,8
taDdaA,5
oqIQJN,5
ZimnqO,10
H22IxM,10
qI045t,7
QunqQC,4
wrJYC0,11
Vt6AXL,3
U1HsY1,3
MP3mHe,4
iK1GeA,12
OAx2lM,9
c5uMNi,4
LKvCWH,3
mv8S4M,10
xJGKJG,7
XDQsZg,2
h4dSgz,9
dLwkwf,9
3XH2Vf,7
s8mSpY,12
zoUgZh,1
gW6BSQ,3
d3DDLw,2
sFcBfw,2
oIgDWS,4
6zxmzu,3
OBlDtr,9
UU2N6Q,9
LEAE7x,6
fIpfTT,5
0RQQyh,3
a4tZGR,9
8Keqfh,5
7T4qBq,3
mT6ZPx,5
dgod4z,4
RtRXuD,14
9g5qPt,0
1Pghei,5
Hdzi4n,7
8oZheL,5
71koph,13
W7yu5A,6
AlhrPh,3
H9mMep,3
RRk1eL,3
m7KieF,8
08GvnH,7
raUHB6,3
qaS7gG,5
WdbbK6,4
qYSFqh,1
H6VIf4,5
c1yCdz,4
ztPOvd,6
7BcHpX,10
2uuIFS,10
4y51cx,8
CPvvsl,7
Q7rukb,4
fshuf6,4
1V6r8w,3
8SJ6SV,11
kP0zw1,13
ahFEzz,8
KGDOmG,4
C4zboX,3
pJNwaG,14
5rYJ4n,4
EZtlW7,5
NI6n2q,10
d68O9z,4
9FabO9,5
gzlDq1,6
Aaoapt,7
vxXH2b,4
Us2i8q,4
1rOfSz,4
rqzJSQ,8
axuorH,6
hFDH8z,5
dVjQGC,2
2RlbGF,6
nK759a,9
bDMax4,2
vOH7EU,2
L1eRFc,8
Pgv8yb,9
D6ZtFo,8
nVrE4s,12
W1bvSW,4
UfQohA,11
J0EdX4,10
0gIiJ6,2
GVjGuN,6
YN35iA,5
ORsCnP,11
pQEWgk,4
iYR1Rc,13
FNAB9A,13
s1dZbP,6
H9BaAu,11
fw0Taj,11
HFnGv6,4
90qw8X,9
Ip8PH8,10
R4BFN6,6
ccq0v1,9
fXM2nc,7
APS29x,11
nmNMcU,3
s4vpPs,5
vzDKrB,7
SVKsUJ,9
zAXlmz,5
q3EEy4,4
bvA4VD,2
PUqOXt,8
WI8H2M,7
kOm8a3,7
cwS5Sw,6
eRP4mp,7
fxsTo3,10
sKpSCT,12
cmq7Ou,9
aHlZxf,6
6M42pW,6
NkmrD6,4
5xEKcS,5
a10gX3,4
YDl33J,12
y15KEy,9
2pU2Xp,8
BFHguq,9
rQHitI,8
0cjzNP,3
gUeizw,8
uA8a1F,5
Mdm0cX,5
fWqJFo,2
tW0n5j,7
FjuTlg,10
ByuL9y,8
FlaXGC,8
KOyTDo,3
STptTz,4
A2fPL4,3
4gTJZa,1
ABTiIC,1
2R7C3R,10
8fRk6O,4
7gF662,11
Ev6nDw,12
lT6OYA,4
YrcTcI,4
NZs6Vd,3
POPUvY,6
B8v2n4,6
Tvot76,6
r6pF4n,9
RmDhee,2
ZFglkz,10
zeuIyY,2
KYfazD,3
8ZS0LG,8
VyjH6F,4
8YzXsz,5
XMcuCC,2
Zowg2Q,14
XhI121,16
kv5Qmk,2
uUVklu,1
sk3rex,12
uMf3Cp,7
ZILzW3,10
vjNKMv,3
CDNN4p,6
1ctwGB,5
eBU82S,2
49OqwH,15
L4CUwH,9
uk8wlD,7
qhVyVx,10
MGTsjP,4
Ab3aEO,3
Tw3BdK,7
WSD3bY,7
540ky9,3
6ms6Pi,14
lQ55x0,4
U36PeB,5
IDbYpS,5
3DBC1i,4
cRttDe,12
3ztKtI,9
c88kmM,3
EjTlRb,13
ZJHyJa,2
3Zdqsl,11
sMOTiO,10
MNH3yX,11
fZGxsq,3
t4RSFu,10
CJzxh4,4
pe8JA2,3
8KklIp,3
plw8Bu,2
UXgxBg,11
BKU2SY,9
lud8v1,7
zRCn6U,5
QFEukK,8
vvdml4,9
S8Zpmj,7
yXTiwc,6
ComqZp,6
hnJeWM,3
K2xtXQ,5
msQGIk,6
re5Q1a,7
cPiRFl,2
HA490E,7
0z253U,12
WKRZPq,5
QZi2Rl,5
LsQKKP,18
G1lGSV,6
SqaZzv,9
oO7RXU,10
eiZMvG,10
j2qqIL,8
dl70Rd,6
lLH0g3,12
ZdIHH4,11
c6zYij,13
IXW6lR,9
DXSWva,10
rdG8JX,14
hjaIp6,8
JiYmmI,8
BgfWZ4,8
46b0hv,13
J2V6nX,9
XvWgDP,12
FPhWNT,9
DamIZo,9
rOxkFH,8
mdARES,13
g3S336,15
CnXlzM,11
bCukuA,10
WT6hQo,7
OorBWF,11
pZprN9,11
COiBII,6
M1WVzs,11
7un1d9,11
haElu2,9
B9l2Ws,7
hm5tII,12
KbRIGJ,3
ITonrA,7
iV5Zff,9
W0ZhB7,2
9Fg5NA,1
l7ks0J,7
zTWieC,4
4kEhI0,7
UaorwO,3
y4pGtF,3
chloPy,5
z4Birz,2
fPfwQF,4
s4o0Ai,4
pN2xhk,9
m69fME,8
s1KjXu,10
az9peH,11
sU1vm4,9
zMdJig,4
PkVQ3k,1
t80g8p,1
DeLV4F,4
iAcD4l,2
iULewS,8
iSbmSU,13
Xlyxji,12
60VRLB,12
BTZlxG,2
NM4cS1,2
4roRoY,4
XyE059,3
LBga5D,5
Q5wvrr,4
X7WG13,5
zE73PQ,7
onKEIO,4
F3GEpL,5
V7sMMu,0
LvCZJs,7
Q8mX7q,3
GXotUZ,7
QGJ1Ng,7
4ez2xz,5
wb5UQW,5
8u8tDK,6
IaQlQl,2
ewNSUq,5
GDbANF,4
Pi3DuX,2
Szg9Dp,5
u1peXF,11
VXcgvQ,3
ZsNxWf,1
a0CHdU,2
4MbEB5,14
YN8yZG,3
ZaK9zt,3
PcLk0r,3
06OVTe,4
HAEiVD,8
lGoSNW,9
DrOCVt,3
VrxJa3,12
knjvfP,6
odhOrD,7
3XNnqE,3
dfiv93,9
UqF7B7,3
isR6N8,5
I496gM,10
HZct5H,6
VqWWfk,3
atyKrm,7
BdtciX,4
RE7XJ0,3
DBaDfG,12
BR1r4M,16
MJo5ba,2
0EYgy0,2
HXAtzr,6
9MlOQf,3
hBikXF,9
JYh23c,3
oS1YCR,2
TeIPwc,7
WrX9yy,3
gp674X,7
SA7kXN,4
MSnGh5,8
sXGfZI,10
qr1c94,3
Gv1I54,4
fjITzw,3
c5tRkZ,6
wYnWJC,14
NYsHK2,8
158HSH,3
6tjGhf,10
84Pmc6,4
CAeBgY,10
9m49vf,7
k2Mzhf,9
a3nL1T,3
DTm6FI,4
PkdFhM,4
hBJ9pt,9
F8PPta,10
Bx9Au0,3
Fxheme,3
kHQwTn,11
lQ8zhX,3
CRWENv,7
aBFv0F,11
CjGMKy,13
g7tVIK,3
Px3lwu,8
Gool99,3
2rw5ly,5
zwsMyV,14
Yo8p1I,2
iGZQDn,10
Be6Hn5,5
eUyvlO,7
JC3zM7,4
JqUOuU,5
uTV9O5,7
Yskkha,9
FUnw1d,11
EhVpgv,7
m83n9F,8
2VMK0P,7
mKWsnY,2
AZybbY,7
1w3S16,1
Pdw0tM,9
aEnN3S,4
R7A3S7,6
ylNwvV,4
ylQ1vF,10
uuuSeh,2
C0laIa,10
xhOYKE,7
Dm6tyI,5
0HL0mO,4
jOilDx,4
h1z5NS,5
mLBOsm,6
WaUVEg,4
McIuJ2,8
oMINQU,8
cacLnS,4
NQZeNK,10
GnZoTc,7
pErwui,6
B0umou,4
1jobHC,6
xoQ54t,14
XnBwNS,4
3bdLaH,6
uDRasN,4
MbhWi9,13
pAEtN4,9
INhFGB,11
qQ0Saf,8
kih3SP,12
e3fhZV,8
8dGYZ8,6
nTB2aT,2
20NZsp,3
fG182q,11
bsbUJI,10
2MAENw,6
RCdrWF,2
UhkCn1,8
CgGo9V,12
4Sd33s,3
iK9tma,4
3kgDZE,9
bdYOg4,7
NipEnt,5
066HNQ,10
hNa8zQ,7
SabaJR,9
750aP3,4
JyvkTj,3
TnOSzg,8
Tp3mkc,2
KwOjxg,6
3AdZl0,12
smnFLX,12
qF0f9h,4
PuYxhn,5
HjooyO,9
dFfo2f,1
21Q8i1,5
xzl97b,2
0CN2X9,8
R3bTNt,7
7TAl11,9
sESneQ,4
Igg28q,3
E4uq4S,6
fqQIlN,6
xfKGgz,10
sQIMLg,6
y7X69W,12
T2PQ2Z,4
2pkx7N,3
2YvVYG,11
6Z4g7i,7
gXwLpm,4
JJtGso,9
KJRje5,5
4liFYc,6
aO7BQ2,13
8Ow8Du,3
vUXvrh,11
bCQ3sz,9
kmlgGB,9
E0CVCF,10
Ac3JG7,11
dqIjHE,1
R2v3nQ,2
ITAAOv,3
zWfpHm,5
td3GiG,11
lILnjo,7
7VcrIx,8
SrVU2t,3
WTGCw3,5
rL1TJG,11
RicjUs,7
JFVSdV,9
hLtGMV,3
ICOk6x,5
wpFC1c,7
CkIPwh,8
5wuApq,10
xeTkZP,11
tS3xny,5
doUpPW,3
BVLXDK,14
ZmcUgT,3
FoohjH,3
6GBMJ4,9
aaoXxb,9
GD7irz,5
ToTfjg,3
Xmnw3G,11
Omb9hf,14
QI5C6T,4
2v995u,2
yBGQTT,9
0mNCjI,5
y7xta4,2
bRa58f,3
v71vfh,7
9wgDsx,4
oUHs8Q,9
DtqLFb,6
C9LNL1,3
SQmEOM,1
DYtPMN,2
jNVNxF,7
PcwSxb,9
ya1Btz,9
c5e7ec,11
Gscdi4,9
xUzUeZ,2
HSL5TI,12
OHVti2,4
0L3XRH,6
98kcMa,6
JnTTZp,3
vfUs42,11
rqQkPa,11
S5E1VW,12
FhQJ7X,5
OPmLMV,3
iZDbkO,3
o3BTZN,3
WIXmlr,10
FbCTMM,4
LKz6BW,5
IxVdq4,9
RWky1I,6
o9v7Ns,8
1haWWJ,2
olrePn,3
l9Bk2l,3
AyANiO,5
RoLS2c,4
lHwhGK,11
Ffx6Je,2
TZadpC,11
JWdQbg,11
ywq3oC,9
e3eK5O,11
CVhpdP,12
BBwQZj,10
XdUBgX,8
yRV6qx,10
pMxntR,15
s1ATI7,12
m4A8un,13
js6Hrk,9
hzskL3,9
Qgl6FH,8
MQWilU,10
bsnzyg,11
N3geZc,13
n6loFR,7
EOfeHB,5
SUf7Hm,11
2rAG4F,11
AT6gok,6
MjnJAW,11
eVxVEZ,8
eyL6zF,9
2Hlw4o,8
br2fRW,11
27koCV,7
3Xno4S,8
6V2Mnx,13
SOULnq,9
tgaaYV,12
zXM1dx,10
oxEMnj,3
FwxFKl,3
t5l2PR,6
6PDdPL,3
WABhZi,7
BIWicW,7
qakOxn,2
TeRVQJ,11
KmthKD,7
k1zoSR,12
W0fbPS,10
YuEYRv,8
ZLSHZs,10
rrlod2,5
wvQiV4,4
tjLbiz,10
daTJsL,6
3iCa0t,4
gv6ePQ,9
kOiXOe,3
x8JS6h,5
aMJ1Aq,8
h2n6wh,3
qG4Dp3,11
MSbCRB,10
RKk3i1,10
OtzVzb,2
hIqo0p,2
CJimAR,12
692EGb,5
R2cLxv,3
Sj6250,5
yELAgZ,3
W7TGtI,14
FlmSAG,5
hFAteV,7
A0uYCl,3
AFM5Tv,2
HTv7mk,4
bU5BKF,8
bJqiAs,10
PD3pWD,7
IRGAvr,2
ojQTn2,4
lSOhMG,3
sIvUlU,3
YxtG0y,4
xeUhUJ,4
GyreW5,10
CTkDWW,3
aQ8wIt,9
37beGm,1
x8tZtY,2
o4etOR,10
vhuwX1,7
Yv2yui,3
GwMhuN,6
f8ER9G,7
RjnSwF,3
hTGRsW,7
bnnB4h,4
6uzWI3,12
Rm5Kgc,5
zXYK6M,8
o7BfhA,7
lblXXW,6
qZg4ih,4
M4cLNC,12
9MMjDJ,3
uRZIk4,2
QNGd27,3
X3ivi1,7
3NYg2M,4
17p4ID,9
EBMUlr,9
d6U39n,12
n3jB2L,9
UprzoV,6
qf6G8s,4
pcftMw,8
6YXz0L,13
uMWeLJ,8
hEE3dG,8
k5FCHD,8
vMKBLV,7
CSQZGk,5
IFrFez,4
NDmXSg,4
Kwp547,4
KledL0,3
poRm07,10
h6vuKB,5
OndIOw,2
HykA0h,11
dYp3PY,4
W7zY8z,3
6EAd7C,6
vSMMwV,6
CrMXLs,11
XgrzyE,4
etctp0,10
VnVCmk,4
XU0jN7,5
vFaSup,9
5iALk0,3
MnBjpV,11
sYXT7H,12
9p94aN,7
4tiizU,9
cBE0Bc,7
xqCNbJ,8
YILhwV,5
KwwREo,3
wzbmBZ,2
wILs64,3
COblEU,11
fjWVfC,9
ZYH3sO,5
7nvDz5,3
hHNmI5,10
Hz0PFy,15
SZedMS,12
Kga7at,11
feTurN,3
1Kxyc0,1
LZSAHP,11
0RLolM,9
hiVrDM,10
pfIK2S,6
jpHjLU,3
00n2rx,4
fvUtrQ,6
oFEEpy,2
ssSIgO,5
NT9riU,4
BcgiZy,11
7K1jOE,2
zie02K,11
zXBjAh,3
6PCK2M,4
w4lTZn,3
iN9SBo,3
JGea6I,5
HVIopT,4
pdhpH9,6
dPY8DK,11
JWuHZ4,4
77miHv,9
9o6Rfg,8
0gPYJn,8
2c3OiA,5
vwRMsF,12
3qFSjn,7
UmAUMF,3
0gHl7w,2
xWbEl0,10
VLsOaP,10
uZ0ogh,3
8CM9cX,8
DDKsEh,11
o4nkKR,6
tcEP33,1
SiAkq4,10
4PCrA0,11
cURJsW,9
KVQWnl,9
ts8yOM,7
cNiyN9,3
BWVyfP,7
0hjs8V,4
wFp8aJ,9
3CgGcJ,5
yUEWmo,11
OL6IuN,6
u6r4lH,9
gNv7Xi,8
YjgIro,11
cfO7KF,4
i9O0MC,7
DxmKik,11
hlA7lD,7
blQi3e,9
3s41wR,9
GZEUgF,3
w8j0yy,6
PHFitT,2
bm7x8W,14
qOXzmO,9
ymK65j,12
9SGaFK,5
eJnQn4,6
7XkqBR,9
5mF4PJ,8
oZtPMs,9
n4iSNw,8
SE8642,12
GFXygS,5
JGWgz8,8
YzyxNa,15
IiCMma,8
N0oPhc,4
HDs895,1
Z241d9,4
ppa5zm,4
vivvC2,4
ViZ3p0,3
MgUh9K,3
rEvYvn,11
UDJCoJ,9
csqarY,7
9vqsSK,5
P9eGmw,8
aIFBDx,2
EPaemq,9
zxUb19,4
W22NHk,4
1uo0Q6,2
EhPGPS,8
c2B7q9,11
8BHIVx,6
bTCKIc,8
zFOvlg,15
p2WnbH,4
8lwf1O,5
acacst,4
AfsC6g,3
GTmcya,8
rJnOns,13
g8dK72,10
ydxSah,2
XpLx6b,4
ZJBdfi,7
PQdVbe,2
VwhOak,11
f79JdW,5
3Ten71,8
A07XSA,8
SyHBWD,10
ALxKv2,5
BMtNIN,5
p7Ltyv,2
rBz9Dk,9
qr7F6y,3
82ntXB,6
MoyRB6,4
0yScFn,7
O05X9r,12
tuPXr2,10
2ZKYQ5,3
OQ4Nmf,5
lpZkRD,14
PDe0Wy,3
8uIW58,8
CkaKIv,4
JKrpOH,9
PJvdDr,2
bvrdg0,5
hIbGYB,3
6fMCLp,11
TU7fUv,5
1SOLbE,4
4V3FmF,14
OzPsE2,2
5m87eg,8
5Wg4to,5
3WBeSo,12
zjjnNR,5
pSoZ9Y,5
3Wwsxb,5
jO9HiB,11
grz4Ng,5
b8ycJW,4
JCHger,3
rbQMv7,6
3BNnYY,12
EKB8hT,10
vQ00rb,5
LOFDyW,6
3c1h1J,5
NwKKOg,9
EaBCKq,5
A2VwU4,3
qMkMZS,12
cZoOU5,9
i6YiQF,11
bboRCS,13
vYWnEV,9
M2srvs,10
3aSj7S,14
Yi3wtE,8
PBErcJ,13
NMyFEF,12
fsvs6e,9
upOkgd,13
d861TP,8
MxJM7p,12
x4z0OS,11
6uJgjD,13
ifFSxi,14
31B55d,12
nStmb7,9
jTj97w,7
8dsUT0,9
WAsnax,12
ekDvSi,8
KQe7Lo,8
t09vVi,10
b0Xadt,7
wflE61,10
Xs8H8b,11
khU7og,10
95WhPZ,9
r7MuwN,9
lzhEJb,14
Xdc3Vf,8
lBplEn,4
vrifCR,9
kWISOY,2
Hs6VfM,4
NE1LTt,7
elM0TH,15
vs7Ijw,8
dKmqHR,6
Z3mqSJ,3
PSMCNc,1
b5f6m1,5
Tnsnnd,9
jckPlJ,10
7oWV7U,7
OFskH1,12
RjHpJr,10
WgdU3Q,8
F9722s,6
hUPdsJ,3
8a52f0,4
VUn6Kq,11
WnzrCE,7
AQJmx5,4
vRsaS2,2
zoqPwe,6
QlqIV1,1
EwZPJR,10
Yzi779,3
GLxnsT,12
1LW7Dk,5
x1r99W,7
qX5Oil,1
4JtNlw,7
CZAYKD,10
2UlJkP,9
yGakCl,2
1vzJ3S,9
ihtpF1,11
4W5x9G,10
n1n4y5,10
NEMLj1,7
tcQt0K,7
BjPa6V,3
ptxcG0,10
HIRu4G,8
J7Dhkp,6
rxcJvT,5
ah7Ovy,4
t0cBM9,6
gUtJ6v,3
X6nOFF,8
VPUic5,5
lhCWpA,8
pbLrAz,7
QKLQTX,4
VgEEiB,8
n0RFjf,4
1xEy0n,3
SV3mms,9
kqzG8r,3
bc59OD,13
eJoIYw,1
Hp1Nha,3
7ggTmC,11
cdeGWf,2
5pPQEn,6
HMTj1k,6
zhJXpp,14
EFiwst,8
64TdFu,2
KSBVBJ,8
GTy9mb,4
WLq6vw,5
DoJud4,4
1x1HjT,4
yyyedK,6
WgqybC,5
2ZgRju,1
JnD2Ec,5
N3RHa7,2
wnL6nI,13
YejF96,3
khOnM0,3
HPb5ib,3
vOcyx8,10
8Z4Os6,9
NVxpmS,10
rCAdKj,10
9A6R4S,5
DY9yJz,6
nEv4cj,4
3UD8DB,8
G2D8j1,2
TZ2X4W,8
XEom07,3
eYKQDP,12
goydmZ,5
jY58Jn,5
KIhdud,11
gwlmJR,3
0nAVfC,5
H6QrOe,3
5mxtDW,5
qxR6Tu,9
pX51TM,7
4saLP0,7
bCAkkH,7
KumoyK,3
ywAOS1,6
7vFmNU,3
pDbV4M,3
v0wo6V,2
hNH45x,6
R6DhEJ,13
0jN8iR,7
iA7SK0,7
Ff26B5,3
wuoKIE,10
m4lrPO,9
eQb9Et,10
fPwtnA,1
Sw1Thj,4
vYO9mf,4
v0gFTh,4
xjaGSm,3
OZl7WS,13
vVQYvF,15
eSvEdR,9
2vJI3y,9
X7ZLh6,9
Cmwlub,5
X4wQZu,7
ZJsXZv,12
D4Djif,11
JB33Fu,5
gOBO2v,3
kTYYEi,8
epUILk,9
9EMPFu,6
fzOgyF,8
lgNLxh,3
uWjUtc,6
0wnVUd,3
hlLYqV,7
HcjhrT,4
u3a0Ma,4
1RQmRc,12
UUgso3,2
k0NqoC,3
ng0mUP,4
fROjo4,8
CDnZXl,5
kbCOdL,3
7zKaUZ,10
N46ETI,4
h4gt88,10
zqIcup,4
ocO29x,12
CUU5A0,12
yAAnX8,7
OPraI7,11
DtFG2b,11
Chyuzy,6
73wuXY,5
ka4F8W,2
IReTj9,3
0X9ecg,6
McbUEn,6
LxNOsg,6
3jqefc,8
jrpjD0,4
a0HVnb,4
RaFIIl,13
fTeojM,6
CzTLzm,4
78m1jh,10
j1JUSz,9
PkMQkB,9
Cd3cY3,2
fQ8Hyd,9
TTtxAJ,12
3mrISn,9
0wC02i,7
mL6ZKw,6
kDUZBj,14
AzQ6QO,8
H0GvES,6
AHvZ4G,5
P0sZNt,7
DXfqmr,6
4kfxPl,4
UwSiVk,7
anYWhv,9
281kgF,8
xA111Z,5
Mn5tiU,3
QGJpVx,4
KTsMBp,2
z1uq2e,8
84kQR0,8
6y2XLs,6
Jw4p8Q,5
ArTqqs,8
fS3cKc,4
ZrNYXe,9
4A1Tt9,5
lvCfDg,2
fXv8Re,3
pnvSzO,8
jgDoHV,3
Lwspx6,10
zb6rSk,4
jKdmye,1
KuN0tt,3
DdgDQd,6
RJ5Pz7,11
zgCnUW,2
G6e8Hg,7
gc9q9V,12
JOZokT,6
Kbym9A,3
UrZvqp,7
7viQJH,2
02WVyX,11
yF3XaW,9
39xINw,6
5HaTG9,4
OtaHf8,11
YWwYeh,5
w9bGlo,10
WElPn6,12
0jUpsw,10
piDyhC,5
18X0cl,5
bfg0bG,9
sUEnGv,9
MqFQCb,8
PKpjwj,5
YtLfWG,3
wk4cHj,4
W9Zqnf,2
uKXS2v,9
GV6RJR,12
U4bh3d,8
9L6qGd,9
rzgAVn,8
RZ2wEg,5
tO2TXw,6
mrkMnI,5
VmthaU,9
TUc60B,6
igz0GC,7
jJ6mKi,8
1DoEC2,6
gJX9NP,5
5qSu22,3
xOUubn,11
FnHp92,4
NdUMBm,13
hbRugh,2
pA9vxQ,5
tzFNS6,8
0NdsxI,4
rWCQQr,3
YYbbCS,11
JDrc7D,9
rvbvQ1,12
Uo8P6l,5
KL9XMK,12
et2QyM,6
0HYflm,7
KKHmYi,9
llkmjO,9
nmvfLa,5
Y2iBB7,6
tXPrTV,6
R6Poxo,10
ztZ1ci,8
gGwbXp,3
FSglnf,10
FnIkyj,3
qFX5Xw,9
rNDk5P,6
YEzuQ6,3
LakzaQ,5
bo3lE6,4
vox2MA,5
BWRCBc,6
X1EpkX,3
VgQyeL,9
ifLaqb,9
QNk2GU,8
Gc3Czn,9
kgyNxH,8
DTEEdf,11
H3QnhY,7
Mkt214,7
Yl7uIN,12
yQhV3R,15
nS5vl0,5
S48kvZ,11
4uv2IE,11
V8TCbZ,8
IorMFK,8
mP2er2,11
osrizw,9
s0AgxM,8
BDyDnt,9
3ebZBZ,10
9n5y8c,8
ax49EG,11
wAV66F,10
dch3GC,9
rZ72Ie,14
wE4VI5,8
O7qnoz,15
6oL9xY,8
lZV2Zp,11
9xNVrU,13
71Zzzt,10
03HFXz,10
iXXpko,13
EVPatN,6
JEsgwM,7
yt6ZZH,3
y7tJnL,4
pdU7Cb,10
iznCkd,6
L2Xrfx,12
5VRUVr,4
g2SpU0,2
o7cW9e,11
tNhJWw,5
2au0Si,11
UPPc0n,8
skIY8b,5
YBjT0i,11
poVxtE,9
0qYQ3Y,4
Z3O2nX,7
FrXIdZ,3
cp5Ew6,3
MsIRRq,12
R4ncj8,1
BuxqLS,10
i93pVR,6
lCs3K2,10
j8RlUk,3
QVVa92,5
6veCWV,6
kzsB8j,13
fH0lNm,2
36FJj1,12
PXZQTc,4
uHHmLK,7
ogHxxy,1
B0mMsW,3
5ja4tI,9
P28GPZ,2
jtSkSx,9
NG6n5h,9
24sKNu,4
3QcOcR,2
eJIyr1,9
6oWyxp,8
FhSvUK,9
V6KTcc,7
swTcTZ,2
VGhRnr,11
EjJ23e,9
WDhPm4,11
nm6zvk,7
FHazoZ,5
NhAYgr,4
zaKfzC,10
4GQreP,7
8OiYws,4
hjCLcr,14
FUbNVG,5
wPRX7k,5
9Lz2so,0
QL9B88,5
s8nonG,9
i25WeG,10
I6mfd8,3
LbPeVL,4
HjbQ0D,4
AtoDOL,2
2I5kAs,3
vJSxlf,2
UWQmAu,13
TDHvpQ,11
ftnaXU,14
BOKZvK,6
2ImLUl,4
4GEKzH,10
IuHPWg,6
iOSeEu,1
tG2Wl0,2
85fNA5,10
uZBcQk,5
IEKRZZ,5
EdLKGA,2
ckFD3i,4
O3Oypd,9
WsgRP5,3
9vYmaL,4
I79psc,11
rYEH4u,10
SnXD7d,10
jIVeqm,2
B04yCG,6
gUpEqG,8
9fDWpR,6
Uu6wwk,12
wVww7x,10
P9d6QO,4
81cE8B,6
KF83bA,6
BhEKWq,3
UHvnyB,8
I8IHnt,9
qoXD9K,3
l513Du,6
8nZSAf,8
NRYcFs,3
4YPTXo,6
XJv2bt,3
C3kNNE,8
7gjwqt,5
gObbZ8,10
7hBSEa,10
8xAdjC,7
JUcKO2,9
qv76Be,5
RFKgQ7,13
UReCYn,4
tHMZVB,10
QFDSep,7
yKUA5P,6
CDF8hc,2
IOl3cv,5
KA4qW7,12
oyjYnJ,1
BBVF3x,13
Z6Ol0R,3
k8aM69,10
OYQ6Hb,2
BATU8V,3
DIjDoM,2
33f2Ao,3
yUmeUA,3
fmNCYc,6
07DGaD,12
K6CtNl,11
SjPtQu,1
OXEppG,10
4EjpZZ,4
nv5gHQ,6
Lcoc4L,7
duO3I9,3
Hd7Ptq,7
sUKAUv,6
lFWwPG,3
pafo2k,2
MXZuhu,10
2KfaGM,12
pZcQcf,4
SvlOsB,9
x35IiS,13
PnnAdy,2
t0JW1G,5
9m1esC,6
KJeSGM,2
IiIMhe,4
RASWgN,13
wVoQ9S,11
qWI4tE,4
CQOTnu,12
0z8J3k,10
pUyitC,7
20V4v6,2
pNtSD1,5
LBD1U6,8
RyDdC2,9
rHEtHq,8
c81dyw,3
qPMhnu,7
yOwjoJ,10
l2keZW,6
qfbtcg,1
En9J6l,10
UEHI4E,3
iqQsXg,6
X1ASdf,10
mvzWIJ,5
4dHcdU,9
WZQnYP,11
D1EBy1,8
IvS2UH,4
yv1DRG,4
5pe5EN,8
rbNHlr,3
paNYRw,9
MKtIPR,9
VkDjzM,6
YNNnMH,3
yGAcJQ,11
OT7UXX,3
dtoE2y,13
NWKfDF,9
xVbwrd,3
DRfpvy,3
95x5Td,2
b47tyf,3
A8lX6h,10
VnjNo3,4
lLiKki,10
V1KxIE,2
aQHuxN,9
jUSBFl,2
dqZlWY,10
Ul1oLF,1
cO6bDx,2
3JKP99,7
q2YSlk,16
NlUkhb,9
mGlUc5,4
MSwGkJ,3
EMjs5D,3
qlprU2,8
LJcWkz,10
4VvBdh,8
kQpFRG,11
K3II3H,7
rm1Fru,7
mAHZPB,9
aOthdn,6
YiPk0e,3
itd48P,9
jHiBK9,3
xv0J1X,4
L0WWHw,3
6tpSAj,10
adYwPK,1
1DYPDU,3
gVdtF6,9
zAZgkV,6
s8ie2O,3
uyzG68,12
qe2HRD,4
OEFmPC,4
BKcCRp,6
NW8UV4,4
14IA4A,11
cUJcEV,13
jdtk8G,5
d2Efvo,9
XFqknv,4
XJuZ7E,5
VvB4rD,8
Pyrl3I,10
x0OoHH,6
Q4fo9l,10
Q6uSl4,2
MBnNaa,4
THhTXk,8
D48te1,11
R8gJWY,9
MQD0PF,9
RVAZlH,6
wWEcd7,3
7nmnL3,7
nzVfEH,4
XIxDtu,4
iizviK,9
JX6HrV,3
zOEYn9,6
CqsUem,5
yMJCJ6,5
vrz4W9,2
yY2iit,7
kr0LdM,6
9dFRMq,4
sGF4Eo,6
9McP9b,11
bjXxJi,1
PQtcMz,4
tUsgQQ,8
Sxk975,4
TcM3Gk,6
fmLrzl,3
CD9SoT,3
