Id,Answer,margin
00JsLH,"[1, 3, 4, 2]",3.8125
0AezL1,"[2, 3, 1, 4]",4.875
0EWLYZ,"[2, 4, 3, 1]",1.625
0LD87d,"[3, 4, 1, 2]",5.75
0LR8dO,"[1, 2, 3, 4]",6.8125
0NQuGQ,"[1, 2, 3, 4]",1.40625
0Xx9Fy,"[1, 4, 2, 3]",11.5
0a9FIt,"[1, 2, 3, 4]",4.1875
0bL0uv,"[1, 2, 4, 3]",1.0625
0g2TgT,"[3, 2, 4, 1]",10.1875
0jl7nO,"[3, 1, 4, 2]",7.375
0mXRr8,"[3, 4, 2, 1]",9.5
0txu1H,"[1, 4, 2, 3]",5.0625
0vD2mc,"[1, 4, 3, 2]",2.875
0xGuYd,"[3, 2, 4, 1]",1.75
10aJKj,"[2, 3, 1, 4]",1.375
13IHy1,"[3, 1, 4, 2]",17.53125
149lUx,"[4, 1, 2, 3]",17.65625
151Vxf,"[2, 1, 4, 3]",1.125
15ntwe,"[3, 1, 2, 4]",2.125
1CPRWc,"[4, 3, 2, 1]",5.6875
1DpcN5,"[2, 3, 1, 4]",4.25
1Rm6xE,"[3, 4, 2, 1]",0.125
1Vk7eD,"[1, 3, 2, 4]",1.375
1cCNJf,"[1, 2, 3, 4]",1.5
1inXh8,"[1, 3, 4, 2]",0.1875
1jpyBZ,"[3, 2, 1, 4]",3.5
1pCMCL,"[1, 4, 3, 2]",1.25
1pDHcT,"[2, 3, 4, 1]",5.0
1ywjl3,"[3, 2, 4, 1]",9.3125
22ez77,"[1, 2, 3, 4]",18.34375
23YSXP,"[4, 1, 2, 3]",9.9375
23d8fA,"[3, 2, 4, 1]",5.5625
23mLli,"[1, 3, 4, 2]",9.1875
29f8H7,"[1, 3, 4, 2]",17.0625
2Dhhti,"[3, 1, 2, 4]",2.5
2G6Bmh,"[2, 4, 1, 3]",3.125000476837158
2IL2RO,"[3, 1, 4, 2]",13.15625
2PrMrz,"[1, 2, 4, 3]",10.375
2U6s7V,"[3, 2, 1, 4]",6.65625
2ZfP0k,"[1, 2, 4, 3]",0.0
2dAsEN,"[3, 4, 1, 2]",4.625
2eRouT,"[2, 4, 3, 1]",7.125
2slNZB,"[1, 3, 2, 4]",4.125
2sqUTP,"[1, 2, 4, 3]",6.90625
2vsfof,"[2, 4, 3, 1]",1.625
2zWKa6,"[2, 4, 3, 1]",9.1875
31aTHd,"[1, 2, 3, 4]",5.5
3A7IVR,"[1, 4, 3, 2]",9.875
3G4J9K,"[2, 4, 1, 3]",2.5
3JujAw,"[2, 4, 1, 3]",4.3125
3avnfp,"[3, 4, 1, 2]",8.71875
3fnRMI,"[4, 3, 1, 2]",6.6875
3giy4g,"[2, 1, 3, 4]",5.125
3nNvh9,"[1, 2, 3, 4]",6.6875
3pSryY,"[1, 2, 3, 4]",7.0
3qMOng,"[1, 2, 3, 4]",3.625
4A0AxZ,"[3, 2, 4, 1]",3.8125
4DVbFs,"[2, 1, 3, 4]",13.59375
4K5pV1,"[1, 3, 4, 2]",13.09375
4L1L0O,"[4, 1, 2, 3]",0.75
4QSIII,"[2, 4, 1, 3]",3.15625
4QnQwv,"[1, 4, 3, 2]",3.75
4cxe0W,"[3, 1, 4, 2]",0.25
4pEcVH,"[3, 1, 2, 4]",1.5
4sPoSq,"[4, 1, 2, 3]",7.125
4t2iEX,"[4, 1, 2, 3]",8.375
4v1W9B,"[2, 3, 4, 1]",2.0
4x7Mg9,"[1, 3, 4, 2]",4.1875
4x8keY,"[2, 4, 1, 3]",7.6875
4xk66H,"[2, 3, 1, 4]",1.125
4y52QI,"[2, 4, 1, 3]",7.6875
52wjYU,"[1, 2, 3, 4]",4.4375
56gtZd,"[2, 1, 3, 4]",1.1875
58pIub,"[1, 2, 4, 3]",14.5
5BXRWU,"[1, 2, 3, 4]",12.765625
5I9GW7,"[3, 4, 1, 2]",4.875
5IemZK,"[2, 1, 3, 4]",1.875
5LNZOi,"[4, 1, 3, 2]",2.5
5Pu7eF,"[2, 3, 1, 4]",15.875
5RjgQ4,"[3, 1, 2, 4]",5.84375
5cgTgz,"[3, 2, 4, 1]",17.75
5f094h,"[2, 1, 3, 4]",6.1875
5gnTuG,"[1, 2, 3, 4]",0.875
5hHsa0,"[1, 3, 4, 2]",5.125
5yJlPq,"[3, 1, 4, 2]",12.34375
5yNY2t,"[1, 2, 3, 4]",6.9375
5zb7Ro,"[3, 4, 2, 1]",0.375
60Ggwj,"[4, 2, 1, 3]",14.0625
60xSUz,"[4, 3, 2, 1]",9.25
646LKK,"[1, 3, 2, 4]",9.25
65OzKl,"[2, 1, 4, 3]",2.875
68VVFd,"[2, 4, 3, 1]",5.125
69W7IW,"[1, 2, 3, 4]",13.375
6BpwFj,"[2, 3, 1, 4]",6.9375
6ESbXY,"[1, 4, 3, 2]",13.75
6ISCUd,"[4, 2, 1, 3]",5.875
6KzA2L,"[2, 4, 1, 3]",1.875
6Mk6pT,"[2, 1, 4, 3]",10.75
6SwU8l,"[1, 3, 2, 4]",2.875
6T4ZkA,"[2, 3, 4, 1]",3.875
6Tiifw,"[1, 3, 4, 2]",3.625
6WWJtt,"[1, 2, 3, 4]",17.6875
6WXknn,"[1, 2, 3, 4]",3.375
6XzqrF,"[2, 3, 1, 4]",2.3125
6eLBkp,"[1, 2, 3, 4]",8.9375
6fko8F,"[4, 2, 3, 1]",3.75
6sLcQZ,"[1, 2, 3, 4]",3.8125
6vIK5i,"[1, 3, 2, 4]",1.40625
6z5bps,"[3, 1, 2, 4]",9.375
706QNR,"[2, 1, 3, 4]",1.8125
72JETK,"[4, 2, 3, 1]",7.25
72JtZh,"[1, 4, 3, 2]",4.875
74rmTZ,"[4, 2, 1, 3]",13.4375
75Z57K,"[2, 1, 4, 3]",10.25
77isrE,"[1, 2, 3, 4]",4.625
79TdaG,"[2, 1, 4, 3]",3.5
7FtMFJ,"[3, 4, 1, 2]",4.375
7MeCko,"[3, 2, 1, 4]",11.625
7MnPtt,"[2, 1, 3, 4]",3.25
7QxQMw,"[4, 2, 3, 1]",0.5625
7ozDsy,"[1, 2, 3, 4]",3.1875
7qvSXt,"[3, 1, 4, 2]",2.125
7x8CQN,"[1, 2, 3, 4]",6.75
7xPdtO,"[2, 1, 4, 3]",6.625
81vkem,"[4, 3, 2, 1]",10.25
8CEiq5,"[3, 1, 4, 2]",2.625
8ERA5k,"[2, 3, 4, 1]",2.5
8HQUl8,"[1, 4, 2, 3]",2.125
8K3UvY,"[2, 3, 4, 1]",8.375
8L7TfG,"[2, 3, 4, 1]",3.25
8WEGwa,"[4, 2, 1, 3]",1.125
8Xgs8M,"[3, 4, 1, 2]",5.1875
8bEfGU,"[2, 3, 4, 1]",0.625
8fECuw,"[3, 4, 2, 1]",14.1875
8gPxs3,"[4, 3, 2, 1]",7.625
8luakr,"[1, 4, 2, 3]",7.0625
8mSzvL,"[4, 3, 1, 2]",17.0625
8oGcaE,"[4, 2, 1, 3]",18.9375
8s7LN7,"[1, 2, 4, 3]",2.5
8vtk8F,"[2, 1, 3, 4]",6.375
8xl3eH,"[1, 2, 3, 4]",9.4375
9Gq8RD,"[1, 2, 3, 4]",7.5625
9ImWhU,"[4, 3, 2, 1]",10.5625
9UQF4d,"[4, 2, 3, 1]",6.875
9XBCVh,"[4, 1, 2, 3]",8.375
9XMfvj,"[1, 4, 2, 3]",3.8125
9fwwT6,"[4, 2, 3, 1]",1.875
9gq4yp,"[2, 3, 4, 1]",19.8125
9lYoPJ,"[1, 2, 3, 4]",5.25
9omhEk,"[1, 4, 3, 2]",3.375
9sLkGY,"[1, 2, 3, 4]",19.0
9uf8Mn,"[3, 4, 1, 2]",0.375
A2ihgQ,"[1, 2, 3, 4]",2.125
A5gFPq,"[1, 2, 3, 4]",9.5
AFUvD4,"[3, 4, 1, 2]",14.875
AK9RS5,"[1, 2, 4, 3]",10.375
ALfz6z,"[3, 1, 4, 2]",2.375
AN8ldb,"[2, 3, 1, 4]",6.25
ASCWOI,"[2, 3, 4, 1]",3.625
AajU8e,"[1, 2, 3, 4]",10.3125
Ae7zLm,"[2, 3, 4, 1]",22.3125
AfIbLd,"[1, 2, 4, 3]",4.375
Ah72iP,"[1, 3, 2, 4]",12.0
AiyCxG,"[4, 1, 2, 3]",5.375
Alriqb,"[4, 1, 2, 3]",3.3125
ApcgPb,"[4, 2, 3, 1]",7.5
At6xwk,"[4, 3, 2, 1]",0.8125
AvyNTq,"[3, 2, 1, 4]",3.5625
Az79Jo,"[4, 3, 2, 1]",9.75
B39anE,"[3, 4, 1, 2]",7.71875
B4wiu7,"[1, 2, 4, 3]",12.4375
B73gFN,"[3, 2, 1, 4]",14.71875
BBx1v7,"[3, 4, 2, 1]",5.375
BECRdM,"[1, 3, 2, 4]",0.125
BEGQP7,"[1, 2, 3, 4]",9.25
BHuxgS,"[2, 3, 4, 1]",14.5
BI9Eky,"[4, 2, 3, 1]",5.375
BUSPpU,"[3, 1, 2, 4]",0.125
BYj7Lq,"[4, 1, 3, 2]",0.75
BcgNjo,"[1, 3, 4, 2]",5.5625
BfquZq,"[4, 2, 3, 1]",3.0625
BlORaj,"[1, 3, 4, 2]",5.5625
Blr4jF,"[4, 1, 3, 2]",13.9375
C5fiYo,"[2, 1, 3, 4]",11.3125
CH8Auq,"[1, 3, 4, 2]",6.8125
CN5mBD,"[1, 2, 3, 4]",4.25
CU8Z16,"[1, 3, 4, 2]",8.0625
CWj5q0,"[4, 2, 3, 1]",10.4375
CYVEDi,"[4, 3, 1, 2]",2.5
CbgVj3,"[1, 2, 3, 4]",11.375
Cc3hqC,"[2, 3, 4, 1]",2.5
CfH5bx,"[2, 1, 4, 3]",9.8125
CzAQDw,"[4, 1, 3, 2]",5.6875
CzkRiH,"[4, 1, 3, 2]",0.375
D3bgXS,"[1, 2, 3, 4]",1.46875
DAiE7M,"[2, 3, 4, 1]",14.1875
DEYtaq,"[3, 1, 4, 2]",7.0
DM56Di,"[4, 1, 2, 3]",9.75
DOlsHX,"[2, 4, 1, 3]",4.9375
DSP7Xa,"[3, 4, 2, 1]",0.0625
DXGh2V,"[4, 1, 3, 2]",3.5625
Df2j0A,"[1, 2, 3, 4]",6.375
DlWpxE,"[4, 3, 1, 2]",2.75
DwDuC5,"[4, 1, 2, 3]",3.5
E2pFNm,"[2, 3, 4, 1]",14.90625
E6H0jS,"[1, 2, 3, 4]",14.875
E9O1Yk,"[3, 2, 4, 1]",11.75
EIzKAQ,"[1, 2, 3, 4]",6.0625
ET4chI,"[2, 1, 4, 3]",4.6875
EW7Wqn,"[1, 2, 4, 3]",2.375
EmUT27,"[1, 4, 3, 2]",4.75
EpfspO,"[2, 4, 1, 3]",4.25
Eprltc,"[3, 4, 1, 2]",4.25
EuUSwZ,"[4, 3, 2, 1]",7.1875
Ev7aBz,"[2, 3, 4, 1]",4.5625
Exr4Z3,"[2, 3, 1, 4]",7.21875
F7Ddd7,"[1, 3, 2, 4]",10.0
F7EYOI,"[1, 4, 3, 2]",1.5
FLm0OM,"[1, 3, 4, 2]",8.71875
FM1CAt,"[3, 2, 1, 4]",8.0625
FOraJM,"[3, 2, 4, 1]",0.75
FPHh6p,"[1, 2, 3, 4]",0.625
FQElBr,"[4, 1, 3, 2]",1.75
FQjuPo,"[3, 1, 4, 2]",1.8125
Fc0O5i,"[1, 3, 4, 2]",5.25
Fd8sEG,"[4, 1, 2, 3]",6.9375
Foj4vL,"[2, 1, 4, 3]",0.125
FrNHna,"[3, 2, 1, 4]",0.0
Frw3f6,"[4, 2, 3, 1]",16.90625
FxIaK3,"[3, 1, 2, 4]",15.4375
G6n01m,"[4, 2, 3, 1]",5.5
G70Mzy,"[2, 4, 1, 3]",3.125
G9Rbhf,"[2, 1, 4, 3]",4.4375
GDFjPd,"[4, 3, 2, 1]",4.625
GQ4LEz,"[2, 4, 1, 3]",13.375
GSVtML,"[2, 1, 3, 4]",4.75
GaMkxc,"[4, 2, 1, 3]",18.625
GbglTR,"[1, 2, 4, 3]",3.5
Ggrwtr,"[2, 4, 3, 1]",3.4375
GhVEs0,"[2, 3, 1, 4]",9.3125
Gk8nrS,"[4, 1, 2, 3]",1.375
Gn9vtD,"[4, 1, 2, 3]",6.5625
Goim1p,"[1, 2, 3, 4]",6.0
GtqaBx,"[4, 3, 1, 2]",9.5
H1phIU,"[1, 4, 2, 3]",6.500000476837158
H4LYDN,"[1, 4, 3, 2]",8.625
HApt0a,"[2, 1, 3, 4]",3.75
HEFM5M,"[4, 3, 1, 2]",10.84375
HFB3rj,"[2, 4, 1, 3]",11.0625
HPk5qW,"[1, 4, 2, 3]",2.4375
HXeI8w,"[1, 4, 3, 2]",1.125
HjoUIE,"[1, 3, 2, 4]",6.125
HmuCFD,"[3, 2, 4, 1]",13.8125
HwXvor,"[2, 1, 4, 3]",6.375
HxH6iO,"[1, 3, 2, 4]",9.40625
I9f8FF,"[4, 3, 1, 2]",1.125
IDP7Oc,"[3, 4, 2, 1]",8.4375
IJdmQ6,"[3, 2, 1, 4]",19.125
IcMrqa,"[1, 4, 2, 3]",4.8125
Imn9yG,"[3, 1, 4, 2]",3.0
IqltYx,"[4, 1, 2, 3]",3.625
IsYUNr,"[4, 2, 3, 1]",3.25
IsiDy4,"[1, 3, 2, 4]",0.125
ItaJ4O,"[1, 3, 4, 2]",12.3125
J2OzNp,"[4, 2, 3, 1]",9.25
J7bCpm,"[1, 3, 4, 2]",2.625
J7bgl2,"[4, 1, 2, 3]",5.0
JBEkNK,"[1, 2, 4, 3]",8.1875
JJL61v,"[2, 4, 1, 3]",5.875
JTQrLc,"[2, 4, 1, 3]",6.125
JiRqol,"[2, 3, 1, 4]",5.3125
JnMKGT,"[1, 2, 3, 4]",11.25
JoWj7P,"[3, 2, 1, 4]",9.1875
JwI2O1,"[3, 4, 1, 2]",0.625
JyfNX8,"[3, 2, 4, 1]",6.25
K6UGYA,"[1, 3, 4, 2]",4.125
KC7B9O,"[4, 3, 2, 1]",2.125
KHpPUv,"[2, 3, 1, 4]",4.25
KJZBsJ,"[2, 1, 4, 3]",9.5
KUAJzo,"[1, 3, 4, 2]",18.3125
KYUBdM,"[2, 4, 1, 3]",6.5625
KeIexC,"[4, 1, 2, 3]",14.5
Kk83WO,"[4, 3, 1, 2]",1.75
KuBxop,"[4, 2, 1, 3]",10.1875
Kzmhdo,"[2, 1, 4, 3]",9.9375
Kzwalc,"[4, 2, 3, 1]",1.125
L5OyYw,"[3, 4, 2, 1]",4.875
L6emIA,"[3, 2, 4, 1]",3.25
L7aCs0,"[1, 2, 3, 4]",19.75
LRHWnG,"[4, 2, 1, 3]",0.125
LcVOMS,"[2, 3, 1, 4]",2.875
LtR74Q,"[2, 4, 3, 1]",1.375
M5fwwg,"[2, 3, 4, 1]",5.0
MCI2id,"[3, 2, 1, 4]",8.25
MHmoRZ,"[4, 1, 2, 3]",0.125
MHsw72,"[3, 4, 2, 1]",1.875
MInwtg,"[4, 3, 2, 1]",8.375
MNpR1e,"[1, 3, 4, 2]",5.375
MPEoDF,"[1, 4, 2, 3]",8.62500011920929
MTwgjA,"[1, 2, 3, 4]",5.375
Mic0pR,"[3, 1, 2, 4]",5.0625
MkVe8k,"[4, 1, 3, 2]",3.375
Ms8caK,"[4, 2, 1, 3]",13.4375
Mybjsr,"[1, 3, 4, 2]",4.0625
MyfgkI,"[1, 2, 3, 4]",8.375
Mzqkaf,"[4, 2, 3, 1]",5.0
N2WKnU,"[2, 1, 4, 3]",0.75
N4ZIyX,"[2, 3, 4, 1]",1.1875
N7odo1,"[4, 2, 3, 1]",11.9375
N9kNUd,"[1, 4, 2, 3]",6.25
NDsdsA,"[2, 3, 4, 1]",7.5
NE8nHt,"[1, 2, 3, 4]",5.1875
NGEcEv,"[3, 2, 1, 4]",0.75
NS5kAJ,"[2, 4, 1, 3]",5.75
NZGVcy,"[4, 3, 2, 1]",8.875
NZmzaT,"[4, 2, 3, 1]",12.125
NcX9Gr,"[3, 4, 1, 2]",15.25
NhnYij,"[1, 2, 4, 3]",5.5
NkMj3t,"[2, 3, 1, 4]",2.5
No4L4n,"[3, 4, 2, 1]",1.25
NqLfpK,"[1, 2, 3, 4]",3.5
NsfjW8,"[1, 4, 3, 2]",0.875
NtBt60,"[4, 1, 2, 3]",20.15625
Nwxtir,"[2, 3, 4, 1]",15.6875
NyUTFe,"[3, 1, 2, 4]",3.4375
O2oJFY,"[1, 4, 2, 3]",11.375
OCAYKz,"[2, 1, 4, 3]",0.53125
OPEuBo,"[4, 3, 2, 1]",14.9375
Odqs9J,"[3, 2, 1, 4]",5.125
OgtnmS,"[1, 4, 3, 2]",1.25
OlMzd1,"[1, 2, 3, 4]",10.375
OvWPbR,"[4, 3, 2, 1]",19.90625
Ow7NBO,"[1, 2, 3, 4]",1.875
OzmlrQ,"[1, 4, 3, 2]",7.15625
P0GsWK,"[4, 2, 1, 3]",2.125
P1zBxy,"[2, 4, 1, 3]",0.875
P4wJOy,"[4, 2, 1, 3]",13.8125
P6SNfA,"[2, 1, 4, 3]",3.25
PFqCf8,"[1, 3, 2, 4]",5.5
PHr6EL,"[1, 3, 2, 4]",5.75
PI0e5U,"[1, 4, 2, 3]",8.25
PIcWhY,"[4, 2, 3, 1]",0.125
PKzW8z,"[3, 2, 4, 1]",19.40625
PQ7NPE,"[1, 3, 2, 4]",6.125
PbTFue,"[4, 3, 2, 1]",1.375
PbgyPR,"[3, 4, 1, 2]",11.375
PcaB5M,"[3, 1, 2, 4]",5.5
PdQMSG,"[3, 1, 2, 4]",2.0625
Pkgep8,"[2, 1, 4, 3]",3.875
PmktA8,"[1, 2, 3, 4]",5.5
Pnb4Ci,"[3, 2, 1, 4]",13.5625
PnykTd,"[2, 1, 3, 4]",1.5
PsGYvP,"[1, 2, 3, 4]",6.75
PvMZw9,"[4, 3, 2, 1]",14.8125
Q1C4B8,"[1, 2, 3, 4]",8.6875
Q2RhE0,"[2, 4, 3, 1]",10.3125
Q5tsaU,"[3, 4, 2, 1]",0.6249998807907104
Q8AcuC,"[1, 2, 3, 4]",5.5625
Q9XTiO,"[2, 4, 3, 1]",6.6875
QDrFr4,"[1, 3, 4, 2]",17.09375
QECFyR,"[1, 4, 2, 3]",1.125
QXoo96,"[1, 2, 4, 3]",0.40625
QhSZbL,"[1, 2, 3, 4]",7.625
Qv2g53,"[4, 2, 3, 1]",1.125
RICmV0,"[1, 2, 3, 4]",2.75
RInevj,"[3, 2, 1, 4]",3.625
RU4wSG,"[2, 4, 1, 3]",9.5625
RZU38v,"[1, 4, 2, 3]",7.3125
RagSVy,"[4, 2, 3, 1]",5.375
ReMk67,"[3, 4, 1, 2]",1.375
RifI6f,"[3, 4, 2, 1]",5.125
RkBgHm,"[1, 2, 3, 4]",2.4375
RkWmtR,"[1, 2, 3, 4]",7.3125
Rorh1C,"[1, 2, 3, 4]",1.75
RqhQq7,"[4, 1, 2, 3]",7.375
Rt6cwg,"[4, 2, 3, 1]",3.375
Ru3FNg,"[2, 3, 4, 1]",3.625
RySoAi,"[4, 2, 3, 1]",12.0625
RzY1Pc,"[1, 3, 4, 2]",2.9375
S0aQeA,"[1, 2, 4, 3]",15.75
S0cFZA,"[1, 4, 2, 3]",1.625
S3E8Td,"[4, 3, 2, 1]",0.8125
S4QoRB,"[1, 3, 2, 4]",18.8125
SH7OdP,"[4, 1, 2, 3]",5.125
SISpK4,"[1, 2, 3, 4]",6.375
SJjEDc,"[2, 4, 3, 1]",6.8125
SaJHrc,"[1, 3, 4, 2]",5.0
ScGQ3h,"[4, 2, 3, 1]",11.3125
Sdgaeb,"[2, 3, 4, 1]",9.625
Sl4f9t,"[2, 1, 4, 3]",15.15625
SokI50,"[4, 1, 2, 3]",2.625
Sqlc0B,"[1, 2, 3, 4]",13.125
SvmYxN,"[2, 3, 1, 4]",10.125
SxtlZb,"[1, 2, 3, 4]",6.625
Sy79Vu,"[3, 4, 2, 1]",15.3125
SzcuXY,"[1, 2, 3, 4]",2.0
T7pEiG,"[4, 2, 1, 3]",7.84375
TOy372,"[4, 3, 2, 1]",5.0
TTY0iR,"[1, 4, 3, 2]",8.5625
TTkzP5,"[4, 1, 3, 2]",2.6875
TcU0s2,"[2, 4, 3, 1]",6.0625
TcX8RT,"[4, 1, 2, 3]",0.9375
Tm4gK9,"[1, 2, 4, 3]",6.5
TwVBpy,"[3, 1, 4, 2]",0.875
TywXp9,"[3, 4, 1, 2]",5.125
U0ti2w,"[1, 4, 3, 2]",4.5625
UKK9oM,"[1, 2, 3, 4]",4.1875
UY2Brv,"[4, 1, 3, 2]",14.34375
Ui6d91,"[4, 1, 2, 3]",6.0
UlKPQr,"[1, 4, 3, 2]",1.375
UohAA6,"[3, 4, 1, 2]",1.0
UpUOs8,"[1, 2, 4, 3]",4.125
UqBd8m,"[2, 4, 3, 1]",7.8125
UvHIVk,"[2, 4, 3, 1]",9.375
UwdDWd,"[3, 2, 1, 4]",2.5
VAhS2V,"[3, 4, 2, 1]",4.5
VK8y9L,"[2, 3, 1, 4]",1.25
VKd5q4,"[3, 1, 4, 2]",0.5625
VKm3aD,"[1, 4, 3, 2]",9.5
VSuOIe,"[1, 2, 3, 4]",3.125
VWVBdW,"[2, 3, 1, 4]",4.375
VWdZB7,"[3, 2, 1, 4]",0.25
VeHLjj,"[4, 3, 1, 2]",4.25
VhL5Rz,"[1, 3, 4, 2]",2.9375
VrYJLb,"[1, 3, 4, 2]",0.875
VuyL8j,"[3, 2, 4, 1]",6.375
VxM3yH,"[4, 1, 3, 2]",9.3125
W2xWgZ,"[2, 1, 4, 3]",4.875
W8YO3n,"[1, 2, 4, 3]",6.0
WI8o3F,"[1, 4, 2, 3]",14.5625
WMzdLD,"[1, 4, 3, 2]",11.4375
WNlfM8,"[4, 3, 1, 2]",8.6875
WRFdlJ,"[4, 2, 1, 3]",12.40625
WYKQ6J,"[2, 1, 4, 3]",8.5625
X9G8Qr,"[3, 1, 2, 4]",7.5
XABcP9,"[3, 1, 4, 2]",2.6875
XAGvhn,"[1, 4, 3, 2]",6.4375
XAkpwE,"[4, 3, 2, 1]",2.0
XBy4YM,"[4, 2, 1, 3]",5.125
XBzKzH,"[1, 4, 3, 2]",5.5
XFNFS2,"[2, 3, 1, 4]",0.5
XGuH3q,"[1, 3, 2, 4]",2.0
XHXSAX,"[1, 3, 2, 4]",0.75
XN8XTY,"[1, 4, 2, 3]",11.84375
XOdJXa,"[1, 3, 4, 2]",3.25
XRrjsi,"[1, 2, 3, 4]",8.25
XW22EA,"[1, 2, 3, 4]",14.375
XZvneY,"[3, 1, 4, 2]",5.0
XaZUZY,"[2, 3, 4, 1]",2.375
Xd2THk,"[4, 3, 2, 1]",8.375
Xk1RJ7,"[3, 1, 4, 2]",4.875
Xl0Pjo,"[3, 2, 4, 1]",1.1875
Xp57x9,"[4, 1, 2, 3]",9.75
XqmQTD,"[3, 1, 4, 2]",0.5
XqzStG,"[1, 2, 3, 4]",3.25
Xu8yMH,"[1, 2, 3, 4]",12.3125
Y5LL3o,"[3, 2, 1, 4]",7.9375
YIF1fi,"[2, 3, 1, 4]",5.75
YPBG8e,"[2, 4, 3, 1]",0.0625
YSPJJW,"[3, 2, 1, 4]",0.375
YZuSuG,"[1, 3, 4, 2]",3.1875
YbA8BH,"[3, 1, 4, 2]",10.78125
Ye9eU3,"[3, 2, 4, 1]",5.375
YiFZoL,"[4, 2, 3, 1]",13.9375
YqNLEj,"[1, 2, 3, 4]",9.3125
YtHlYo,"[3, 2, 1, 4]",3.6875
YydAHn,"[1, 2, 3, 4]",5.125
Yyef0s,"[1, 2, 4, 3]",6.4375
Z4rmwI,"[2, 3, 4, 1]",6.75
Z8J8Uk,"[1, 4, 2, 3]",22.6875
Z9CdGI,"[3, 1, 2, 4]",0.75
ZAc3al,"[3, 1, 4, 2]",0.1875
ZCdMz1,"[4, 1, 2, 3]",4.5625
ZFxQBw,"[2, 4, 3, 1]",3.625
ZPRAi4,"[4, 1, 2, 3]",5.625
ZTgRce,"[1, 3, 4, 2]",6.6875
ZXVWcy,"[2, 1, 3, 4]",3.3125
ZYwidU,"[1, 3, 2, 4]",9.875
ZkZcuL,"[4, 1, 3, 2]",3.5625
ZkalEo,"[3, 1, 4, 2]",1.5
ZpREGE,"[2, 4, 1, 3]",9.9375
ZqYgqY,"[3, 1, 4, 2]",11.4375
ZqpKSa,"[3, 4, 1, 2]",5.25
ZsczAy,"[1, 4, 2, 3]",1.125
ZtTwCx,"[1, 3, 2, 4]",15.5625
ZxXDAZ,"[2, 3, 1, 4]",6.375
a7rmwJ,"[3, 2, 1, 4]",2.625
a90lEu,"[2, 1, 3, 4]",0.25
a94blB,"[3, 4, 2, 1]",3.25
a9r5MN,"[3, 2, 1, 4]",3.0
aCoBDe,"[3, 1, 2, 4]",9.125
aHQjMQ,"[4, 3, 1, 2]",9.1875
aHcW5I,"[1, 3, 2, 4]",0.75
aK2PKW,"[1, 4, 3, 2]",6.5
aPKUZi,"[2, 1, 3, 4]",1.75
aRWmaC,"[1, 2, 3, 4]",7.125
aTrFXQ,"[4, 2, 1, 3]",0.625
abzkll,"[3, 2, 1, 4]",1.75
avKohC,"[1, 2, 3, 4]",3.625
az6KZ3,"[2, 1, 3, 4]",5.0
azZtps,"[1, 2, 3, 4]",8.375
b3CnWj,"[1, 4, 3, 2]",4.4375
b3nayk,"[2, 3, 4, 1]",3.375
b44PjE,"[3, 1, 4, 2]",0.625
b8jnoB,"[1, 4, 2, 3]",6.65625
bBjheF,"[3, 4, 2, 1]",11.4375
bCORF4,"[3, 2, 1, 4]",13.625
bJTQKa,"[1, 2, 3, 4]",2.125
bK9Hfa,"[3, 4, 1, 2]",11.875
bUrEOo,"[1, 2, 3, 4]",8.375
bXZ1yM,"[1, 2, 3, 4]",4.0
bcJwiN,"[2, 3, 1, 4]",8.46875
beKLXF,"[1, 3, 4, 2]",3.375
bhBfxb,"[3, 4, 2, 1]",3.125
bhC2Jx,"[1, 2, 3, 4]",3.625
bkmCpC,"[3, 1, 2, 4]",9.875
br97AP,"[1, 2, 4, 3]",7.6875
bvzEsD,"[1, 2, 3, 4]",0.625
bwMwde,"[4, 1, 3, 2]",13.125
c0OZPu,"[4, 1, 3, 2]",6.375
c3QwtD,"[1, 4, 3, 2]",6.1875
c5ctVu,"[4, 3, 2, 1]",14.125
c71Uch,"[3, 2, 4, 1]",5.3125
cE9O87,"[1, 2, 3, 4]",15.65625
cMVR1R,"[3, 4, 2, 1]",5.75
cOknnY,"[1, 2, 3, 4]",10.3125
cQ1lCT,"[2, 4, 1, 3]",0.625
cQOmJj,"[3, 4, 2, 1]",7.0
cQjcp6,"[3, 2, 1, 4]",3.625
caEr5P,"[1, 4, 2, 3]",6.8125
ccwsKK,"[1, 4, 2, 3]",7.9375
cieCUR,"[2, 3, 1, 4]",5.75
clfnYZ,"[2, 1, 3, 4]",1.25
cowNGM,"[1, 3, 2, 4]",7.625
cqM3RD,"[2, 3, 1, 4]",17.1875
cvE5D8,"[1, 2, 3, 4]",4.125
cyA948,"[1, 4, 2, 3]",1.625
d8oDrG,"[1, 2, 3, 4]",1.125
dDEj1t,"[4, 3, 1, 2]",9.0
dGdcFe,"[3, 1, 2, 4]",2.125
dUGoOh,"[3, 4, 1, 2]",2.625
dZW0Kq,"[1, 3, 2, 4]",5.5
da2MIM,"[4, 2, 1, 3]",2.78125
daYiep,"[1, 2, 4, 3]",11.75
dbMIsL,"[3, 2, 4, 1]",3.75
deMx2l,"[1, 2, 3, 4]",8.875
dewTHT,"[4, 3, 1, 2]",3.875
dfeGHU,"[4, 3, 1, 2]",5.625
djjHEQ,"[2, 1, 4, 3]",3.9375
dlc4bj,"[2, 3, 4, 1]",0.875
doCtX6,"[3, 1, 2, 4]",2.4375
doGmil,"[1, 4, 2, 3]",4.375
doVteE,"[4, 1, 3, 2]",4.0
e02HGe,"[4, 1, 2, 3]",6.5
e6vLcO,"[2, 1, 4, 3]",4.0625
eCimUi,"[1, 2, 4, 3]",4.875
eEcInl,"[1, 3, 2, 4]",1.75
eHIceq,"[1, 4, 3, 2]",7.375
eJGOuK,"[1, 3, 4, 2]",6.375
eWhkQO,"[4, 2, 1, 3]",0.1875
efbPzU,"[4, 3, 2, 1]",6.0
efus4c,"[1, 2, 4, 3]",9.125
enJCzv,"[3, 4, 2, 1]",6.4375
erLUvZ,"[4, 1, 2, 3]",11.25
f7JwiT,"[3, 1, 4, 2]",5.5625
fKG1HH,"[4, 2, 3, 1]",3.125
fLAtjA,"[1, 2, 3, 4]",7.3125
fTwwl1,"[2, 3, 1, 4]",10.46875
fUOpAZ,"[4, 1, 2, 3]",1.0
fZmPUH,"[3, 2, 4, 1]",16.125
fdwlot,"[2, 3, 4, 1]",5.875
fqJInE,"[1, 4, 3, 2]",1.375
fsVkTT,"[2, 4, 3, 1]",8.125
fu1XH8,"[4, 3, 1, 2]",6.25
fufIXJ,"[2, 3, 4, 1]",1.125
fvarxN,"[4, 3, 1, 2]",11.1875
fyfDKg,"[4, 3, 2, 1]",11.46875
g1MHrL,"[1, 2, 4, 3]",1.8125
g3vDEq,"[3, 4, 2, 1]",13.5
g53WWR,"[2, 4, 3, 1]",5.09375
gDGoeO,"[1, 3, 2, 4]",6.25
gDm9Ns,"[2, 4, 3, 1]",11.71875
gPjx97,"[4, 1, 3, 2]",14.1875
gUNQkT,"[4, 1, 2, 3]",20.15625
gUaeiS,"[1, 2, 3, 4]",5.25
gdVqg4,"[1, 3, 2, 4]",2.25
gjHHbc,"[1, 3, 2, 4]",9.03125
gv6DET,"[3, 2, 4, 1]",2.4375
h2BeGj,"[3, 4, 2, 1]",18.5
hHJkXc,"[4, 2, 1, 3]",1.1875
hNGMqL,"[1, 2, 3, 4]",2.6875
hUAYQe,"[2, 4, 3, 1]",6.0625
heLRt5,"[2, 3, 1, 4]",0.875
hnI3NX,"[1, 2, 4, 3]",6.0625
hxs7rI,"[3, 2, 1, 4]",6.0625
hzsUv1,"[4, 1, 2, 3]",4.1875
iC5t6Y,"[1, 4, 2, 3]",7.75
iCAOJa,"[1, 3, 4, 2]",8.0
iFBorU,"[3, 2, 4, 1]",6.4375
iGVLqN,"[3, 1, 2, 4]",3.25
iIlX3c,"[3, 2, 1, 4]",3.75
iNU1mS,"[1, 2, 3, 4]",15.15625
iNpNbi,"[3, 4, 1, 2]",6.4375
iPHmMY,"[1, 3, 2, 4]",6.625
iaxPKk,"[4, 1, 2, 3]",0.875
ibH32f,"[2, 1, 3, 4]",3.75
iefIZE,"[1, 3, 4, 2]",1.0
ih9BT7,"[2, 4, 1, 3]",3.9375
iizS4w,"[1, 2, 3, 4]",3.625
ikamSu,"[1, 2, 3, 4]",1.5
ipvuxh,"[4, 1, 3, 2]",4.5625
j94TQ6,"[1, 4, 3, 2]",9.6875
jDAJgI,"[3, 4, 2, 1]",12.1875
jJSSVk,"[1, 3, 4, 2]",4.8125
jNzIVt,"[2, 1, 3, 4]",5.0625
jQVCL7,"[3, 2, 1, 4]",1.125
jXEr8N,"[1, 3, 4, 2]",6.1875
jXyZQN,"[4, 2, 1, 3]",3.875
jg8yLv,"[1, 2, 3, 4]",4.75
jgGdOF,"[4, 3, 2, 1]",9.25
jtVqZO,"[3, 4, 1, 2]",2.5625
jtj3Qi,"[1, 4, 2, 3]",3.25
k3FK79,"[4, 1, 2, 3]",16.53125
k5zwWI,"[3, 1, 2, 4]",11.1875
k7h4gt,"[4, 1, 2, 3]",8.84375
kDEAsv,"[1, 3, 4, 2]",6.1875
kF8VjS,"[3, 2, 1, 4]",4.875
kLcjLe,"[3, 2, 4, 1]",5.3125
kMO5fC,"[3, 4, 2, 1]",0.5
kT5Jy8,"[2, 3, 1, 4]",0.125
kTp20a,"[1, 2, 3, 4]",3.25
kb6PX7,"[1, 3, 4, 2]",3.0
khj1uc,"[1, 3, 2, 4]",13.3125
khtCHL,"[2, 3, 1, 4]",2.96875
ko74ge,"[4, 1, 2, 3]",0.375
ksEdcp,"[1, 4, 2, 3]",0.75
kx54E7,"[2, 4, 3, 1]",0.25
l4y7jj,"[1, 2, 3, 4]",5.5625
l52q4w,"[4, 1, 3, 2]",11.875
l89v4Z,"[3, 4, 1, 2]",3.3125
l8zz9E,"[2, 4, 3, 1]",5.9375
l9D5p0,"[1, 2, 3, 4]",1.875
lIHEBo,"[4, 3, 2, 1]",0.3125
lKGJMB,"[2, 4, 1, 3]",1.625
lOOMKU,"[4, 3, 2, 1]",5.4375
lPGKJD,"[2, 1, 4, 3]",0.5
lXcuqN,"[2, 3, 4, 1]",3.999999761581421
lbgewI,"[2, 4, 3, 1]",3.5
ldfemM,"[2, 3, 1, 4]",15.78125
lmOtxf,"[3, 2, 4, 1]",0.875
lqPKEe,"[2, 1, 4, 3]",13.125
lviqqX,"[1, 3, 4, 2]",2.375
m0WLBa,"[1, 4, 2, 3]",7.46875
m2Iqg1,"[1, 3, 4, 2]",7.4375
m2yZRN,"[2, 4, 1, 3]",15.625
m88W8L,"[2, 4, 1, 3]",7.0
mBDCs9,"[2, 4, 1, 3]",6.5
mKZl7m,"[1, 2, 4, 3]",3.875
mVQwC7,"[4, 2, 3, 1]",8.375
mdj5kv,"[4, 3, 2, 1]",4.8125
mi92Px,"[1, 2, 4, 3]",2.25
mjbEPe,"[4, 2, 3, 1]",0.5625
mlLUiS,"[2, 1, 3, 4]",9.625
mvmfF1,"[2, 1, 3, 4]",11.875
myJ5XO,"[4, 2, 1, 3]",0.125
nALyDx,"[2, 4, 3, 1]",6.4375
nJGawl,"[1, 2, 3, 4]",3.625
nKYQFc,"[1, 2, 3, 4]",5.6875
nMFZe4,"[3, 2, 4, 1]",16.46875
nUONEs,"[1, 2, 3, 4]",5.875
nXIQ7U,"[1, 3, 2, 4]",6.3125
ncshcV,"[2, 3, 4, 1]",2.875
neLENZ,"[2, 1, 4, 3]",0.8125
ngGzJY,"[3, 2, 4, 1]",9.8125
ngmAzx,"[3, 4, 1, 2]",9.40625
nlBOeB,"[4, 2, 1, 3]",13.84375
nnzGGE,"[1, 2, 3, 4]",5.6875
nrdu1T,"[3, 2, 4, 1]",7.3125
ntrW0Z,"[1, 3, 2, 4]",9.37500011920929
nzLplh,"[3, 4, 2, 1]",3.0
o0kimD,"[3, 1, 2, 4]",11.25
o1MynS,"[2, 3, 4, 1]",6.0625
o9t453,"[3, 4, 2, 1]",0.75
oExNcD,"[4, 1, 3, 2]",9.125
oQ3tXb,"[2, 3, 4, 1]",22.375
oSqTf9,"[1, 2, 3, 4]",6.25
oUBpAh,"[3, 4, 1, 2]",4.8125
oaT8t2,"[2, 4, 1, 3]",11.1875
oby2AW,"[3, 4, 1, 2]",16.375
osF5ZB,"[1, 2, 4, 3]",7.3125
ow9iUu,"[1, 2, 4, 3]",11.4375
p7nwf6,"[1, 2, 4, 3]",9.78125
p9M3En,"[4, 3, 2, 1]",6.5
p9sMWs,"[1, 4, 3, 2]",2.8125
pJETr3,"[2, 3, 1, 4]",0.125
pR1lov,"[2, 4, 1, 3]",2.875
pVJTEs,"[4, 3, 2, 1]",10.75
pZLnKL,"[4, 1, 3, 2]",4.8125
peQe6S,"[3, 2, 1, 4]",16.375
pqDB4L,"[1, 2, 3, 4]",6.8125
psRQ5g,"[1, 2, 3, 4]",3.625
q29A35,"[2, 1, 3, 4]",4.875
q9He2q,"[4, 2, 3, 1]",8.625
qFlgOt,"[1, 3, 4, 2]",5.999999940395355
qUglnN,"[3, 1, 2, 4]",7.5
qW4SUI,"[3, 4, 2, 1]",0.75
qWFU9V,"[3, 4, 2, 1]",0.375
qZNmn0,"[1, 3, 4, 2]",21.40625
qc654c,"[3, 4, 2, 1]",10.3125
qkSjok,"[4, 3, 1, 2]",1.6875
qkV9uG,"[1, 4, 2, 3]",2.9375
qy92Ty,"[1, 3, 4, 2]",3.1875
qzdzUs,"[1, 3, 2, 4]",2.5
r1tyTm,"[1, 2, 4, 3]",1.25
r7FeVn,"[4, 2, 3, 1]",7.3125
rBuAQi,"[4, 1, 2, 3]",0.125
rDphjj,"[2, 1, 3, 4]",1.0
rZZj6G,"[3, 4, 2, 1]",18.75
rjAFC8,"[1, 2, 4, 3]",5.75
rlNPMl,"[2, 1, 4, 3]",10.15625
rqxynb,"[2, 4, 1, 3]",1.125
rqzWxL,"[3, 4, 1, 2]",7.4375
rrspy3,"[3, 4, 1, 2]",4.9375
ru6yda,"[2, 3, 4, 1]",16.9375
ryRBAt,"[3, 2, 1, 4]",4.3125
sGGVcz,"[3, 4, 2, 1]",4.875
siZhmn,"[2, 1, 3, 4]",2.875
tCTz3r,"[3, 1, 4, 2]",9.625
tEjoIA,"[1, 2, 3, 4]",0.125
tF6VNu,"[4, 3, 1, 2]",0.0
tISnNm,"[1, 4, 3, 2]",6.0
tIc3rf,"[2, 4, 3, 1]",2.0
tMfEmp,"[3, 2, 4, 1]",5.125
tRqDPl,"[1, 2, 3, 4]",2.3125
tTOg1O,"[3, 4, 2, 1]",1.0
tXatfA,"[2, 3, 4, 1]",7.0
tXkDkD,"[1, 3, 2, 4]",11.75
tcFm2R,"[1, 2, 3, 4]",11.3125
tnDaE6,"[2, 4, 1, 3]",15.5625
tsTiss,"[2, 4, 3, 1]",9.71875
txrN4v,"[1, 3, 4, 2]",6.125
uAVQ46,"[3, 2, 4, 1]",6.5625
uFjfbY,"[3, 2, 4, 1]",13.0
uQE4mF,"[1, 3, 2, 4]",1.375
uSHAE4,"[1, 4, 2, 3]",18.375
uYabeZ,"[2, 1, 3, 4]",2.5625
uZjQQI,"[1, 2, 3, 4]",12.59375
ucfZqi,"[1, 4, 2, 3]",1.0
uq6kpx,"[3, 1, 4, 2]",7.65625
urEt6l,"[2, 4, 3, 1]",8.9375
uyWtdf,"[4, 2, 1, 3]",0.5
v75HyW,"[1, 2, 3, 4]",4.75
v8OJ1q,"[1, 2, 3, 4]",1.5625
vB7BLB,"[1, 2, 3, 4]",12.625
vGBzeo,"[4, 1, 2, 3]",11.5
vIO9v9,"[3, 1, 4, 2]",1.75
vMVwsj,"[4, 1, 3, 2]",0.625
vN8DEE,"[1, 2, 3, 4]",17.9375
vVpiAn,"[4, 2, 3, 1]",6.625
vYc8go,"[2, 4, 3, 1]",16.34375
vbybPn,"[3, 4, 1, 2]",0.5
vh0wEB,"[2, 3, 1, 4]",1.375
w4dbOW,"[2, 3, 1, 4]",5.6875
w4j3St,"[2, 1, 4, 3]",6.0
wDEGbT,"[2, 3, 4, 1]",13.4375
wK1e9B,"[4, 3, 1, 2]",2.5
wTnEOc,"[4, 2, 1, 3]",6.03125
wUBLcm,"[2, 3, 4, 1]",6.5
wVunKR,"[1, 2, 3, 4]",17.625
wXasLQ,"[3, 2, 4, 1]",6.3125
wit5As,"[2, 3, 1, 4]",14.625
wlUSPq,"[2, 4, 3, 1]",3.0
woCNou,"[4, 2, 3, 1]",17.0625
wpWgJC,"[2, 4, 3, 1]",1.125
wrwRzC,"[1, 4, 3, 2]",9.625
wxicbs,"[2, 3, 4, 1]",6.625
wyEJ3l,"[4, 3, 2, 1]",3.4375
x7R19Q,"[1, 3, 4, 2]",8.625
x7RoJh,"[2, 1, 3, 4]",6.25
x7qL3f,"[1, 4, 3, 2]",2.375
xBt8lj,"[3, 1, 2, 4]",14.0625
xSCukT,"[1, 3, 4, 2]",5.375
xa8KF5,"[3, 1, 4, 2]",11.5
xc5dI6,"[4, 2, 1, 3]",2.9375
xhTETe,"[3, 4, 1, 2]",0.875
xhhhpg,"[3, 4, 1, 2]",0.625
xhlDes,"[1, 2, 4, 3]",1.875
y2IdZO,"[4, 3, 2, 1]",2.125
y2RAI8,"[2, 3, 4, 1]",3.375
yAWSfv,"[1, 4, 3, 2]",1.65625
yAwmc0,"[4, 2, 3, 1]",3.75
yHzXd8,"[1, 3, 2, 4]",0.75
yK3yDt,"[4, 1, 2, 3]",8.125
yRN9JF,"[2, 1, 4, 3]",0.625
yUGgq3,"[4, 3, 1, 2]",5.1875
yb9NII,"[2, 4, 3, 1]",6.75
ybGJDQ,"[1, 3, 4, 2]",10.40625
yg5f5w,"[4, 1, 2, 3]",5.4375
yiYiRW,"[4, 2, 3, 1]",3.375
yngW1f,"[4, 2, 1, 3]",1.375
ynzxgr,"[3, 1, 2, 4]",1.75
yqWbVb,"[1, 3, 2, 4]",0.375
yr2lQd,"[1, 2, 3, 4]",5.875
yvDfXh,"[2, 1, 3, 4]",21.0625
yx3vew,"[4, 3, 2, 1]",0.5625
zAWJ1G,"[1, 4, 2, 3]",9.3125
zIRhAf,"[3, 2, 1, 4]",9.375
zKUwmQ,"[4, 3, 2, 1]",5.3125
zMkfAB,"[4, 3, 1, 2]",6.5
zPNSKW,"[2, 1, 3, 4]",9.375
zVUWuP,"[2, 1, 4, 3]",2.5625
zftnD9,"[1, 2, 4, 3]",8.0625
zgpRfv,"[1, 2, 3, 4]",11.125
zjFnbl,"[3, 1, 4, 2]",1.6875
zrwNy9,"[4, 2, 1, 3]",13.0
zsJWpm,"[3, 4, 1, 2]",5.25
ztfQoL,"[2, 3, 1, 4]",1.625
zx0vvI,"[3, 4, 1, 2]",5.0
