step,w1,w2,w3,w4,w5,w6,ema1,ema2,ema3,ema4,ema5,ema6,L1,L2,L3,L4,L5,L6,wn1,wn2,wn3,wn4,wn5,eman1,eman2,eman3,eman4,eman5
50,0.19290293753147125,0.15029758214950562,0.19739945232868195,0.1378871500492096,0.13073861598968506,0.1907743215560913,0.8226725459098816,0.7740544080734253,0.8662411570549011,0.7764682173728943,0.7514590620994568,0.8134025931358337,0.7819483876228333,0.0380413718521595,4.758614540100098,1.7014132738113403,0.07888973504304886,0.0380413718521595,1.1485991477966309,1.3622362613677979,0.8314648866653442,0.8292546272277832,0.8010813593864441,0.9800476431846619,1.0084784030914307,0.9261960983276367,0.9257524609565735,0.9242725372314453
100,0.2472386360168457,0.1324973702430725,0.1899271160364151,0.17346714437007904,0.11502314358949661,0.14184659719467163,0.6851290464401245,0.5820630788803101,0.641511082649231,0.6265127658843994,0.558721661567688,0.5933077931404114,0.014598837122321129,0.0005529314512386918,0.0040784431621432304,3.726646127688582e-06,2.260326937175705e-06,1.3709582162846345e-06,1.2231285572052002,1.5114595890045166,0.8513144254684448,0.7332674860954285,0.6506284475326538,0.9394317269325256,0.9747090339660645,0.8790341019630432,0.8456586599349976,0.8342269659042358
150,0.22312727570533752,0.14217813313007355,0.19983334839344025,0.1825256049633026,0.10641446709632874,0.14592121541500092,0.573792040348053,0.5056870579719543,0.5537357926368713,0.5386986136436462,0.4497312307357788,0.5017271041870117,0.20051725208759308,0.8259393572807312,0.014163456857204437,0.005233798176050186,0.011047745123505592,0.001170194591395557,1.4203648567199707,1.4208383560180664,0.7999220490455627,0.6401605606079102,0.572502076625824,0.9215390086174011,0.9215945601463318,0.8258465528488159,0.7824999094009399,0.7700968980789185
200,0.21336525678634644,0.1587492823600769,0.11408302932977676,0.17782464623451233,0.16359783709049225,0.17237994074821472,0.5707109570503235,0.5216149687767029,0.4663293659687042,0.5395638942718506,0.5261704921722412,0.53447026014328,0.10978160798549652,0.07888973504304886,0.0019285932648926973,0.0015023101586848497,0.0380413718521595,0.005233798176050186,1.3497138023376465,1.8330243825912476,0.8707427382469177,0.48683273792266846,0.4314371347427368,0.8907326459884644,0.9417451024055481,0.8176824450492859,0.7140059471130371,0.7006449699401855
250,0.2247331291437149,0.14189885556697845,0.19430668652057648,0.1313445121049881,0.13489499688148499,0.17282183468341827,0.5151281356811523,0.4388067424297333,0.49075934290885925,0.4267902970314026,0.4314045011997223,0.4714650809764862,0.050688374787569046,0.005233798176050186,0.014163456857204437,0.07888973504304886,0.10020655393600464,0.018149929121136665,1.355916976928711,1.9646295309066772,0.9464415311813354,0.40295785665512085,0.3345746695995331,0.8598593473434448,0.9216636419296265,0.7999386787414551,0.6576257944107056,0.6207832098007202
300,0.33884671330451965,0.09943648427724838,0.20827114582061768,0.13984081149101257,0.10377912223339081,0.1098257377743721,0.5872055888175964,0.3849087059497833,0.5068967938423157,0.4411712884902954,0.3919616937637329,0.4013056755065918,0.00021557706349994987,1.6052279505629485e-09,3.978962558742749e-12,4.139937814784389e-08,3.3982678893096363e-09,1.0815941892117209e-11,1.711949110031128,1.6249810457229614,0.7802706360816956,0.3710640072822571,0.26569443941116333,0.8879127502441406,0.8792233467102051,0.7493860721588135,0.6330772042274475,0.5774059295654297
350,0.3041626811027527,0.0906672328710556,0.18491554260253906,0.14725549519062042,0.14606106281280518,0.12693797051906586,0.5920343399047852,0.39130547642707825,0.5089802742004395,0.472896546125412,0.46997520327568054,0.44688278436660767,0.1050138846039772,0.0031777266412973404,0.011047745123505592,0.16022413969039917,0.0024756852071732283,0.00861448422074318,2.0347273349761963,1.2791848182678223,0.620048463344574,0.3556221127510071,0.22855281829833984,0.9032720327377319,0.8344403505325317,0.7137435674667358,0.6210887432098389,0.5474051833152771
400,0.24657697975635529,0.11658793687820435,0.1745312213897705,0.1785828024148941,0.13529516756534576,0.1484259068965912,0.5529188513755798,0.43081438541412354,0.49616312980651855,0.4995735287666321,0.4539477527141571,0.46928220987319946,0.011701957322657108,0.16022413969039917,0.0380413718521595,0.000430649786721915,0.018149929121136665,0.023245465010404587,2.131556272506714,1.3263334035873413,0.4606376588344574,0.31007102131843567,0.228081613779068,0.9088619947433472,0.8218336701393127,0.6535293459892273,0.5875609517097473,0.5363779664039612
450,0.2354174256324768,0.13428348302841187,0.1555713266134262,0.24102449417114258,0.11994817107915878,0.11375512927770615,0.4830382168292999,0.40002521872520447,0.41504526138305664,0.4884534180164337,0.38988059759140015,0.38342052698135376,0.5400091409683228,1.5019291639328003,0.575939416885376,0.6931471824645996,2.3502066135406494,2.578889846801758,2.038079261779785,1.4593449831008911,0.4909510910511017,0.31205201148986816,0.22835174202919006,0.8631652593612671,0.8044894337654114,0.6229230165481567,0.5473939180374146,0.4953467845916748
500,0.2322610318660736,0.1451324075460434,0.16331757605075836,0.18161234259605408,0.1388731747865677,0.1388034224510193,0.4392816126346588,0.35124680399894714,0.3627631962299347,0.38199910521507263,0.3358549177646637,0.3357408940792084,1.8708672523498535,0.8259393572807312,0.029750417917966843,0.20141328871250153,0.014163456857204437,0.011047745123505592,1.977547526359558,1.582266926765442,0.46925169229507446,0.3117334842681885,0.23494409024715424,0.8142951130867004,0.7792999148368835,0.5767208337783813,0.5085557103157043,0.4614222049713135
550,0.26536160707473755,0.15048712491989136,0.14903639256954193,0.16716784238815308,0.1332002729177475,0.1347467005252838,0.40558093786239624,0.3120841085910797,0.31116414070129395,0.3293187916278839,0.29184308648109436,0.29374438524246216,0.0016680876724421978,0.011047745123505592,0.07888973504304886,2.1445179299917072e-05,0.00033540636650286615,7.889293556218036e-06,2.0131137371063232,1.5208529233932495,0.49571719765663147,0.29559144377708435,0.22654956579208374,0.7889994382858276,0.7422642111778259,0.5554273724555969,0.4692561626434326,0.420810341835022
600,0.23099176585674286,0.14721782505512238,0.12769494950771332,0.14226749539375305,0.19730320572853088,0.1545248031616211,0.3738096058368683,0.2992400527000427,0.27578291296958923,0.2940801978111267,0.3476651906967163,0.3072351813316345,0.024424288421869278,0.0002034476783592254,0.0019285932648926973,0.04858735203742981,0.011047745123505592,0.000430649786721915,1.8096610307693481,1.6885911226272583,0.5988762974739075,0.33617937564849854,0.2589837908744812,0.7280434370040894,0.7165026068687439,0.5437368154525757,0.4431775212287903,0.40402188897132874
650,0.24537435173988342,0.1611616611480713,0.13076499104499817,0.1335630565881729,0.15893635153770447,0.17019957304000854,0.40361538529396057,0.3340596854686737,0.3055030405521393,0.3040790557861328,0.33277755975723267,0.3518013656139374,0.11955693364143372,0.10020655393600464,0.6931471824645996,0.20141328871250153,0.20141328871250153,0.9740769863128662,1.849687099456787,1.643355369567871,0.552944540977478,0.33264046907424927,0.27932092547416687,0.7130231857299805,0.6933104395866394,0.5102614164352417,0.42707160115242004,0.3979547917842865
700,0.23299717903137207,0.16877993941307068,0.11187885701656342,0.12234706431627274,0.1308625489473343,0.2331344336271286,0.45392292737960815,0.40004459023475647,0.33087214827537537,0.3500678241252899,0.3567327558994293,0.45482417941093445,0.8936693072319031,0.8259393572807312,0.6931471824645996,1.136871099472046,0.6931471824645996,0.9740769863128662,2.051575183868408,1.435843586921692,0.5129066109657288,0.2859465777873993,0.23433099687099457,0.7374480366706848,0.677972137928009,0.5101597905158997,0.40902167558670044,0.3758432865142822
750,0.2556953430175781,0.1418675184249878,0.11689313501119614,0.14965467154979706,0.13844917714595795,0.19744019210338593,0.41057029366493225,0.30929481983184814,0.2780498266220093,0.31795600056648254,0.3049921691417694,0.36415642499923706,0.4372633695602417,0.029750417917966843,0.10020655393600464,0.014163456857204437,0.0019285932648926973,0.06196758896112442,1.9952515363693237,1.5109643936157227,0.5468650460243225,0.2759570777416229,0.2360711693763733,0.705558717250824,0.6592217087745667,0.4898381531238556,0.37351053953170776,0.34982672333717346
800,0.2197255641222,0.14762499928474426,0.1535629779100418,0.13372428715229034,0.19824063777923584,0.14712156355381012,0.41258305311203003,0.35536912083625793,0.358484148979187,0.32752102613449097,0.40062034130096436,0.34419214725494385,0.47253814339637756,1.313261866569519,0.9740769863128662,0.16022413969039917,0.9740769863128662,0.2519291043281555,2.170976400375366,1.2767330408096313,0.5212337970733643,0.25436878204345703,0.2139369696378708,0.7156131863594055,0.6278517842292786,0.47782427072525024,0.3582553267478943,0.32940471172332764
850,0.22785614430904388,0.1722325086593628,0.1536959409713745,0.1391306072473526,0.16598942875862122,0.14109541475772858,0.4456040859222412,0.40574386715888977,0.3830738663673401,0.35738205909729004,0.38839706778526306,0.3615865707397461,1.0696004629135132,1.7014132738113403,1.31326162815094,0.3868710398674011,0.575939416885376,0.575939416885376,2.129953622817993,1.3370215892791748,0.5472203493118286,0.2518053650856018,0.20528990030288696,0.7012447714805603,0.623635470867157,0.47968950867652893,0.34537824988365173,0.3113393783569336
900,0.2552557587623596,0.1811782568693161,0.15999910235404968,0.12604860961437225,0.14486582577228546,0.13265246152877808,0.4600597023963928,0.4018920660018921,0.3802618980407715,0.34090933203697205,0.3626422584056854,0.3542523682117462,0.4740769863128662,0.3132617175579071,0.20141328871250153,0.20141328871250153,0.07888973504304886,0.6931471824645996,2.10493803024292,1.3697830438613892,0.5381032824516296,0.2554807960987091,0.21888545155525208,0.6817889213562012,0.6136482357978821,0.4579220414161682,0.3337714970111847,0.30800506472587585
950,0.2792675197124481,0.158931165933609,0.14015978574752808,0.14476457238197327,0.13832545280456543,0.13855154812335968,0.4387410581111908,0.34339675307273865,0.3226092755794525,0.32794228196144104,0.32045701146125793,0.3207088112831116,0.2386273592710495,0.005233798176050186,0.00033540636650286615,0.0002612244279589504,0.0024756852071732283,0.0007099223439581692,2.1353111267089844,1.332456111907959,0.5077681541442871,0.2612963020801544,0.22494781017303467,0.6710873246192932,0.5872443318367004,0.4316968619823456,0.32096853852272034,0.29600411653518677
1000,0.2525162100791931,0.14796406030654907,0.1568596512079239,0.12752391397953033,0.13941480219364166,0.17572134733200073,0.40638887882232666,0.3163328468799591,0.3260202705860138,0.29304057359695435,0.3065481185913086,0.34473666548728943,0.18942856788635254,0.0031777266412973404,0.00861448422074318,0.12692801654338837,0.006715348456054926,0.006715348456054926,2.186464309692383,1.266173243522644,0.49346160888671875,0.2634449601173401,0.21469232439994812,0.6541879773139954,0.5690617561340332,0.41201019287109375,0.3074100911617279,0.27330368757247925
1050,0.2643738090991974,0.1808394193649292,0.1323072761297226,0.12421218305826187,0.15725018084049225,0.1410171091556549,0.43895769119262695,0.37400344014167786,0.321938693523407,0.30957430601119995,0.3485080301761627,0.3304687440395355,0.48140522837638855,0.2519291043281555,0.20141328871250153,0.006715348456054926,0.00861448422074318,0.0024756852071732283,2.0887699127197266,1.383677363395691,0.4912404716014862,0.3099835515022278,0.21813304722309113,0.6395259499549866,0.5708875060081482,0.398293137550354,0.3203619420528412,0.2629883587360382
1100,0.25702106952667236,0.16019156575202942,0.1458328664302826,0.11621353030204773,0.1477258801460266,0.1730150729417801,0.4126000702381134,0.33415403962135315,0.3149319589138031,0.27756252884864807,0.3172988295555115,0.3432241976261139,0.43047401309013367,0.3868710398674011,0.014163456857204437,0.023245465010404587,0.0380413718521595,0.023245465010404587,2.022956371307373,1.4949921369552612,0.47207513451576233,0.32150620222091675,0.22819718718528748,0.6152863502502441,0.564879834651947,0.3708994686603546,0.3087365925312042,0.2516021430492401
1150,0.2601223587989807,0.15853174030780792,0.10997229069471359,0.14155928790569305,0.12093283236026764,0.20888157188892365,0.4366968870162964,0.3468126356601715,0.28596261143684387,0.3259068727493286,0.2998061180114746,0.3899129033088684,1.0696004629135132,0.2519291043281555,0.20141328871250153,0.029750417917966843,0.018149929121136665,0.011047745123505592,2.021777629852295,1.3003302812576294,0.667832612991333,0.29323872923851013,0.24953065812587738,0.6020413637161255,0.5310372114181519,0.4199812114238739,0.2828061282634735,0.25590524077415466
1200,0.2436211258172989,0.12787359952926636,0.10626813769340515,0.16669286787509918,0.17614760994911194,0.17939673364162445,0.439497709274292,0.33629927039146423,0.3000994324684143,0.37438035011291504,0.3838162422180176,0.38683202862739563,0.37755733728408813,0.6931471824645996,0.12692801654338837,0.12692801654338837,0.16022413969039917,0.16022413969039917,1.9933890104293823,1.4279791116714478,0.6168419718742371,0.2639816999435425,0.2581641376018524,0.599035918712616,0.5467409491539001,0.4068405032157898,0.2653850018978119,0.2616709768772125
1250,0.22051964700222015,0.13591760396957397,0.13387079536914825,0.16458308696746826,0.16401322185993195,0.1810956597328186,0.38928237557411194,0.30931222438812256,0.3068001866340637,0.34088772535324097,0.34032848477363586,0.35688409209251404,0.013211595825850964,0.001170194591395557,0.00033540636650286615,0.001170194591395557,0.0024756852071732283,0.023245465010404587,1.8239251375198364,1.4993481636047363,0.7921715378761292,0.2714337706565857,0.2905007004737854,0.5563595294952393,0.5292391777038574,0.4229045510292053,0.24439458549022675,0.2557092308998108
1300,0.24359233677387238,0.13787342607975006,0.1299358308315277,0.17573024332523346,0.15709732472896576,0.15577079355716705,0.4101419448852539,0.3160679042339325,0.30620354413986206,0.3560173809528351,0.33753082156181335,0.3361254930496216,0.02487877383828163,0.00861448422074318,0.0005529314512386918,0.000430649786721915,0.001170194591395557,0.0005529314512386918,1.7895880937576294,1.5931004285812378,0.7555375695228577,0.2870253324508667,0.280361145734787,0.5533151030540466,0.5339311957359314,0.4095965623855591,0.24828672409057617,0.24200433492660522
1350,0.22411328554153442,0.13137881457805634,0.12203595042228699,0.13086038827896118,0.18158423900604248,0.21002738177776337,0.4149692952632904,0.3240092396736145,0.31179994344711304,0.32331642508506775,0.3856275975704193,0.40137889981269836,0.28798043727874756,0.0040784431621432304,0.00033540636650286615,3.535687574185431e-05,0.8259393572807312,1.6701560525689274e-05,1.7735962867736816,1.7368882894515991,0.6657070517539978,0.2737064063549042,0.27559298276901245,0.5516358017921448,0.5481501221656799,0.38831666111946106,0.24018438160419464,0.24106697738170624
1400,0.23718588054180145,0.13593928515911102,0.13906504213809967,0.12445889413356781,0.1937166005373001,0.1696343719959259,0.3452652096748352,0.25322139263153076,0.2571931481361389,0.23903167247772217,0.31213656067848206,0.29074886441230774,0.021059907972812653,0.001170194591395557,0.023245465010404587,0.0380413718521595,0.04858735203742981,0.10020655393600464,1.7864422798156738,1.7533323764801025,0.61199551820755,0.281007319688797,0.2817489206790924,0.5325395464897156,0.5294215679168701,0.3508521616458893,0.22427275776863098,0.2247120440006256
1450,0.1995353400707245,0.09558135271072388,0.14870887994766235,0.11207893490791321,0.2628372013568878,0.18125827610492706,0.3717929720878601,0.25034239888191223,0.32327204942703247,0.27661359310150146,0.41724687814712524,0.35593080520629883,0.0010949088027700782,0.0002612244279589504,1.6701560525689274e-05,0.00015844876179471612,1.6701560525689274e-05,1.013004202832235e-05,1.8783538341522217,1.8521668910980225,0.47719791531562805,0.22538471221923828,0.23634423315525055,0.5619322061538696,0.5595923066139221,0.33022934198379517,0.2085418403148651,0.21645526587963104
1500,0.1855374276638031,0.11742622405290604,0.18907174468040466,0.10414845496416092,0.21385431289672852,0.18996188044548035,0.39925283193588257,0.32457971572875977,0.4017774164676666,0.30282601714134216,0.421539843082428,0.40199989080429077,0.12085610628128052,0.20141328871250153,0.06196758896112442,0.005928608123213053,0.005928608123213053,0.006715348456054926,2.1446316242218018,1.4875822067260742,0.43718641996383667,0.19575250148773193,0.2085382640361786,0.5989446640014648,0.5379753708839417,0.3338840901851654,0.19857585430145264,0.2105112224817276
1550,0.21896642446517944,0.16594156622886658,0.16084212064743042,0.10745752602815628,0.16161751747131348,0.18517494201660156,0.3596170246601105,0.31078875064849854,0.3056075870990753,0.23901520669460297,0.30652308464050293,0.3296312987804413,0.321823388338089,0.014163456857204437,0.011047745123505592,0.006715348456054926,0.023245465010404587,0.08893946558237076,2.1176466941833496,1.491214394569397,0.4440928101539612,0.20920465886592865,0.22562573850154877,0.575695812702179,0.5172433853149414,0.3153579533100128,0.18896090984344482,0.2024986296892166
1600,0.22798490524291992,0.17054690420627594,0.16501384973526,0.11479395627975464,0.15682294964790344,0.16483741998672485,0.3693881928920746,0.3189014494419098,0.3136332631111145,0.2535916566848755,0.3097681403160095,0.3132663667201996,0.2624127268791199,0.0031777266412973404,0.020541900768876076,0.0040784431621432304,0.4740769863128662,0.0015023101586848497,2.0291905403137207,1.6841496229171753,0.42635902762413025,0.20466329157352448,0.21697627007961273,0.5592657923698425,0.5324500203132629,0.30349430441856384,0.18117505311965942,0.19091202318668365
1650,0.20743827521800995,0.14240209758281708,0.15283329784870148,0.12748833000659943,0.16252854466438293,0.20730946958065033,0.332859605550766,0.2726236879825592,0.28779327869415283,0.2526015043258667,0.30116361379623413,0.3328225016593933,0.0420498289167881,0.22541265189647675,0.575939416885376,0.04858735203742981,0.8981232643127441,0.04858735203742981,2.0602238178253174,1.631298303604126,0.42530837655067444,0.20571540296077728,0.2147367000579834,0.554955005645752,0.5160486102104187,0.2919866740703583,0.17094232141971588,0.17809545993804932
1700,0.23530572652816772,0.14271193742752075,0.16269105672836304,0.14292246103286743,0.17006435990333557,0.14630448818206787,0.3655981123447418,0.27905139327049255,0.2994474172592163,0.27823078632354736,0.307842880487442,0.2819947898387909,0.5306499004364014,0.12692801654338837,0.004620229359716177,0.020541900768876076,0.1128222793340683,0.011047745123505592,2.0089917182922363,1.668944239616394,0.45128509402275085,0.2267812341451645,0.21632203459739685,0.5335462093353271,0.5063369274139404,0.28836238384246826,0.17367681860923767,0.16580720245838165
1750,0.24131090939044952,0.12014845013618469,0.13895656168460846,0.2087896466255188,0.1516062468290329,0.13918821513652802,0.3557402789592743,0.24291323125362396,0.26065972447395325,0.3278420865535736,0.2776798605918884,0.26422354578971863,0.829997181892395,1.0537006855010986,0.42870068550109863,0.42870068550109863,0.6931471824645996,0.7575989961624146,1.8804513216018677,1.8375798463821411,0.4733867347240448,0.2516368329524994,0.22333796322345734,0.5124562382698059,0.5068544745445251,0.2808057963848114,0.17548483610153198,0.1556013822555542
1800,0.22863510251045227,0.1416231393814087,0.16614000499248505,0.17530371248722076,0.1351136863231659,0.15318447351455688,0.37614917755126953,0.29056841135025024,0.3169107437133789,0.3282754421234131,0.28305262327194214,0.3035117983818054,0.6567788124084473,0.0015023101586848497,0.0013259010156616569,0.2519291043281555,0.02630019560456276,0.0010327640920877457,1.9883042573928833,1.7270874977111816,0.443952351808548,0.22756709158420563,0.2048361450433731,0.5241838693618774,0.5039995908737183,0.2775871753692627,0.16620849072933197,0.14866936206817627
1850,0.23601581156253815,0.1662697196006775,0.1849459558725357,0.1526353508234024,0.13443736732006073,0.12569576501846313,0.3246951103210449,0.26689594984054565,0.28446057438850403,0.25277867913246155,0.231831356883049,0.22073771059513092,0.00017217305139638484,4.222842107992619e-06,4.222842107992619e-06,7.889293556218036e-06,6.144193321233615e-06,3.726646127688582e-06,1.88552987575531,1.7888373136520386,0.4838268756866455,0.2591590881347656,0.23914074897766113,0.4934912919998169,0.4798707365989685,0.2667851150035858,0.16273760795593262,0.14933931827545166
1900,0.2226860374212265,0.15266045928001404,0.20861700177192688,0.13493551313877106,0.12401723116636276,0.15708374977111816,0.2970137298107147,0.23346762359142303,0.2860516607761383,0.21457895636558533,0.21237394213676453,0.25887107849121094,0.4062405824661255,0.28115013241767883,0.38687101006507874,0.42870068550109863,1.6004126071929932,2.3502066135406494,1.9176121950149536,1.729805827140808,0.47112414240837097,0.257942795753479,0.25209110975265503,0.4866299033164978,0.46945130825042725,0.2526775002479553,0.15228021144866943,0.15536707639694214
1950,0.2574234902858734,0.1640334129333496,0.14861157536506653,0.13946238160133362,0.12646172940731049,0.16400741040706635,0.3375517725944519,0.27018463611602783,0.24897868931293488,0.23362118005752563,0.2130843997001648,0.2578704357147217,1.1056923866271973,1.8047447204589844,1.31326162815094,0.8259393572807312,0.3868710398674011,0.575939416885376,2.0182273387908936,1.584976077079773,0.4525907635688782,0.247493177652359,0.24932022392749786,0.49664920568466187,0.46215447783470154,0.24748478829860687,0.14688390493392944,0.14810974895954132
2000,0.25142931938171387,0.16836512088775635,0.10843192785978317,0.14732573926448822,0.16896706819534302,0.15548095107078552,0.3508760631084442,0.2822047472000122,0.20962172746658325,0.2601236402988434,0.28272852301597595,0.26900169253349304,0.25689953565597534,0.006715348456054926,0.00861448422074318,0.001170194591395557,0.0002034476783592254,2.260326937175705e-06,1.9110889434814453,1.5810546875,0.604458212852478,0.24676474928855896,0.2799866199493408,0.4774448573589325,0.4458480179309845,0.2834082245826721,0.13627935945987701,0.15733040869235992
2050,0.2370823472738266,0.1525585800409317,0.12116837501525879,0.17167061567306519,0.1523355394601822,0.1651846021413803,0.33613139390945435,0.2640420198440552,0.224444180727005,0.28193387389183044,0.262201726436615,0.2755624055862427,0.09498728066682816,0.16022413969039917,0.0015023101586848497,0.0019285932648926973,0.00033540636650286615,0.0002612244279589504,1.9729803800582886,1.5099560022354126,0.5691770911216736,0.24721339344978333,0.27722638845443726,0.4793055057525635,0.43472805619239807,0.2721206843852997,0.13227514922618866,0.15222783386707306
2100,0.20383158326148987,0.16891545057296753,0.15102650225162506,0.15662279725074768,0.15041430294513702,0.16918940842151642,0.3146924078464508,0.2844806909561157,0.2628231644630432,0.26953125,0.27159619331359863,0.2818124294281006,0.26933717727661133,0.3484445810317993,0.029750417917966843,0.10020655393600464,0.9740769863128662,0.05488218367099762,1.938219666481018,1.5422691106796265,0.5808613896369934,0.2419685572385788,0.29626333713531494,0.4706233739852905,0.43436458706855774,0.2716149389743805,0.12566421926021576,0.15940438210964203
2150,0.23317477107048035,0.17059744894504547,0.15098120272159576,0.14615537226200104,0.14012189209461212,0.15896926820278168,0.3334396183490753,0.3064635992050171,0.2717866897583008,0.26409584283828735,0.2504532039165497,0.2874711751937866,1.805818796157837,4.264163494110107,2.811967611312866,2.578889846801758,1.910224199295044,3.529750347137451,1.968366265296936,1.5145562887191772,0.553634762763977,0.25496068596839905,0.2856646478176117,0.492350697517395,0.4255751669406891,0.2578463852405548,0.12861374020576477,0.14756529033184052
2200,0.18109726905822754,0.17355427145957947,0.15921887755393982,0.17487703263759613,0.12537989020347595,0.1858726441860199,0.34650522470474243,0.33893293142318726,0.3247327506542206,0.34018561244010925,0.28528428077697754,0.35024699568748474,0.055277470499277115,2.1445179299917072e-05,0.0024756852071732283,1.013004202832235e-05,2.510999053129126e-08,3.6534821390432626e-08,1.905658483505249,1.7131428718566895,0.5571069121360779,0.22402030229568481,0.24329037964344025,0.48340073227882385,0.4656510651111603,0.27842977643013,0.12659303843975067,0.1390468329191208
2250,0.2221805453300476,0.1709900051355362,0.1447698175907135,0.1640971153974533,0.12815991044044495,0.16980262100696564,0.3264012932777405,0.28389284014701843,0.2517327070236206,0.26991984248161316,0.22860704362392426,0.2859962582588196,0.8278611302375793,0.8981232643127441,0.42870068550109863,0.1797446310520172,0.12692803144454956,1.2234445810317993,1.810243010520935,1.8369815349578857,0.561343252658844,0.24303217232227325,0.2590903043746948,0.4605051279067993,0.46100375056266785,0.2634126842021942,0.12388955801725388,0.13455335795879364
2300,0.21152406930923462,0.14551231265068054,0.13732708990573883,0.18780101835727692,0.13917888700962067,0.17865659296512604,0.33744892477989197,0.2775305211544037,0.26560014486312866,0.31748682260513306,0.26775476336479187,0.30910247564315796,0.0714811384677887,0.2519291043281555,0.014163456857204437,0.0380413718521595,0.00861448422074318,0.023245465010404587,1.9717345237731934,1.6526312828063965,0.5041899681091309,0.22979149222373962,0.23571406304836273,0.47892335057258606,0.45366790890693665,0.2558060884475708,0.12484262883663177,0.1290838122367859
2350,0.24539786577224731,0.16558508574962616,0.11315740644931793,0.1674623042345047,0.1296580731868744,0.17873923480510712,0.37206387519836426,0.3062576353549957,0.24921981990337372,0.3088395595550537,0.26662304997444153,0.317962646484375,0.26933717727661133,0.1797446310520172,0.7575989961624146,0.2519291043281555,0.2519291043281555,0.08893946558237076,2.146542549133301,1.4470460414886475,0.44743025302886963,0.21515005826950073,0.2112792730331421,0.5100845098495483,0.4443621337413788,0.24897167086601257,0.1267048418521881,0.1236790269613266
2400,0.24044784903526306,0.15954573452472687,0.12218824028968811,0.15820187330245972,0.1398237943649292,0.1797925978899002,0.3462292551994324,0.2752406597137451,0.23127982020378113,0.2816743552684784,0.2577800750732422,0.2949041724205017,0.374014675617218,0.04299908131361008,0.04858735203742981,0.8259393572807312,0.4740769863128662,0.0380413718521595,2.133373498916626,1.4418511390686035,0.45899394154548645,0.2257719486951828,0.2145591527223587,0.49940231442451477,0.4341062009334564,0.24333184957504272,0.12689432501792908,0.11658994108438492
2450,0.2476108819246292,0.11256134510040283,0.14300838112831116,0.13998781144618988,0.16048939526081085,0.1963421106338501,0.345406711101532,0.21506625413894653,0.25456926226615906,0.2510456442832947,0.2735966145992279,0.3068656921386719,0.02610241435468197,1.9555681518568235e-08,0.0001234021910931915,1.3176514046531196e-10,1.9555681518568235e-08,3.224186784223093e-08,2.039625406265259,1.6129580736160278,0.4405645430088043,0.22847236692905426,0.2245299518108368,0.4886121451854706,0.4494960606098175,0.23320136964321136,0.12258830666542053,0.12086006999015808
2500,0.20639772713184357,0.10034912824630737,0.13247230648994446,0.1700085997581482,0.1810997724533081,0.20967251062393188,0.3478727340698242,0.2286725640296936,0.2745974361896515,0.31565043330192566,0.32607826590538025,0.3502505123615265,0.02195693738758564,0.000911466486286372,0.011047745123505592,2.9023162824159954e-06,1.7603447304281872e-06,2.510999053129126e-08,2.0270814895629883,1.6403229236602783,0.462199866771698,0.21647825837135315,0.21405205130577087,0.4927908182144165,0.45750683546066284,0.24639832973480225,0.11998045444488525,0.11698184162378311
2550,0.21727660298347473,0.11719517409801483,0.1367626190185547,0.15840990841388702,0.20218884944915771,0.168166846036911,0.35159236192703247,0.24849289655685425,0.2740918695926666,0.29820194840431213,0.3383713960647583,0.3079858422279358,0.1350395232439041,0.011047745123505592,0.023245465010404587,0.00975591130554676,0.000430649786721915,0.0019285932648926973,2.095137357711792,1.5824884176254272,0.4108782708644867,0.19676236808300018,0.2242611199617386,0.5004574060440063,0.45838111639022827,0.23363831639289856,0.11092160642147064,0.13272398710250854
2600,0.2499833106994629,0.136984184384346,0.13133428990840912,0.14830248057842255,0.18604734539985657,0.14734838902950287,0.3723251223564148,0.2722589373588562,0.2653091847896576,0.2926313877105713,0.3199620544910431,0.28768491744995117,1.055474042892456,0.9740769863128662,0.9740769863128662,1.7014132738113403,0.6931471824645996,1.31326162815094,2.062342882156372,1.603886604309082,0.4386661946773529,0.20979754626750946,0.21862462162971497,0.49823853373527527,0.46277305483818054,0.2402619868516922,0.11732935160398483,0.12419824302196503
2650,0.20773892104625702,0.14447323977947235,0.1631135791540146,0.14783555269241333,0.183279886841774,0.15355882048606873,0.3359937071800232,0.2750609815120697,0.29447081685066223,0.28148379921913147,0.31431782245635986,0.2840057611465454,0.41393426060676575,0.3132617175579071,0.2519291043281555,0.575939416885376,0.3132617175579071,0.20141328871250153,1.9927852153778076,1.7243691682815552,0.4383481442928314,0.21539217233657837,0.21674345433712006,0.4911688566207886,0.4685249328613281,0.24025772511959076,0.1218322142958641,0.12287456542253494
2700,0.20891128480434418,0.15260276198387146,0.16071070730686188,0.1470670998096466,0.17660678923130035,0.15410129725933075,0.3358226418495178,0.28864234685897827,0.29140546917915344,0.27597180008888245,0.32019010186195374,0.3007262051105499,0.29344964027404785,0.7575989961624146,0.1797446310520172,0.10020655393600464,1.5019291639328003,1.8047447204589844,1.910499095916748,1.8867156505584717,0.41653838753700256,0.215122789144516,0.22297486662864685,0.4842389225959778,0.4849686622619629,0.23038208484649658,0.12025380879640579,0.12622882425785065
2750,0.21335703134536743,0.15427762269973755,0.131825253367424,0.14354214072227478,0.18052160739898682,0.17647631466388702,0.30925607681274414,0.2565383017063141,0.23307430744171143,0.24439764022827148,0.2802811861038208,0.27667102217674255,0.14767442643642426,0.22541265189647675,0.4740769863128662,0.20141328871250153,0.007606093771755695,0.020541900768876076,1.886641502380371,1.88496994972229,0.4315045475959778,0.2238815724849701,0.2376583069562912,0.46960175037384033,0.46945399045944214,0.22311215102672577,0.11436235904693604,0.12431512773036957
2800,0.2681560516357422,0.16734565794467926,0.13866198062896729,0.11543350666761398,0.1558971256017685,0.154505655169487,0.3453448414802551,0.26735588908195496,0.23633219301700592,0.2060803472995758,0.2556632161140442,0.2541837990283966,0.01902075856924057,2.9023162824159954e-06,8.764247638737288e-08,4.691164434689199e-08,7.889293556218036e-06,2.510999053129126e-08,1.9064444303512573,1.7844393253326416,0.4830082952976227,0.23044279217720032,0.24066542088985443,0.46380510926246643,0.4527824819087982,0.23497819900512695,0.11163966357707977,0.11773610860109329
2850,0.277503103017807,0.14948171377182007,0.1541421264410019,0.12229461222887039,0.1521761119365692,0.14440229535102844,0.3105926215648651,0.20793814957141876,0.2124945968389511,0.17481586337089539,0.2141348123550415,0.2028835266828537,0.11955693364143372,0.06196758896112442,0.011047745123505592,0.06196758896112442,0.3868710398674011,0.12692801654338837,1.8520057201385498,1.8957549333572388,0.461403489112854,0.23585502803325653,0.24233461916446686,0.4497182071208954,0.45360952615737915,0.21720123291015625,0.1062503308057785,0.11076735705137253
2900,0.2709771394729614,0.23632307350635529,0.16439548134803772,0.10287561267614365,0.11917825043201447,0.10625041276216507,0.36871203780174255,0.3422529101371765,0.284261018037796,0.20502585172653198,0.23236005008220673,0.21035173535346985,0.7750082015991211,0.3868710398674011,0.575939416885376,0.3868710398674011,0.6931471824645996,0.3868710398674011,1.9973567724227905,1.6921336650848389,0.3982617259025574,0.26096412539482117,0.22599655389785767,0.47679126262664795,0.45025700330734253,0.20804618299007416,0.13759176433086395,0.11361457407474518
2950,0.2946983575820923,0.18825691938400269,0.1584649682044983,0.12368748337030411,0.12646043300628662,0.10843177884817123,0.36254414916038513,0.27737319469451904,0.24894796311855316,0.2080095410346985,0.21159079670906067,0.18621832132339478,1.136871099472046,0.014163456857204437,0.014163456857204437,0.00861448422074318,0.000911466486286372,0.0015023101586848497,1.9517521858215332,1.6179066896438599,0.5055370330810547,0.28028640151023865,0.2429802417755127,0.45340874791145325,0.42327556014060974,0.229397714138031,0.13109615445137024,0.1072908490896225
3000,0.306404173374176,0.1956423670053482,0.13109919428825378,0.1269533485174179,0.12404486536979675,0.11585605144500732,0.3786748945713043,0.2961302697658539,0.2300751954317093,0.22477319836616516,0.22094948589801788,0.2096806764602661,0.8522955179214478,1.013004202832235e-05,1.3007213055971079e-05,3.535687574185431e-05,7.484903471777216e-05,5.8292964240536094e-05,2.0939407348632812,1.4537379741668701,0.4560993015766144,0.26263973116874695,0.22879153490066528,0.46943938732147217,0.41072481870651245,0.21752767264842987,0.12553979456424713,0.10254446417093277
3050,0.3187476396560669,0.1749446541070938,0.13443702459335327,0.1260654777288437,0.12684765458106995,0.11895747482776642,0.34888818860054016,0.24978913366794586,0.21456009149551392,0.1982114017009735,0.19679883122444153,0.1866021305322647,0.014239631593227386,0.0031777266412973404,0.8259393572807312,0.25192907452583313,0.00861448422074318,0.04858735203742981,2.0618526935577393,1.4387675523757935,0.47286850214004517,0.2864941954612732,0.24996019899845123,0.45352521538734436,0.39116761088371277,0.20810139179229736,0.1245848685503006,0.1018487885594368
3100,0.2518570125102997,0.12340067327022552,0.2280864119529724,0.14045365154743195,0.12927787005901337,0.12692435085773468,0.32209521532058716,0.20416095852851868,0.3055213987827301,0.2255430370569229,0.21184015274047852,0.20880697667598724,0.02195693738758564,4.5398901420412585e-05,0.00033540636650286615,0.0024756852071732283,0.0002612244279589504,9.610703273210675e-05,1.9871147871017456,1.4080902338027954,0.5217280983924866,0.34149307012557983,0.28836315870285034,0.43280768394470215,0.3717055022716522,0.2099256068468094,0.13928908109664917,0.11110462248325348
3150,0.24371176958084106,0.13206422328948975,0.16974443197250366,0.17112377285957336,0.1279596984386444,0.15539610385894775,0.3216695189476013,0.2203298956155777,0.26174473762512207,0.26308074593544006,0.2151183933019638,0.24717314541339874,0.02464863657951355,0.0002034476783592254,9.610703273210675e-05,0.00015844876179471612,7.889293556218036e-06,0.00015844876179471612,1.9017665386199951,1.5222145318984985,0.5430195331573486,0.3495441675186157,0.29381686449050903,0.42087170481681824,0.38376885652542114,0.21197283267974854,0.13855360448360443,0.10857300460338593
3200,0.2409484088420868,0.15088264644145966,0.13817504048347473,0.2054760903120041,0.12933947145938873,0.1351783722639084,0.35914328694343567,0.2806393504142761,0.26577824354171753,0.3317296802997589,0.2560025453567505,0.26403293013572693,0.17565155029296875,0.04858735203742981,0.014163456857204437,0.06196758896112442,0.12692801654338837,0.20141328871250153,2.190526247024536,1.2624576091766357,0.45308271050453186,0.2781948745250702,0.23132064938545227,0.4723820090293884,0.3842158317565918,0.2134256809949875,0.13213352859020233,0.10138069093227386
3250,0.24200107157230377,0.1389305293560028,0.13226564228534698,0.17578069865703583,0.15159431099891663,0.15942782163619995,0.3383077383041382,0.24542313814163208,0.24105671048164368,0.2898034155368805,0.25880467891693115,0.2696003019809723,0.33289915323257446,0.20141328871250153,0.575939416885376,0.7575989961624146,0.10020655393600464,0.3484445810317993,2.2056362628936768,1.195910096168518,0.47717010974884033,0.29026854038238525,0.231440931558609,0.47065794467926025,0.3694683611392975,0.21633674204349518,0.13349232077598572,0.09574533998966217
3300,0.26778995990753174,0.14007528126239777,0.13862918317317963,0.15874384343624115,0.13862285017967224,0.15613888204097748,0.349078893661499,0.24417676031589508,0.24407266080379486,0.2629568576812744,0.2409265786409378,0.26097163558006287,0.1110958606004715,0.3132617175579071,0.474077045917511,0.12692801654338837,0.16022413969039917,0.20141328871250153,2.1134660243988037,1.3177345991134644,0.4956730008125305,0.3013019859790802,0.2399650514125824,0.45499417185783386,0.37625831365585327,0.21329949796199799,0.13033226132392883,0.09360326826572418
3350,0.2910824120044708,0.17697663605213165,0.13984929025173187,0.1332961618900299,0.13392974436283112,0.1248658150434494,0.3607744574546814,0.2786695659160614,0.23981991410255432,0.23190149664878845,0.23268461227416992,0.22112174332141876,0.00027646933449432254,1.0677034651962458e-06,3.3982678893096363e-09,2.7536072593647987e-05,9.610703273210675e-05,5.8292964240536094e-05,2.0838236808776855,1.2838692665100098,0.5378194451332092,0.30292361974716187,0.27268272638320923,0.4481642544269562,0.3674432337284088,0.22242477536201477,0.1254846155643463,0.10922244936227798
3400,0.27769187092781067,0.11794915050268173,0.14355778694152832,0.15429918467998505,0.16605901718139648,0.14044307172298431,0.36091846227645874,0.21094727516174316,0.24401673674583435,0.25939396023750305,0.2781411111354828,0.243868887424469,0.9308186769485474,0.06196758896112442,0.12692801654338837,0.4740769863128662,1.136871099472046,0.4740769863128662,2.048539161682129,1.3682453632354736,0.5185791254043579,0.3088592290878296,0.26608186960220337,0.4449228346347809,0.3759635388851166,0.2142648994922638,0.12789706885814667,0.10305014997720718
3450,0.2931568920612335,0.10526573657989502,0.12502239644527435,0.19446101784706116,0.1537250280380249,0.12836894392967224,0.3883785009384155,0.21938221156597137,0.247762992978096,0.3206501007080078,0.28186407685279846,0.25212156772613525,1.6041092294472037e-06,3.726646127688582e-06,8.315283821502817e-07,2.1445179299917072e-05,1.3007213055971079e-05,1.0677034651962458e-06,2.2457034587860107,1.1096534729003906,0.5034430623054504,0.27383697032928467,0.23682746291160583,0.47652843594551086,0.3590332567691803,0.22731119394302368,0.12456343322992325,0.10162138193845749
3500,0.2989475727081299,0.10061813145875931,0.16482023894786835,0.1813105344772339,0.14914575219154358,0.10515781491994858,0.4245797097682953,0.24530552327632904,0.3275202214717865,0.3425334393978119,0.30981457233428955,0.2525310516357422,0.008564899675548077,0.04858735203742981,0.12692801654338837,0.05488218367099762,0.005233798176050186,0.04299908131361008,2.4389026165008545,0.8970066905021667,0.4762379229068756,0.22946158051490784,0.19548457860946655,0.5115115642547607,0.34953099489212036,0.2440067082643509,0.12230972200632095,0.0956006869673729
3550,0.27092626690864563,0.1258498877286911,0.1534489393234253,0.16473132371902466,0.1603287160396576,0.12471489608287811,0.37419453263282776,0.24669192731380463,0.2812623679637909,0.29070231318473816,0.28623253107070923,0.2451971024274826,0.3001868426799774,0.20141328871250153,0.38687101006507874,0.16022413969039917,0.16022413969039917,0.20141328871250153,2.396589756011963,0.9234452843666077,0.4907039701938629,0.2386568784713745,0.2140079289674759,0.4983750581741333,0.3420037031173706,0.2366252839565277,0.11648958921432495,0.0983206257224083
3600,0.26837271451950073,0.15122634172439575,0.15089374780654907,0.15431152284145355,0.14503799378871918,0.13015764951705933,0.3529874384403229,0.2552843987941742,0.2560158669948578,0.27143290638923645,0.24839036166667938,0.22810950875282288,0.8290395736694336,0.5231232643127441,0.6325990557670593,1.8047447204589844,0.5231232643127441,0.28115013241767883,2.2864410877227783,1.0390760898590088,0.5278917551040649,0.2558293640613556,0.2317901849746704,0.47982892394065857,0.3452718257904053,0.23240582644939423,0.11167574673891068,0.0952293872833252
3650,0.2587856352329254,0.12970584630966187,0.1527477651834488,0.1903660148382187,0.13812831044197083,0.13026635348796844,0.3281160295009613,0.20673957467079163,0.23413203656673431,0.2736756503582001,0.22074933350086212,0.21558959782123566,0.9008098840713501,0.16022413969039917,0.20141328871250153,0.5231233239173889,0.5231233239173889,0.9740769863128662,2.210390090942383,1.0572775602340698,0.5952063202857971,0.2867291271686554,0.24068979918956757,0.45941805839538574,0.3352538049221039,0.2394963949918747,0.1177680492401123,0.08859656006097794
3700,0.2615841031074524,0.14547045528888702,0.15118065476417542,0.15091176331043243,0.16165733337402344,0.12919555604457855,0.34439659118652344,0.2472987174987793,0.2536534070968628,0.25337693095207214,0.2647172510623932,0.22786353528499603,0.027896825224161148,2.7536072593647987e-05,0.0002034476783592254,0.0019285932648926973,0.0010327640920877457,0.014163456857204437,2.3558545112609863,0.907935380935669,0.5435378551483154,0.2636750042438507,0.21700195968151093,0.4823744297027588,0.3234601616859436,0.23566457629203796,0.1173841804265976,0.08491569757461548
3750,0.2872430682182312,0.13905824720859528,0.15914581716060638,0.14289070665836334,0.14046846330165863,0.13119371235370636,0.34760597348213196,0.2243107259273529,0.2528371810913086,0.23923258483409882,0.23125411570072174,0.21550101041793823,1.333911657333374,0.9740769863128662,1.6004126071929932,2.0176751613616943,1.5019289255142212,1.0537006855010986,2.301858901977539,0.9486387968063354,0.5535533428192139,0.2860966622829437,0.23199759423732758,0.47408339381217957,0.31688061356544495,0.22710229456424713,0.11709755659103394,0.08216378837823868
3800,0.29645004868507385,0.13257068395614624,0.15899550914764404,0.13939674198627472,0.13307586312294006,0.1395110934972763,0.3298855423927307,0.1866380125284195,0.21771620213985443,0.194762721657753,0.19762109220027924,0.20541319251060486,1.0643150806427002,0.018149929121136665,0.12692801654338837,0.0021851020865142345,1.0537006855010986,1.0537006855010986,2.3200180530548096,0.9265213012695312,0.5304692387580872,0.2898488938808441,0.23929272592067719,0.4633028209209442,0.3103206157684326,0.2214573472738266,0.1166410744190216,0.0846957117319107
3850,0.287588506937027,0.18604595959186554,0.13405755162239075,0.12119758129119873,0.14545366168022156,0.12565675377845764,0.3003745675086975,0.22851471602916718,0.17441701889038086,0.1583244800567627,0.18789252638816833,0.16411782801151276,0.0021009226329624653,0.0024756852071732283,0.00015844876179471612,0.05488218367099762,0.0015023101586848497,0.0380413718521595,2.2036800384521484,1.0373899936676025,0.5722532868385315,0.3140694200992584,0.25921398401260376,0.43340328335762024,0.31208232045173645,0.21293538808822632,0.11294078081846237,0.08094742894172668
3900,0.24199266731739044,0.12267984449863434,0.15640440583229065,0.17317081987857819,0.16933847963809967,0.1364138126373291,0.26755577325820923,0.15546607971191406,0.19553914666175842,0.21234175562858582,0.2091350108385086,0.1729750633239746,3.421150177018717e-05,6.475950158346677e-07,8.764247638737288e-08,1.013004202832235e-05,0.04858735203742981,3.059022617435403e-07,2.102315664291382,1.1206053495407104,0.5871378183364868,0.36641865968704224,0.2755146324634552,0.41780945658683777,0.3099006116390228,0.2052202671766281,0.12663975358009338,0.07911711931228638
3950,0.21400462090969086,0.13781088590621948,0.1303287297487259,0.23763196170330048,0.15948575735092163,0.12073801457881927,0.2737138271331787,0.2010534405708313,0.19184109568595886,0.2910091280937195,0.22515538334846497,0.17922919988632202,0.00436673266813159,0.00023053328914102167,6.605432281503454e-05,0.005928608123213053,0.00023053328914102167,8.481463737552986e-05,2.138174533843994,1.0907948017120361,0.600894033908844,0.33931124210357666,0.2624281346797943,0.4253833293914795,0.31320902705192566,0.21172110736370087,0.118585005402565,0.075761578977108
4000,0.2627691626548767,0.10769243538379669,0.17610310018062592,0.18729262053966522,0.16028039157390594,0.1058623194694519,0.31711241602897644,0.1694643199443817,0.2504996359348297,0.26064902544021606,0.2349516600370407,0.16651125252246857,0.05937544256448746,0.012509570457041264,0.0015023101586848497,2.8453348122070565e-08,9.610703273210675e-05,1.013004202832235e-05,2.0688092708587646,1.1612443923950195,0.6547613739967346,0.3456072211265564,0.2546105682849884,0.41903942823410034,0.32279258966445923,0.22729648649692535,0.11976611614227295,0.0698738694190979
4050,0.23457522690296173,0.13229617476463318,0.17290186882019043,0.16020941734313965,0.1689646989107132,0.13105261325836182,0.29752117395401,0.20629297196865082,0.24856965243816376,0.2323024570941925,0.24665966629981995,0.20723465085029602,0.24866126477718353,0.5759395360946655,0.3868710696697235,0.018149932846426964,0.5759395360946655,0.8259395360946655,2.0866074562072754,1.2087281942367554,0.58670973777771,0.3512401282787323,0.2424716055393219,0.42205163836479187,0.3311794698238373,0.21071383357048035,0.12520383298397064,0.06343957781791687
4100,0.24064117670059204,0.15446916222572327,0.19497446715831757,0.16070592403411865,0.12969574332237244,0.11951355636119843,0.3050576448440552,0.23159024119377136,0.2700096368789673,0.2381163388490677,0.2027428150177002,0.18925216794013977,0.032572656869888306,0.0004879761836491525,6.962280622246908e-06,9.422450375495828e-07,3.927862621821987e-07,2.510999053129126e-08,2.231369733810425,1.0744483470916748,0.533923864364624,0.31327810883522034,0.22279632091522217,0.44607681035995483,0.3242754340171814,0.20772385597229004,0.1188635304570198,0.06151656433939934
4150,0.22209256887435913,0.16121454536914825,0.18116392195224762,0.15237842500209808,0.16694645583629608,0.11620406806468964,0.27481475472450256,0.2219557911157608,0.24209435284137726,0.21266447007656097,0.2277202159166336,0.16793598234653473,6.20680075371638e-05,7.484903471777216e-05,0.08893946558237076,0.0010327640920877457,5.8292964240536094e-05,3.6534821390432626e-08,2.2433247566223145,1.0464134216308594,0.5370462536811829,0.3174370229244232,0.22157883644104004,0.44608232378959656,0.31898391246795654,0.207810640335083,0.1201765164732933,0.05982012674212456
4200,0.23204554617404938,0.14652074873447418,0.17584958672523499,0.15433423221111298,0.1716577559709549,0.1195921078324318,0.3097533583641052,0.21827808022499084,0.24889329075813293,0.22708968818187714,0.2515990436077118,0.19662389159202576,1.599419355392456,0.0380413718521595,0.08893946558237076,0.06196758896112442,0.7575989961624146,1.2234445810317993,2.1997249126434326,1.1344881057739258,0.5231496691703796,0.3218836188316345,0.22085167467594147,0.4410223364830017,0.33414003252983093,0.20165233314037323,0.12070607393980026,0.057922977954149246
4250,0.26107916235923767,0.12876440584659576,0.17307904362678528,0.18375413119792938,0.13858181238174438,0.1147414967417717,0.2959499657154083,0.17901203036308289,0.22963301837444305,0.2377779185771942,0.19086629152297974,0.15977360308170319,0.10088087618350983,0.06993620097637177,0.2519291043281555,0.07888973504304886,0.04299908131361008,0.04858735203742981,2.190359354019165,1.104260802268982,0.5456196069717407,0.3371213972568512,0.2252543717622757,0.43091779947280884,0.32006189227104187,0.20256033539772034,0.12231383472681046,0.05511171370744705
4300,0.26645171642303467,0.135415717959404,0.17003346979618073,0.19000698626041412,0.12265405058860779,0.1154380664229393,0.3175962567329407,0.20572683215141296,0.24328839778900146,0.26161453127861023,0.18939487636089325,0.1793902963399887,0.01902068592607975,6.475950158346677e-07,2.510999053129126e-08,3.120239853160456e-05,1.573710259328287e-11,8.423464183116014e-12,2.078341007232666,1.3374338150024414,0.5339834690093994,0.31604674458503723,0.22868460416793823,0.42819762229919434,0.3547280728816986,0.201704204082489,0.11319956928491592,0.06036735698580742
4350,0.3893692195415497,0.10370578616857529,0.15341059863567352,0.13686160743236542,0.1172725185751915,0.099380262196064,0.41699591279029846,0.19888438284397125,0.271518737077713,0.24443666636943817,0.21902361512184143,0.19162558019161224,0.005391910206526518,0.023245465010404587,0.8259393572807312,0.001170194591395557,0.00861448422074318,0.00033540636650286615,2.255619764328003,1.226731300354004,0.46233925223350525,0.24769078195095062,0.18828658759593964,0.4722096920013428,0.3683149814605713,0.2080628126859665,0.10404317826032639,0.058340538293123245
4400,0.31674912571907043,0.13361962139606476,0.18426664173603058,0.1298683136701584,0.12421815097332001,0.11127814650535583,0.36363092064857483,0.22122637927532196,0.2743876874446869,0.2165204882621765,0.20917920768260956,0.1910281628370285,5.388818408391671e-06,0.000911466486286372,0.014163456857204437,0.00017954407667275518,2.382369359565928e-07,1.9555681518568235e-08,2.258256196975708,1.2325859069824219,0.4521421194076538,0.2380210906267166,0.19743405282497406,0.4719234108924866,0.37101030349731445,0.20386479794979095,0.0969252660870552,0.06513606011867523
4450,0.24431000649929047,0.12039446085691452,0.229890376329422,0.13519592583179474,0.13407111167907715,0.13613808155059814,0.35787704586982727,0.24107612669467926,0.3478029668331146,0.2602081298828125,0.2588295638561249,0.261353999376297,0.003634139895439148,8.315283821502817e-07,5.4222336984821595e-06,2.260326937175705e-06,3.466327029855165e-07,3.726646127688582e-06,2.459627389907837,1.015841007232666,0.3794191777706146,0.200840026140213,0.17855283617973328,0.5124685764312744,0.3650864064693451,0.19894741475582123,0.09492585808038712,0.07532181590795517
4500,0.2486792653799057,0.1272830367088318,0.1974800080060959,0.14011210203170776,0.1488550454378128,0.13759049773216248,0.3206103444099426,0.20834577083587646,0.2870677709579468,0.231272354722023,0.24302373826503754,0.2207758128643036,0.60426926612854,0.42870068550109863,1.0537006855010986,1.136871099472046,1.31326162815094,0.3868710398674011,2.4023287296295166,1.037153720855713,0.4271705746650696,0.2173311859369278,0.1880728304386139,0.4978562295436859,0.35459983348846436,0.2067578285932541,0.0941310003399849,0.07003213465213776
4550,0.25563186407089233,0.13824065029621124,0.17776411771774292,0.1397339105606079,0.1526890993118286,0.13594037294387817,0.3137839436531067,0.206069216132164,0.24794462323188782,0.20473793148994446,0.22041380405426025,0.21205055713653564,0.9766712188720703,0.3484445810317993,0.3868710398674011,0.0380413718521595,0.14267505705356598,1.2234445810317993,2.366159200668335,1.02421236038208,0.4597744643688202,0.23677213490009308,0.2045116424560547,0.48285073041915894,0.34329336881637573,0.20980285108089447,0.10380484163761139,0.07478434592485428
4600,0.3111315369606018,0.11136237531900406,0.1378919631242752,0.13621209561824799,0.17089420557022095,0.132507786154747,0.33821406960487366,0.1623259037733078,0.19754630327224731,0.1955200880765915,0.23294731974601746,0.19097071886062622,0.6403611302375793,0.0040784431621432304,0.0003800567355938256,5.4222336984821595e-06,7.889293556218036e-06,3.2887544421100756e-06,2.375406265258789,0.9990700483322144,0.45077547430992126,0.2529398500919342,0.203531414270401,0.4798199236392975,0.3354701101779938,0.20279671251773834,0.10652457177639008,0.07030266523361206
4650,0.30305567383766174,0.11009112000465393,0.13870905339717865,0.1340746134519577,0.16298578679561615,0.1510838121175766,0.3199556767940521,0.15134821832180023,0.2017030119895935,0.18395906686782837,0.21686938405036926,0.20469704270362854,0.1533363163471222,0.0006265303236432374,1.2234445810317993,0.00975591130554676,0.07888973504304886,0.1128222793340683,2.2036709785461426,1.2519865036010742,0.46669718623161316,0.2701132893562317,0.21732670068740845,0.4506787657737732,0.3553566038608551,0.19197887182235718,0.10083901137113571,0.06459907442331314
