id,gt,top1,top2,base_ok,triggered,override,final_ok
BtjEoZ,"[3, 4, 1, 2]","[3, 4, 1, 2]","[4, 3, 1, 2]",True,True,False,True
8cbtrl,"[4, 2, 1, 3]","[4, 2, 1, 3]","[2, 4, 1, 3]",True,False,False,True
25oh28,"[1, 4, 2, 3]","[1, 4, 2, 3]","[2, 4, 1, 3]",True,False,False,True
uL3eyj,"[2, 1, 3, 4]","[2, 3, 1, 4]","[1, 3, 2, 4]",False,False,False,False
az2TQZ,"[4, 1, 2, 3]","[4, 1, 2, 3]","[3, 1, 2, 4]",True,False,False,True
QtMGIi,"[1, 2, 3, 4]","[1, 2, 3, 4]","[1, 4, 3, 2]",True,False,False,True
rs0JvW,"[3, 4, 2, 1]","[3, 4, 2, 1]","[1, 4, 2, 3]",True,False,False,True
GFXygS,"[1, 3, 4, 2]","[3, 1, 4, 2]","[3, 2, 4, 1]",False,False,False,False
KDgnsY,"[1, 2, 3, 4]","[1, 4, 2, 3]","[1, 3, 2, 4]",False,False,False,False
Wen1BD,"[3, 2, 1, 4]","[4, 1, 2, 3]","[3, 2, 1, 4]",False,False,False,False
TRWiEi,"[2, 3, 4, 1]","[3, 2, 1, 4]","[3, 4, 1, 2]",False,False,False,False
0z8J3k,"[2, 1, 3, 4]","[2, 1, 3, 4]","[3, 1, 2, 4]",True,False,False,True
yaunnW,"[3, 4, 1, 2]","[1, 2, 4, 3]","[1, 2, 3, 4]",False,True,False,False
6BqNKH,"[3, 2, 1, 4]","[1, 2, 3, 4]","[4, 1, 2, 3]",False,False,False,False
ve0RyE,"[1, 2, 4, 3]","[2, 1, 4, 3]","[1, 2, 4, 3]",False,True,False,False
gnvREp,"[2, 1, 4, 3]","[2, 1, 4, 3]","[2, 1, 3, 4]",True,True,False,True
Pj032Z,"[1, 3, 2, 4]","[1, 3, 2, 4]","[2, 3, 1, 4]",True,False,False,True
BVahOR,"[2, 3, 1, 4]","[2, 3, 1, 4]","[1, 3, 2, 4]",True,False,False,True
uuuSeh,"[1, 4, 3, 2]","[1, 2, 3, 4]","[2, 3, 4, 1]",False,False,False,False
COVnU8,"[1, 3, 2, 4]","[1, 3, 2, 4]","[1, 4, 2, 3]",True,False,False,True
xtuGiU,"[4, 2, 1, 3]","[4, 2, 1, 3]","[3, 2, 1, 4]",True,False,False,True
PX3R7t,"[3, 1, 4, 2]","[2, 3, 4, 1]","[1, 3, 4, 2]",False,False,False,False
YBipu8,"[2, 3, 1, 4]","[1, 3, 2, 4]","[2, 3, 1, 4]",False,False,False,False
RANwbf,"[4, 3, 2, 1]","[4, 3, 2, 1]","[4, 3, 1, 2]",True,True,False,True
qOXzmO,"[2, 1, 3, 4]","[2, 1, 3, 4]","[2, 1, 4, 3]",True,True,False,True
cfmEF9,"[4, 3, 1, 2]","[1, 2, 3, 4]","[2, 1, 3, 4]",False,True,False,False
7oPat2,"[1, 4, 3, 2]","[1, 4, 3, 2]","[2, 4, 1, 3]",True,False,False,True
3n0afI,"[4, 3, 2, 1]","[1, 3, 2, 4]","[1, 4, 2, 3]",False,False,False,False
5ojhGO,"[1, 2, 3, 4]","[1, 2, 3, 4]","[1, 4, 3, 2]",True,False,False,True
8lHWHe,"[4, 3, 1, 2]","[4, 3, 1, 2]","[3, 4, 1, 2]",True,True,False,True
7K8bSx,"[1, 3, 2, 4]","[2, 1, 3, 4]","[3, 2, 1, 4]",False,False,False,False
RYm9sn,"[3, 4, 1, 2]","[2, 4, 1, 3]","[1, 4, 2, 3]",False,False,False,False
RbZywd,"[2, 1, 3, 4]","[2, 1, 4, 3]","[2, 1, 3, 4]",False,True,False,False
npjZ5g,"[1, 4, 3, 2]","[1, 4, 3, 2]","[2, 4, 3, 1]",True,False,False,True
1LHcEG,"[1, 2, 3, 4]","[2, 1, 3, 4]","[1, 2, 3, 4]",False,True,True,True
MgGRJz,"[1, 2, 3, 4]","[1, 2, 3, 4]","[1, 2, 4, 3]",True,True,True,False
yOwjoJ,"[2, 4, 3, 1]","[2, 4, 3, 1]","[1, 4, 3, 2]",True,False,False,True
GMcvmS,"[2, 1, 3, 4]","[2, 3, 1, 4]","[1, 2, 3, 4]",False,False,False,False
W6j3I8,"[2, 4, 1, 3]","[3, 2, 4, 1]","[3, 1, 4, 2]",False,False,False,False
D48te1,"[2, 1, 3, 4]","[1, 2, 4, 3]","[1, 2, 3, 4]",False,True,True,False
ZJHyJa,"[2, 3, 4, 1]","[4, 2, 3, 1]","[2, 4, 3, 1]",False,False,False,False
CAmcLZ,"[4, 2, 3, 1]","[4, 2, 3, 1]","[4, 1, 3, 2]",True,False,False,True
u8GCCt,"[3, 2, 4, 1]","[2, 3, 4, 1]","[3, 2, 4, 1]",False,True,False,False
2PQoNR,"[1, 2, 4, 3]","[1, 2, 4, 3]","[1, 2, 3, 4]",True,True,True,False
MBZB7O,"[4, 1, 3, 2]","[4, 1, 3, 2]","[3, 1, 4, 2]",True,False,False,True
LC3T38,"[4, 3, 2, 1]","[4, 3, 2, 1]","[3, 4, 2, 1]",True,True,False,True
g2SpU0,"[3, 1, 4, 2]","[1, 2, 4, 3]","[1, 3, 4, 2]",False,False,False,False
1sELp0,"[1, 2, 3, 4]","[1, 3, 4, 2]","[1, 2, 3, 4]",False,False,False,False
MQwOVV,"[3, 2, 4, 1]","[3, 2, 4, 1]","[3, 1, 4, 2]",True,False,False,True
SYVkJW,"[2, 4, 1, 3]","[2, 4, 1, 3]","[2, 3, 1, 4]",True,False,False,True
wVww7x,"[1, 3, 4, 2]","[1, 3, 4, 2]","[3, 1, 4, 2]",True,False,False,True
Dw6YON,"[1, 3, 4, 2]","[1, 3, 4, 2]","[2, 3, 4, 1]",True,False,False,True
bAdHGN,"[1, 4, 3, 2]","[1, 4, 3, 2]","[1, 4, 2, 3]",True,True,True,False
EriNke,"[4, 1, 3, 2]","[3, 1, 4, 2]","[4, 1, 3, 2]",False,False,False,False
kkVIGU,"[1, 4, 3, 2]","[1, 4, 2, 3]","[3, 2, 1, 4]",False,False,False,False
gOX8ks,"[1, 2, 3, 4]","[3, 1, 4, 2]","[4, 2, 3, 1]",False,False,False,False
C8qKHp,"[4, 3, 1, 2]","[2, 4, 1, 3]","[2, 3, 1, 4]",False,False,False,False
2xfWmN,"[3, 2, 4, 1]","[3, 2, 4, 1]","[4, 2, 3, 1]",True,False,False,True
n4xHvL,"[1, 4, 3, 2]","[1, 4, 3, 2]","[1, 4, 2, 3]",True,True,True,False
u0rars,"[2, 1, 4, 3]","[2, 1, 4, 3]","[3, 1, 4, 2]",True,False,False,True
TOjwSf,"[3, 4, 2, 1]","[3, 2, 4, 1]","[3, 4, 2, 1]",False,False,False,False
NGF59l,"[2, 3, 4, 1]","[2, 3, 4, 1]","[2, 4, 3, 1]",True,True,False,True
8EUNn6,"[2, 1, 3, 4]","[3, 2, 4, 1]","[4, 3, 1, 2]",False,False,False,False
LXgcsE,"[3, 1, 2, 4]","[3, 1, 2, 4]","[4, 1, 2, 3]",True,False,False,True
YA8bNK,"[1, 2, 4, 3]","[1, 2, 4, 3]","[2, 1, 4, 3]",True,True,False,True
jq2FMN,"[4, 1, 3, 2]","[1, 4, 3, 2]","[1, 4, 2, 3]",False,True,False,False
7mO0dQ,"[1, 2, 3, 4]","[1, 2, 3, 4]","[1, 2, 4, 3]",True,True,False,True
Ppsko6,"[3, 1, 2, 4]","[3, 1, 2, 4]","[4, 1, 2, 3]",True,False,False,True
rQKtdW,"[2, 3, 4, 1]","[2, 3, 4, 1]","[2, 4, 3, 1]",True,True,False,True
0S1Upo,"[3, 1, 4, 2]","[4, 1, 2, 3]","[4, 2, 1, 3]",False,True,True,False
nDONBs,"[3, 1, 4, 2]","[3, 2, 4, 1]","[3, 1, 4, 2]",False,False,False,False
CqBYyi,"[1, 3, 2, 4]","[1, 3, 2, 4]","[1, 2, 3, 4]",True,True,True,False
CMjeGS,"[1, 2, 3, 4]","[1, 2, 3, 4]","[2, 1, 3, 4]",True,True,False,True
C7IbU0,"[1, 2, 3, 4]","[2, 1, 3, 4]","[2, 3, 1, 4]",False,False,False,False
DgUC9E,"[1, 4, 3, 2]","[1, 4, 3, 2]","[1, 4, 2, 3]",True,True,False,True
Rlg7PP,"[4, 3, 1, 2]","[2, 3, 4, 1]","[3, 2, 4, 1]",False,True,False,False
7LkyI5,"[2, 1, 4, 3]","[2, 1, 4, 3]","[2, 3, 4, 1]",True,False,False,True
yaDhOs,"[1, 3, 4, 2]","[1, 3, 4, 2]","[1, 2, 4, 3]",True,False,False,True
22x4vI,"[3, 1, 2, 4]","[3, 1, 2, 4]","[3, 2, 1, 4]",True,True,True,False
X6nOFF,"[1, 4, 3, 2]","[1, 4, 3, 2]","[2, 4, 1, 3]",True,False,False,True
erDGup,"[4, 2, 1, 3]","[4, 2, 1, 3]","[4, 2, 3, 1]",True,False,False,True
2J2eC7,"[3, 2, 1, 4]","[3, 2, 1, 4]","[4, 2, 1, 3]",True,False,False,True
zv77V1,"[1, 2, 3, 4]","[1, 2, 3, 4]","[2, 1, 3, 4]",True,True,False,True
CqsUem,"[1, 2, 3, 4]","[1, 2, 3, 4]","[2, 3, 4, 1]",True,False,False,True
HRR7aN,"[1, 2, 3, 4]","[2, 1, 3, 4]","[2, 1, 4, 3]",False,True,False,False
LaXweM,"[3, 2, 4, 1]","[3, 2, 4, 1]","[4, 2, 3, 1]",True,False,False,True
ou8jAl,"[1, 4, 2, 3]","[2, 4, 1, 3]","[1, 4, 2, 3]",False,False,False,False
iTRP5t,"[3, 4, 2, 1]","[3, 4, 2, 1]","[2, 1, 3, 4]",True,False,False,True
Nm1Av1,"[4, 1, 3, 2]","[4, 1, 3, 2]","[3, 1, 4, 2]",True,False,False,True
SRTPnL,"[1, 2, 4, 3]","[2, 1, 4, 3]","[1, 4, 3, 2]",False,False,False,False
DMUML6,"[4, 1, 3, 2]","[1, 3, 2, 4]","[2, 3, 1, 4]",False,False,False,False
NEhdM6,"[2, 4, 1, 3]","[2, 4, 1, 3]","[2, 3, 1, 4]",True,False,False,True
vfGLuP,"[3, 1, 4, 2]","[2, 3, 1, 4]","[2, 4, 1, 3]",False,False,False,False
KLSXPN,"[2, 1, 3, 4]","[2, 1, 3, 4]","[1, 2, 3, 4]",True,True,False,True
31m7Mm,"[1, 2, 3, 4]","[2, 1, 3, 4]","[1, 2, 3, 4]",False,True,False,False
n1n4y5,"[3, 4, 1, 2]","[3, 4, 1, 2]","[3, 4, 2, 1]",True,True,False,True
xP8fHT,"[2, 4, 3, 1]","[2, 3, 4, 1]","[1, 3, 4, 2]",False,False,False,False
WZQnYP,"[4, 3, 2, 1]","[4, 3, 2, 1]","[3, 4, 2, 1]",True,True,False,True
LKMOkI,"[4, 3, 2, 1]","[4, 3, 2, 1]","[4, 3, 1, 2]",True,True,True,False
pay8QD,"[4, 3, 1, 2]","[4, 3, 1, 2]","[4, 3, 2, 1]",True,True,True,False
oO7RXU,"[2, 4, 1, 3]","[2, 4, 1, 3]","[2, 3, 1, 4]",True,False,False,True
zgF7Jz,"[2, 4, 3, 1]","[1, 3, 4, 2]","[4, 1, 2, 3]",False,False,False,False
QTRSgz,"[4, 2, 1, 3]","[4, 2, 1, 3]","[4, 1, 2, 3]",True,True,False,True
dcn6yK,"[1, 2, 3, 4]","[1, 2, 3, 4]","[2, 3, 1, 4]",True,False,False,True
hBJT9q,"[3, 4, 1, 2]","[3, 2, 1, 4]","[3, 4, 1, 2]",False,False,False,False
Uyz3Di,"[3, 4, 1, 2]","[3, 4, 2, 1]","[1, 4, 3, 2]",False,False,False,False
U6j3nc,"[1, 2, 3, 4]","[1, 2, 3, 4]","[1, 3, 2, 4]",True,True,False,True
PJvdDr,"[1, 2, 3, 4]","[3, 1, 2, 4]","[2, 1, 3, 4]",False,False,False,False
dmAwkm,"[4, 1, 3, 2]","[3, 4, 1, 2]","[4, 3, 1, 2]",False,True,True,False
SUf7Hm,"[1, 3, 4, 2]","[1, 3, 4, 2]","[1, 4, 3, 2]",True,True,True,False
Icloa1,"[2, 3, 4, 1]","[2, 1, 4, 3]","[1, 2, 4, 3]",False,True,False,False
267Cti,"[1, 4, 3, 2]","[1, 4, 3, 2]","[2, 4, 3, 1]",True,False,False,True
WSD3bY,"[1, 4, 2, 3]","[3, 2, 4, 1]","[2, 1, 3, 4]",False,False,False,False
K5FJrU,"[1, 2, 4, 3]","[1, 4, 2, 3]","[1, 2, 4, 3]",False,False,False,False
LAP8J1,"[1, 2, 3, 4]","[1, 3, 2, 4]","[1, 2, 3, 4]",False,True,False,False
kSE41E,"[3, 2, 4, 1]","[3, 2, 4, 1]","[3, 1, 4, 2]",True,False,False,True
HjvqOx,"[3, 4, 2, 1]","[3, 4, 2, 1]","[4, 3, 2, 1]",True,True,False,True
mhYpbs,"[2, 4, 3, 1]","[2, 4, 3, 1]","[2, 3, 4, 1]",True,True,True,False
nRsVjX,"[2, 4, 1, 3]","[4, 3, 1, 2]","[2, 4, 1, 3]",False,False,False,False
OW6Njp,"[1, 2, 3, 4]","[4, 1, 2, 3]","[3, 1, 2, 4]",False,False,False,False
diZi5g,"[1, 2, 3, 4]","[1, 2, 3, 4]","[2, 1, 3, 4]",True,True,False,True
X0Mz0R,"[1, 2, 3, 4]","[1, 2, 3, 4]","[2, 1, 3, 4]",True,True,True,False
XkS79O,"[3, 1, 2, 4]","[3, 1, 2, 4]","[4, 1, 2, 3]",True,False,False,True
HjbQ0D,"[1, 2, 3, 4]","[3, 4, 1, 2]","[4, 3, 1, 2]",False,True,False,False
oQRDsD,"[2, 1, 3, 4]","[2, 1, 3, 4]","[2, 1, 4, 3]",True,True,False,True
PP5yiY,"[3, 1, 2, 4]","[4, 2, 1, 3]","[2, 3, 1, 4]",False,False,False,False
tLTBGz,"[2, 4, 1, 3]","[3, 2, 1, 4]","[4, 2, 1, 3]",False,False,False,False
SQmEOM,"[3, 2, 4, 1]","[4, 3, 1, 2]","[2, 3, 1, 4]",False,False,False,False
ehO1qX,"[2, 1, 4, 3]","[1, 3, 4, 2]","[4, 2, 3, 1]",False,False,False,False
79YozX,"[2, 4, 1, 3]","[2, 4, 3, 1]","[3, 4, 2, 1]",False,False,False,False
9euoSM,"[1, 2, 3, 4]","[1, 2, 3, 4]","[1, 2, 4, 3]",True,True,False,True
I0KSxU,"[1, 3, 4, 2]","[2, 4, 3, 1]","[2, 3, 4, 1]",False,True,False,False
o9v7Ns,"[1, 2, 3, 4]","[1, 2, 4, 3]","[1, 2, 3, 4]",False,True,False,False
XFqknv,"[1, 2, 3, 4]","[1, 2, 3, 4]","[1, 3, 2, 4]",True,True,True,False
VGhRnr,"[2, 3, 4, 1]","[2, 3, 4, 1]","[1, 3, 4, 2]",True,False,False,True
fqd5a4,"[2, 4, 1, 3]","[2, 4, 3, 1]","[2, 4, 1, 3]",False,False,False,False
FFXDHh,"[4, 3, 1, 2]","[3, 4, 1, 2]","[4, 3, 1, 2]",False,True,False,False
TNiykc,"[2, 1, 3, 4]","[2, 1, 3, 4]","[2, 1, 4, 3]",True,True,False,True
dfiv93,"[1, 3, 2, 4]","[1, 3, 2, 4]","[2, 3, 1, 4]",True,False,False,True
ELDoh5,"[1, 2, 3, 4]","[1, 2, 3, 4]","[1, 3, 2, 4]",True,True,True,False
Gm3W9b,"[3, 4, 1, 2]","[4, 3, 2, 1]","[4, 2, 3, 1]",False,True,False,False
6oMWxw,"[2, 4, 1, 3]","[3, 4, 1, 2]","[3, 4, 2, 1]",False,True,True,False
NSVPPd,"[1, 2, 4, 3]","[1, 2, 4, 3]","[1, 2, 3, 4]",True,True,False,True
tsu2V0,"[1, 2, 3, 4]","[1, 2, 3, 4]","[1, 3, 2, 4]",True,True,True,False
tWTALu,"[4, 3, 1, 2]","[4, 3, 1, 2]","[3, 4, 1, 2]",True,True,True,False
H9sabf,"[1, 3, 4, 2]","[1, 3, 4, 2]","[3, 1, 4, 2]",True,False,False,True
MxpPxI,"[1, 2, 3, 4]","[1, 2, 3, 4]","[1, 2, 4, 3]",True,True,False,True
wzbmBZ,"[2, 4, 1, 3]","[3, 1, 4, 2]","[3, 2, 4, 1]",False,False,False,False
beqT2k,"[2, 1, 3, 4]","[2, 1, 3, 4]","[3, 1, 2, 4]",True,False,False,True
mzDyRv,"[1, 2, 3, 4]","[1, 2, 3, 4]","[1, 2, 4, 3]",True,True,True,False
Rh81PW,"[2, 4, 1, 3]","[2, 4, 1, 3]","[2, 3, 1, 4]",True,False,False,True
N09Mfm,"[2, 3, 4, 1]","[2, 3, 4, 1]","[3, 4, 2, 1]",True,False,False,True
vSoNrU,"[2, 3, 1, 4]","[4, 3, 1, 2]","[4, 1, 3, 2]",False,False,False,False
MW0Cww,"[2, 1, 4, 3]","[2, 1, 3, 4]","[1, 2, 3, 4]",False,True,False,False
QqyUZ3,"[1, 2, 3, 4]","[1, 2, 3, 4]","[1, 2, 4, 3]",True,True,False,True
O7FRDb,"[1, 4, 3, 2]","[1, 2, 3, 4]","[1, 3, 2, 4]",False,True,False,False
sgUWjB,"[2, 4, 1, 3]","[2, 4, 1, 3]","[3, 2, 1, 4]",True,False,False,True
W0ZQvW,"[3, 4, 1, 2]","[2, 3, 1, 4]","[4, 2, 1, 3]",False,False,False,False
UJxmDR,"[3, 4, 1, 2]","[3, 4, 1, 2]","[4, 3, 1, 2]",True,True,False,True
HYvG1m,"[2, 4, 3, 1]","[4, 3, 2, 1]","[1, 3, 2, 4]",False,False,False,False
6G7jWI,"[3, 4, 1, 2]","[3, 4, 1, 2]","[2, 3, 1, 4]",True,False,False,True
VPVmcK,"[2, 4, 3, 1]","[2, 4, 3, 1]","[2, 3, 4, 1]",True,True,True,False
oQI68U,"[3, 2, 1, 4]","[3, 2, 1, 4]","[3, 1, 2, 4]",True,True,True,False
dMWfag,"[1, 2, 3, 4]","[1, 2, 3, 4]","[2, 1, 3, 4]",True,True,False,True
HYb6gI,"[4, 2, 3, 1]","[4, 2, 3, 1]","[3, 2, 4, 1]",True,False,False,True
0dhvxx,"[1, 2, 3, 4]","[2, 1, 3, 4]","[1, 2, 3, 4]",False,True,False,False
ROFRKO,"[2, 4, 1, 3]","[1, 4, 2, 3]","[2, 4, 1, 3]",False,False,False,False
MxJM7p,"[2, 1, 4, 3]","[2, 1, 4, 3]","[1, 2, 4, 3]",True,True,False,True
YgNQPI,"[1, 3, 4, 2]","[1, 3, 4, 2]","[2, 3, 4, 1]",True,False,False,True
1RQmRc,"[4, 3, 1, 2]","[4, 3, 1, 2]","[3, 4, 1, 2]",True,True,True,False
aHme0g,"[4, 3, 2, 1]","[1, 4, 2, 3]","[1, 4, 3, 2]",False,True,False,False
fshuf6,"[3, 1, 2, 4]","[2, 4, 3, 1]","[4, 3, 2, 1]",False,False,False,False
VgSn97,"[1, 2, 3, 4]","[1, 2, 3, 4]","[2, 1, 3, 4]",True,True,False,True
xUzUeZ,"[2, 4, 3, 1]","[2, 3, 4, 1]","[2, 4, 3, 1]",False,True,False,False
b0Xadt,"[2, 4, 1, 3]","[2, 4, 1, 3]","[1, 4, 2, 3]",True,False,False,True
znxzO0,"[2, 3, 1, 4]","[2, 3, 1, 4]","[1, 3, 2, 4]",True,False,False,True
R8levu,"[1, 3, 2, 4]","[2, 3, 1, 4]","[1, 3, 2, 4]",False,False,False,False
X7cOyG,"[3, 4, 2, 1]","[4, 2, 3, 1]","[3, 2, 4, 1]",False,False,False,False
8cjTvT,"[2, 1, 3, 4]","[2, 1, 3, 4]","[3, 1, 2, 4]",True,False,False,True
OZl7WS,"[4, 2, 1, 3]","[4, 2, 1, 3]","[4, 3, 1, 2]",True,False,False,True
bKsROE,"[1, 4, 2, 3]","[2, 4, 1, 3]","[1, 4, 2, 3]",False,False,False,False
BR9IrD,"[2, 3, 4, 1]","[2, 3, 4, 1]","[2, 1, 4, 3]",True,False,False,True
2EaqeB,"[4, 3, 2, 1]","[4, 3, 2, 1]","[3, 4, 2, 1]",True,True,False,True
9Nu9fV,"[1, 3, 2, 4]","[1, 3, 2, 4]","[1, 4, 2, 3]",True,False,False,True
8UPaS1,"[1, 3, 2, 4]","[3, 1, 4, 2]","[4, 1, 3, 2]",False,False,False,False
yXG7PJ,"[2, 4, 3, 1]","[2, 4, 3, 1]","[3, 4, 2, 1]",True,False,False,True
sOHrH1,"[4, 3, 2, 1]","[4, 3, 2, 1]","[4, 3, 1, 2]",True,True,True,False
hJeoHQ,"[2, 1, 3, 4]","[2, 1, 3, 4]","[1, 2, 3, 4]",True,True,False,True
060d6p,"[3, 2, 4, 1]","[3, 2, 4, 1]","[3, 1, 4, 2]",True,False,False,True
LCsVvy,"[3, 1, 4, 2]","[3, 1, 4, 2]","[3, 2, 4, 1]",True,False,False,True
ks270T,"[2, 4, 3, 1]","[2, 4, 3, 1]","[4, 3, 2, 1]",True,False,False,True
bjXxJi,"[3, 1, 4, 2]","[4, 1, 3, 2]","[3, 1, 4, 2]",False,False,False,False
P1VeAR,"[1, 2, 3, 4]","[1, 2, 3, 4]","[1, 2, 4, 3]",True,True,False,True
RRj3VA,"[2, 4, 1, 3]","[3, 2, 1, 4]","[4, 3, 1, 2]",False,False,False,False
2Kuypm,"[1, 2, 3, 4]","[4, 3, 1, 2]","[1, 2, 4, 3]",False,False,False,False
5cVmsF,"[1, 2, 4, 3]","[1, 2, 4, 3]","[2, 3, 4, 1]",True,False,False,True
ng0mUP,"[2, 4, 1, 3]","[2, 4, 1, 3]","[2, 3, 1, 4]",True,False,False,True
F1DmdT,"[3, 2, 4, 1]","[1, 4, 2, 3]","[1, 3, 2, 4]",False,False,False,False
pJU05v,"[2, 3, 1, 4]","[2, 3, 1, 4]","[2, 4, 1, 3]",True,False,False,True
MO6U00,"[2, 4, 1, 3]","[2, 4, 1, 3]","[3, 4, 1, 2]",True,False,False,True
pvkByd,"[2, 1, 4, 3]","[3, 1, 4, 2]","[2, 1, 4, 3]",False,False,False,False
gJ1hfM,"[1, 3, 2, 4]","[1, 3, 2, 4]","[4, 2, 3, 1]",True,False,False,True
XdUBgX,"[3, 4, 1, 2]","[3, 4, 1, 2]","[4, 3, 1, 2]",True,True,False,True
RU41bR,"[2, 3, 4, 1]","[2, 3, 4, 1]","[1, 3, 4, 2]",True,False,False,True
pX51TM,"[1, 4, 3, 2]","[2, 4, 3, 1]","[1, 4, 3, 2]",False,False,False,False
UZQ3ei,"[4, 3, 1, 2]","[4, 3, 1, 2]","[4, 3, 2, 1]",True,True,False,True
VOnzfp,"[2, 4, 3, 1]","[2, 4, 3, 1]","[2, 3, 4, 1]",True,True,True,False
fcARdp,"[1, 2, 3, 4]","[1, 2, 3, 4]","[2, 1, 3, 4]",True,True,False,True
2hNse2,"[2, 3, 1, 4]","[2, 3, 1, 4]","[1, 3, 2, 4]",True,False,False,True
CPaUl4,"[1, 2, 4, 3]","[1, 2, 3, 4]","[2, 3, 4, 1]",False,False,False,False
77miHv,"[4, 2, 3, 1]","[4, 2, 3, 1]","[3, 2, 4, 1]",True,False,False,True
H9PMiH,"[4, 3, 1, 2]","[4, 3, 1, 2]","[4, 2, 1, 3]",True,False,False,True
KwOjxg,"[4, 1, 3, 2]","[4, 1, 3, 2]","[4, 1, 2, 3]",True,True,False,True
dY71XB,"[4, 3, 2, 1]","[4, 3, 2, 1]","[3, 4, 2, 1]",True,True,True,False
r1eqZM,"[2, 1, 4, 3]","[2, 1, 4, 3]","[2, 1, 3, 4]",True,True,True,False
tHDWjR,"[3, 4, 1, 2]","[3, 4, 1, 2]","[2, 4, 1, 3]",True,False,False,True
2x7wI9,"[4, 1, 2, 3]","[1, 2, 4, 3]","[4, 1, 3, 2]",False,False,False,False
eh8mtL,"[2, 3, 1, 4]","[2, 3, 1, 4]","[3, 2, 1, 4]",True,True,True,False
uFmrbb,"[1, 2, 3, 4]","[1, 2, 3, 4]","[1, 3, 2, 4]",True,True,True,False
FDBwk3,"[1, 3, 4, 2]","[1, 4, 2, 3]","[4, 1, 3, 2]",False,False,False,False
NFlCqR,"[1, 2, 3, 4]","[1, 2, 3, 4]","[1, 2, 4, 3]",True,True,True,False
A2lgbs,"[1, 4, 3, 2]","[1, 4, 3, 2]","[1, 3, 4, 2]",True,True,True,False
vVQYvF,"[1, 3, 4, 2]","[1, 3, 4, 2]","[1, 4, 3, 2]",True,True,True,False
RnwqWe,"[3, 4, 2, 1]","[3, 4, 2, 1]","[3, 4, 1, 2]",True,True,True,False
opjyL8,"[1, 2, 3, 4]","[1, 2, 3, 4]","[1, 2, 4, 3]",True,True,True,False
iCaODy,"[3, 2, 1, 4]","[2, 4, 1, 3]","[2, 3, 1, 4]",False,False,False,False
PD0OY4,"[4, 3, 2, 1]","[4, 3, 2, 1]","[4, 2, 3, 1]",True,True,True,False
fRcJKJ,"[1, 2, 4, 3]","[2, 1, 4, 3]","[1, 2, 4, 3]",False,True,False,False
yUmeUA,"[2, 3, 1, 4]","[2, 3, 1, 4]","[1, 3, 2, 4]",True,False,False,True
x4WUO2,"[4, 1, 2, 3]","[4, 1, 2, 3]","[2, 4, 3, 1]",True,False,False,True
2nXbZM,"[1, 3, 2, 4]","[3, 1, 4, 2]","[1, 3, 4, 2]",False,False,False,False
dA0n2s,"[3, 1, 4, 2]","[3, 1, 4, 2]","[4, 1, 3, 2]",True,False,False,True
hu0qz4,"[1, 4, 2, 3]","[1, 4, 2, 3]","[1, 4, 3, 2]",True,True,True,False
Ro1tzQ,"[3, 4, 2, 1]","[2, 4, 3, 1]","[1, 3, 2, 4]",False,False,False,False
cKe0Z1,"[4, 2, 3, 1]","[4, 2, 3, 1]","[3, 2, 4, 1]",True,False,False,True
hnJeWM,"[3, 4, 2, 1]","[4, 3, 1, 2]","[3, 4, 1, 2]",False,True,False,False
qaS7gG,"[2, 3, 1, 4]","[4, 1, 3, 2]","[4, 3, 1, 2]",False,False,False,False
fW1SRr,"[4, 1, 3, 2]","[4, 1, 3, 2]","[4, 2, 3, 1]",True,False,False,True
0HYflm,"[1, 2, 3, 4]","[1, 2, 3, 4]","[1, 2, 4, 3]",True,True,True,False
jGPVVi,"[2, 3, 4, 1]","[2, 3, 4, 1]","[3, 2, 4, 1]",True,True,False,True
1LaP7Y,"[1, 3, 4, 2]","[2, 3, 4, 1]","[3, 2, 1, 4]",False,False,False,False
RoMu6P,"[2, 1, 3, 4]","[2, 1, 3, 4]","[2, 1, 4, 3]",True,True,False,True
vtOHXd,"[4, 2, 3, 1]","[2, 3, 4, 1]","[2, 4, 3, 1]",False,True,True,False
1VO1K2,"[3, 1, 2, 4]","[3, 1, 2, 4]","[4, 1, 2, 3]",True,False,False,True
M7VHEC,"[3, 2, 1, 4]","[3, 2, 1, 4]","[2, 3, 4, 1]",True,False,False,True
F8bGoL,"[1, 3, 2, 4]","[2, 3, 1, 4]","[2, 4, 1, 3]",False,False,False,False
2guTtD,"[2, 1, 4, 3]","[2, 1, 4, 3]","[2, 1, 3, 4]",True,True,True,False
lHwhGK,"[1, 2, 3, 4]","[1, 2, 3, 4]","[2, 1, 3, 4]",True,True,False,True
uOZs3Q,"[1, 3, 2, 4]","[1, 3, 2, 4]","[1, 4, 2, 3]",True,False,False,True
A9Cak4,"[4, 2, 3, 1]","[1, 2, 3, 4]","[1, 3, 2, 4]",False,True,False,False
poVxtE,"[2, 1, 3, 4]","[2, 1, 3, 4]","[2, 1, 4, 3]",True,True,False,True
I8rOXy,"[3, 2, 1, 4]","[3, 2, 1, 4]","[4, 2, 1, 3]",True,False,False,True
L0gCNA,"[3, 1, 4, 2]","[1, 3, 2, 4]","[1, 3, 4, 2]",False,False,False,False
P35qK4,"[3, 2, 4, 1]","[4, 1, 2, 3]","[3, 1, 4, 2]",False,False,False,False
EvW4wZ,"[1, 2, 4, 3]","[1, 3, 4, 2]","[1, 2, 4, 3]",False,False,False,False
Q3qZpB,"[4, 1, 2, 3]","[4, 1, 2, 3]","[3, 1, 2, 4]",True,False,False,True
2RlbGF,"[2, 1, 4, 3]","[2, 1, 3, 4]","[2, 1, 4, 3]",False,True,False,False
27koCV,"[1, 2, 3, 4]","[1, 2, 3, 4]","[1, 3, 2, 4]",True,True,False,True
9hXOPn,"[1, 2, 3, 4]","[1, 2, 3, 4]","[1, 2, 4, 3]",True,True,False,True
QV5c6g,"[2, 4, 3, 1]","[2, 4, 3, 1]","[3, 4, 1, 2]",True,False,False,True
DdCFiJ,"[4, 3, 2, 1]","[1, 4, 3, 2]","[1, 2, 3, 4]",False,False,False,False
LEgh5D,"[2, 1, 3, 4]","[2, 1, 3, 4]","[1, 2, 3, 4]",True,True,False,True
m8jqXq,"[2, 4, 3, 1]","[2, 4, 3, 1]","[1, 4, 3, 2]",True,False,False,True
ykLpJ0,"[3, 4, 1, 2]","[3, 4, 1, 2]","[1, 4, 2, 3]",True,False,False,True
6rn63L,"[1, 2, 4, 3]","[1, 2, 4, 3]","[2, 1, 4, 3]",True,True,True,False
Thr767,"[2, 1, 4, 3]","[2, 1, 4, 3]","[1, 2, 4, 3]",True,True,False,True
mOs6kD,"[1, 2, 3, 4]","[1, 2, 3, 4]","[1, 3, 2, 4]",True,True,True,False
2UlJkP,"[3, 4, 2, 1]","[4, 3, 2, 1]","[3, 4, 2, 1]",False,True,False,False
mewn9z,"[4, 2, 1, 3]","[1, 2, 3, 4]","[1, 2, 4, 3]",False,True,False,False
FB45gJ,"[3, 2, 4, 1]","[3, 2, 4, 1]","[1, 2, 4, 3]",True,False,False,True
a2AhwM,"[3, 1, 4, 2]","[4, 2, 3, 1]","[1, 2, 3, 4]",False,False,False,False
fKbHF9,"[1, 3, 2, 4]","[1, 3, 2, 4]","[2, 3, 1, 4]",True,False,False,True
OxtN7u,"[4, 3, 2, 1]","[4, 3, 2, 1]","[1, 3, 2, 4]",True,False,False,True
jvbfaH,"[1, 4, 2, 3]","[1, 4, 2, 3]","[1, 4, 3, 2]",True,True,False,True
aXfsGc,"[2, 1, 3, 4]","[3, 4, 2, 1]","[2, 3, 1, 4]",False,False,False,False
URcjrA,"[3, 4, 2, 1]","[3, 4, 2, 1]","[1, 4, 3, 2]",True,False,False,True
QGkL0S,"[2, 1, 3, 4]","[2, 1, 4, 3]","[4, 1, 3, 2]",False,False,False,False
Vh5IM4,"[4, 1, 2, 3]","[4, 3, 2, 1]","[4, 3, 1, 2]",False,True,True,False
P5yaWN,"[1, 3, 2, 4]","[1, 3, 2, 4]","[2, 3, 1, 4]",True,False,False,True
qv6sDe,"[3, 1, 2, 4]","[3, 1, 2, 4]","[4, 1, 2, 3]",True,False,False,True
1K9jth,"[2, 1, 3, 4]","[2, 1, 4, 3]","[2, 1, 3, 4]",False,True,True,True
Bcu5Dd,"[1, 4, 2, 3]","[1, 4, 2, 3]","[1, 3, 2, 4]",True,False,False,True
su4bIS,"[4, 1, 3, 2]","[4, 1, 3, 2]","[1, 2, 4, 3]",True,False,False,True
WDkNBQ,"[1, 2, 3, 4]","[1, 2, 3, 4]","[2, 1, 3, 4]",True,True,True,False
PhEg2p,"[1, 4, 3, 2]","[1, 4, 3, 2]","[1, 3, 4, 2]",True,True,True,False
skO5aA,"[4, 3, 2, 1]","[3, 4, 2, 1]","[4, 3, 2, 1]",False,True,False,False
ZoJcQ1,"[1, 4, 3, 2]","[2, 4, 3, 1]","[1, 4, 3, 2]",False,False,False,False
YFp3rY,"[3, 2, 1, 4]","[3, 2, 1, 4]","[3, 1, 2, 4]",True,True,False,True
UReCYn,"[1, 4, 3, 2]","[4, 1, 2, 3]","[3, 1, 2, 4]",False,False,False,False
t5h16L,"[1, 2, 3, 4]","[1, 2, 3, 4]","[2, 1, 3, 4]",True,True,False,True
tBnX74,"[2, 4, 1, 3]","[2, 4, 1, 3]","[1, 4, 2, 3]",True,False,False,True
jayBIp,"[2, 1, 4, 3]","[3, 1, 4, 2]","[3, 2, 4, 1]",False,False,False,False
DNMhk8,"[2, 3, 4, 1]","[2, 3, 4, 1]","[1, 3, 4, 2]",True,False,False,True
TKOisr,"[2, 4, 1, 3]","[2, 4, 1, 3]","[2, 3, 1, 4]",True,False,False,True
S13Mk9,"[1, 3, 2, 4]","[2, 4, 1, 3]","[2, 3, 1, 4]",False,False,False,False
8KLxeX,"[1, 2, 3, 4]","[2, 1, 3, 4]","[1, 2, 3, 4]",False,True,False,False
h2cXOd,"[1, 3, 2, 4]","[1, 3, 2, 4]","[1, 2, 3, 4]",True,True,False,True
SZedMS,"[2, 3, 4, 1]","[2, 3, 4, 1]","[1, 3, 4, 2]",True,False,False,True
Af7Hi5,"[1, 4, 3, 2]","[1, 4, 3, 2]","[2, 4, 3, 1]",True,False,False,True
zvN5dD,"[1, 2, 3, 4]","[1, 2, 3, 4]","[2, 3, 1, 4]",True,False,False,True
lRwMEI,"[1, 3, 2, 4]","[4, 2, 3, 1]","[3, 1, 2, 4]",False,False,False,False
OorBWF,"[3, 1, 2, 4]","[3, 1, 2, 4]","[4, 1, 2, 3]",True,False,False,True
ghmP7i,"[1, 4, 2, 3]","[1, 4, 2, 3]","[4, 1, 2, 3]",True,False,False,True
IBhLMV,"[4, 3, 1, 2]","[4, 3, 1, 2]","[4, 2, 1, 3]",True,False,False,True
qt8U3C,"[2, 3, 4, 1]","[2, 4, 1, 3]","[4, 2, 1, 3]",False,False,False,False
PxcQEr,"[4, 2, 3, 1]","[4, 2, 3, 1]","[3, 4, 2, 1]",True,False,False,True
PnLRHB,"[4, 2, 3, 1]","[2, 4, 3, 1]","[2, 3, 4, 1]",False,True,True,False
t0JW1G,"[1, 2, 4, 3]","[4, 3, 2, 1]","[2, 3, 4, 1]",False,False,False,False
Kz8NMB,"[1, 2, 3, 4]","[1, 2, 3, 4]","[2, 1, 3, 4]",True,True,False,True
uOW3xp,"[2, 4, 3, 1]","[2, 4, 3, 1]","[2, 3, 4, 1]",True,True,False,True
ZkHTIc,"[2, 1, 3, 4]","[2, 1, 3, 4]","[3, 4, 2, 1]",True,False,False,True
anYWhv,"[1, 4, 2, 3]","[1, 4, 2, 3]","[2, 4, 1, 3]",True,False,False,True
1LW7Dk,"[3, 1, 4, 2]","[3, 1, 4, 2]","[4, 1, 3, 2]",True,False,False,True
aPIpgB,"[2, 4, 3, 1]","[2, 4, 3, 1]","[3, 4, 2, 1]",True,False,False,True
gW6BSQ,"[4, 1, 2, 3]","[2, 3, 1, 4]","[3, 2, 1, 4]",False,True,False,False
sr82gP,"[3, 4, 2, 1]","[3, 4, 2, 1]","[3, 4, 1, 2]",True,True,False,True
tXrGbM,"[1, 3, 4, 2]","[1, 3, 4, 2]","[4, 1, 2, 3]",True,False,False,True
p5tPYx,"[2, 3, 4, 1]","[4, 3, 2, 1]","[3, 4, 1, 2]",False,False,False,False
Nz0QfC,"[1, 3, 2, 4]","[3, 2, 4, 1]","[3, 1, 4, 2]",False,False,False,False
B0mMsW,"[1, 2, 3, 4]","[3, 4, 2, 1]","[4, 3, 1, 2]",False,False,False,False
G4eptB,"[2, 4, 3, 1]","[2, 4, 3, 1]","[1, 4, 3, 2]",True,False,False,True
Sq803M,"[1, 4, 2, 3]","[1, 3, 2, 4]","[1, 4, 2, 3]",False,False,False,False
Iab5cM,"[1, 3, 2, 4]","[3, 1, 2, 4]","[1, 3, 2, 4]",False,False,False,False
jSgGCx,"[2, 3, 1, 4]","[2, 4, 3, 1]","[3, 4, 2, 1]",False,False,False,False
a1Myrw,"[4, 2, 3, 1]","[4, 2, 3, 1]","[3, 2, 4, 1]",True,False,False,True
fvUtrQ,"[4, 2, 1, 3]","[4, 1, 2, 3]","[4, 2, 1, 3]",False,True,True,True
Ubpbu9,"[1, 2, 3, 4]","[1, 2, 3, 4]","[3, 4, 1, 2]",True,False,False,True
dz9BPm,"[1, 2, 4, 3]","[1, 2, 4, 3]","[1, 2, 3, 4]",True,True,False,True
5kD5Du,"[3, 1, 4, 2]","[4, 1, 3, 2]","[1, 2, 4, 3]",False,False,False,False
OEvq42,"[2, 4, 1, 3]","[2, 4, 1, 3]","[2, 3, 1, 4]",True,False,False,True
IVgZKZ,"[1, 3, 4, 2]","[1, 3, 4, 2]","[1, 2, 4, 3]",True,False,False,True
ETpzhV,"[2, 3, 4, 1]","[1, 3, 4, 2]","[1, 4, 3, 2]",False,True,False,False
TmzS0X,"[1, 4, 2, 3]","[1, 2, 4, 3]","[4, 2, 3, 1]",False,False,False,False
Wdizm2,"[1, 2, 3, 4]","[4, 3, 2, 1]","[1, 2, 3, 4]",False,False,False,False
EVpLCw,"[4, 3, 1, 2]","[4, 3, 1, 2]","[3, 4, 1, 2]",True,True,False,True
qeGyqo,"[4, 3, 2, 1]","[4, 3, 2, 1]","[1, 2, 3, 4]",True,False,False,True
u5Uo0c,"[3, 4, 1, 2]","[4, 3, 1, 2]","[3, 4, 1, 2]",False,True,False,False
3ECICn,"[1, 2, 3, 4]","[1, 2, 3, 4]","[4, 2, 3, 1]",True,False,False,True
eCdVrO,"[1, 3, 2, 4]","[1, 2, 3, 4]","[1, 3, 2, 4]",False,True,True,True
gNF434,"[3, 2, 1, 4]","[1, 2, 3, 4]","[1, 3, 2, 4]",False,True,False,False
dwu8Ff,"[1, 2, 3, 4]","[1, 4, 2, 3]","[1, 3, 2, 4]",False,False,False,False
CpFYgb,"[1, 3, 2, 4]","[4, 1, 3, 2]","[3, 1, 4, 2]",False,False,False,False
n0xUax,"[2, 4, 3, 1]","[2, 4, 3, 1]","[2, 3, 4, 1]",True,True,False,True
6DA2hT,"[2, 3, 1, 4]","[2, 3, 1, 4]","[1, 3, 2, 4]",True,False,False,True
cVPddD,"[2, 4, 1, 3]","[2, 3, 4, 1]","[2, 4, 1, 3]",False,False,False,False
yrjO1l,"[1, 3, 2, 4]","[1, 3, 2, 4]","[2, 3, 1, 4]",True,False,False,True
cbobN9,"[3, 4, 1, 2]","[2, 3, 1, 4]","[3, 4, 1, 2]",False,False,False,False
2X4Fdd,"[1, 3, 4, 2]","[1, 4, 3, 2]","[1, 4, 2, 3]",False,True,False,False
zxUb19,"[4, 1, 2, 3]","[4, 1, 2, 3]","[4, 2, 1, 3]",True,True,False,True
D8MpMn,"[4, 2, 1, 3]","[4, 2, 1, 3]","[3, 2, 1, 4]",True,False,False,True
s0r7ae,"[4, 1, 3, 2]","[4, 1, 3, 2]","[3, 4, 2, 1]",True,False,False,True
cLEF1f,"[4, 3, 2, 1]","[3, 4, 2, 1]","[3, 4, 1, 2]",False,True,False,False
djpKhG,"[2, 1, 3, 4]","[2, 1, 3, 4]","[3, 1, 2, 4]",True,False,False,True
oA6PJi,"[1, 2, 3, 4]","[1, 2, 3, 4]","[1, 3, 2, 4]",True,True,True,False
QirXNB,"[1, 2, 3, 4]","[2, 1, 3, 4]","[1, 2, 3, 4]",False,True,False,False
APS29x,"[3, 1, 2, 4]","[3, 1, 2, 4]","[3, 2, 1, 4]",True,True,True,False
iByT16,"[3, 4, 1, 2]","[3, 4, 1, 2]","[1, 4, 3, 2]",True,False,False,True
M2XfZN,"[1, 2, 3, 4]","[1, 2, 3, 4]","[1, 3, 2, 4]",True,True,True,False
LM5A5G,"[3, 1, 4, 2]","[3, 1, 2, 4]","[3, 1, 4, 2]",False,False,False,False
atG5Hu,"[3, 2, 4, 1]","[3, 2, 4, 1]","[2, 3, 4, 1]",True,True,False,True
6y2XLs,"[4, 3, 2, 1]","[4, 3, 2, 1]","[3, 4, 2, 1]",True,True,False,True
KOkX91,"[2, 1, 4, 3]","[3, 4, 1, 2]","[2, 1, 4, 3]",False,False,False,False
qNfUOX,"[1, 2, 4, 3]","[4, 3, 1, 2]","[2, 3, 1, 4]",False,False,False,False
AcuLSh,"[2, 1, 3, 4]","[3, 1, 2, 4]","[4, 1, 2, 3]",False,False,False,False
aJCYYM,"[3, 1, 4, 2]","[3, 1, 4, 2]","[4, 1, 3, 2]",True,False,False,True
HsaihT,"[1, 3, 2, 4]","[2, 3, 1, 4]","[1, 2, 3, 4]",False,False,False,False
aP9rAk,"[4, 3, 2, 1]","[4, 3, 2, 1]","[4, 2, 3, 1]",True,True,True,False
ToTfjg,"[3, 4, 2, 1]","[4, 3, 1, 2]","[4, 3, 2, 1]",False,True,False,False
RMtzAf,"[1, 2, 3, 4]","[1, 2, 3, 4]","[1, 2, 4, 3]",True,True,False,True
xAo3gj,"[4, 3, 2, 1]","[4, 3, 2, 1]","[3, 4, 2, 1]",True,True,False,True
2VMK0P,"[3, 1, 4, 2]","[3, 2, 1, 4]","[1, 4, 3, 2]",False,False,False,False
Kbym9A,"[3, 4, 1, 2]","[1, 4, 2, 3]","[2, 1, 3, 4]",False,False,False,False
8kpquE,"[1, 4, 2, 3]","[3, 4, 2, 1]","[2, 4, 3, 1]",False,False,False,False
YWwYeh,"[3, 1, 4, 2]","[3, 1, 2, 4]","[2, 1, 3, 4]",False,False,False,False
16gB5M,"[2, 1, 3, 4]","[3, 1, 2, 4]","[4, 1, 2, 3]",False,False,False,False
WvElgb,"[4, 3, 1, 2]","[4, 3, 1, 2]","[4, 2, 1, 3]",True,False,False,True
2i516Z,"[1, 2, 3, 4]","[1, 2, 3, 4]","[3, 2, 1, 4]",True,False,False,True
Rvd9hZ,"[2, 1, 4, 3]","[2, 1, 4, 3]","[2, 1, 3, 4]",True,True,False,True
d2yH1i,"[4, 1, 3, 2]","[4, 1, 2, 3]","[4, 1, 3, 2]",False,True,True,True
ERAFUq,"[2, 1, 4, 3]","[2, 1, 4, 3]","[1, 2, 4, 3]",True,True,False,True
rRyqT9,"[4, 2, 3, 1]","[4, 2, 3, 1]","[3, 2, 4, 1]",True,False,False,True
9g0EBE,"[2, 1, 4, 3]","[2, 1, 4, 3]","[4, 1, 3, 2]",True,False,False,True
7RSn4H,"[4, 3, 1, 2]","[4, 3, 1, 2]","[4, 2, 1, 3]",True,False,False,True
CJgMn8,"[3, 1, 2, 4]","[2, 1, 3, 4]","[2, 3, 4, 1]",False,False,False,False
haiAqu,"[2, 3, 4, 1]","[1, 3, 4, 2]","[1, 2, 4, 3]",False,False,False,False
anNAyO,"[1, 4, 3, 2]","[1, 4, 3, 2]","[2, 4, 3, 1]",True,False,False,True
FNqJeo,"[1, 3, 4, 2]","[1, 3, 4, 2]","[1, 4, 3, 2]",True,True,True,False
l5ECOG,"[4, 3, 2, 1]","[2, 1, 4, 3]","[3, 2, 4, 1]",False,False,False,False
izB9hG,"[4, 1, 3, 2]","[4, 1, 3, 2]","[4, 2, 3, 1]",True,False,False,True
HORgSJ,"[4, 3, 1, 2]","[2, 4, 1, 3]","[1, 4, 2, 3]",False,False,False,False
fjWVfC,"[3, 4, 2, 1]","[3, 4, 2, 1]","[3, 4, 1, 2]",True,True,False,True
ZaTNaL,"[3, 4, 1, 2]","[4, 2, 1, 3]","[3, 1, 4, 2]",False,False,False,False
EQpDDa,"[3, 4, 2, 1]","[3, 4, 2, 1]","[3, 2, 4, 1]",True,False,False,True
gQOlEz,"[1, 2, 3, 4]","[1, 2, 3, 4]","[1, 2, 4, 3]",True,True,False,True
U6KSIF,"[3, 4, 2, 1]","[4, 3, 2, 1]","[3, 4, 2, 1]",False,True,True,True
S48spZ,"[1, 2, 3, 4]","[1, 2, 3, 4]","[1, 3, 4, 2]",True,False,False,True
MBnNaa,"[4, 2, 1, 3]","[3, 1, 4, 2]","[4, 2, 1, 3]",False,False,False,False
wP2x0b,"[2, 4, 1, 3]","[2, 4, 1, 3]","[1, 3, 4, 2]",True,False,False,True
1OWTfc,"[3, 4, 2, 1]","[3, 4, 2, 1]","[3, 1, 2, 4]",True,False,False,True
NYubDl,"[4, 3, 1, 2]","[3, 4, 2, 1]","[4, 3, 2, 1]",False,True,True,False
Uj2j8U,"[2, 4, 1, 3]","[2, 4, 1, 3]","[2, 3, 1, 4]",True,False,False,True
Q3y4BY,"[2, 4, 1, 3]","[2, 4, 1, 3]","[3, 4, 1, 2]",True,False,False,True
CsznHj,"[1, 4, 2, 3]","[2, 4, 3, 1]","[2, 4, 1, 3]",False,False,False,False
jUU3Hs,"[1, 2, 4, 3]","[1, 4, 2, 3]","[2, 1, 3, 4]",False,False,False,False
wfCR8h,"[1, 2, 3, 4]","[1, 2, 3, 4]","[1, 2, 4, 3]",True,True,True,False
IQvwSl,"[1, 2, 3, 4]","[1, 2, 3, 4]","[2, 3, 1, 4]",True,False,False,True
GwMhuN,"[4, 1, 3, 2]","[4, 1, 3, 2]","[4, 3, 1, 2]",True,False,False,True
s1TaKr,"[1, 3, 2, 4]","[1, 3, 2, 4]","[3, 2, 1, 4]",True,False,False,True
kbMmH2,"[1, 4, 3, 2]","[1, 4, 3, 2]","[1, 3, 4, 2]",True,True,True,False
F8jR96,"[3, 4, 1, 2]","[3, 4, 1, 2]","[1, 4, 3, 2]",True,False,False,True
SzElzn,"[1, 2, 3, 4]","[1, 3, 2, 4]","[1, 2, 3, 4]",False,True,False,False
T6uAKR,"[4, 2, 3, 1]","[4, 2, 3, 1]","[3, 2, 4, 1]",True,False,False,True
yN0RZf,"[3, 2, 4, 1]","[3, 1, 4, 2]","[2, 4, 3, 1]",False,False,False,False
scqXbe,"[1, 2, 3, 4]","[1, 2, 4, 3]","[1, 2, 3, 4]",False,True,False,False
CAeBgY,"[2, 1, 4, 3]","[2, 1, 4, 3]","[2, 1, 3, 4]",True,True,True,False
ggjBSF,"[4, 3, 1, 2]","[4, 3, 1, 2]","[4, 2, 1, 3]",True,False,False,True
fZqahw,"[1, 2, 3, 4]","[1, 2, 3, 4]","[1, 2, 4, 3]",True,True,False,True
dE6x3d,"[1, 2, 3, 4]","[1, 2, 3, 4]","[1, 2, 4, 3]",True,True,False,True
qPMhnu,"[2, 1, 3, 4]","[2, 1, 3, 4]","[4, 3, 1, 2]",True,False,False,True
yxjcbx,"[1, 2, 3, 4]","[1, 2, 3, 4]","[2, 1, 3, 4]",True,True,False,True
osmaQr,"[2, 3, 1, 4]","[2, 3, 1, 4]","[2, 4, 1, 3]",True,False,False,True
em7AKe,"[4, 2, 3, 1]","[1, 3, 2, 4]","[2, 4, 3, 1]",False,False,False,False
PqTtzW,"[1, 4, 3, 2]","[1, 4, 2, 3]","[1, 4, 3, 2]",False,True,True,True
eIKbXE,"[2, 3, 1, 4]","[2, 3, 1, 4]","[1, 3, 2, 4]",True,False,False,True
pMhl7a,"[3, 4, 2, 1]","[3, 4, 2, 1]","[2, 4, 3, 1]",True,False,False,True
5ln3UH,"[2, 4, 3, 1]","[2, 4, 3, 1]","[3, 4, 2, 1]",True,False,False,True
JhMxQi,"[4, 3, 2, 1]","[4, 3, 2, 1]","[4, 1, 3, 2]",True,False,False,True
dfuXbI,"[1, 4, 3, 2]","[1, 4, 3, 2]","[2, 1, 4, 3]",True,False,False,True
onPXv9,"[1, 2, 3, 4]","[1, 2, 3, 4]","[2, 1, 3, 4]",True,True,False,True
lHkDgA,"[3, 2, 1, 4]","[3, 4, 1, 2]","[4, 3, 1, 2]",False,True,False,False
upNrm3,"[1, 2, 3, 4]","[3, 4, 2, 1]","[4, 3, 2, 1]",False,True,False,False
9yNAYu,"[1, 2, 3, 4]","[1, 2, 3, 4]","[2, 1, 3, 4]",True,True,False,True
E7z7VD,"[2, 4, 3, 1]","[2, 4, 3, 1]","[1, 4, 3, 2]",True,False,False,True
h6PmsH,"[3, 4, 1, 2]","[3, 4, 1, 2]","[3, 4, 2, 1]",True,True,False,True
NLVdmN,"[2, 3, 4, 1]","[1, 3, 4, 2]","[2, 3, 4, 1]",False,False,False,False
E7Otxb,"[4, 1, 3, 2]","[4, 3, 1, 2]","[3, 2, 1, 4]",False,False,False,False
BgSs2w,"[3, 4, 2, 1]","[3, 4, 2, 1]","[3, 4, 1, 2]",True,True,True,False
rDwcNs,"[2, 1, 4, 3]","[1, 2, 4, 3]","[2, 1, 3, 4]",False,False,False,False
7rNyX3,"[4, 1, 2, 3]","[4, 1, 3, 2]","[1, 2, 4, 3]",False,False,False,False
q1Iw5e,"[1, 3, 2, 4]","[1, 4, 3, 2]","[3, 4, 2, 1]",False,False,False,False
6Z4g7i,"[2, 3, 4, 1]","[4, 3, 1, 2]","[3, 4, 1, 2]",False,True,False,False
tZRHEp,"[2, 1, 4, 3]","[2, 1, 4, 3]","[2, 1, 3, 4]",True,True,False,True
xyIrL0,"[3, 4, 2, 1]","[3, 2, 4, 1]","[2, 3, 1, 4]",False,False,False,False
3AdZl0,"[1, 2, 4, 3]","[1, 2, 4, 3]","[3, 2, 4, 1]",True,False,False,True
8Ye2HS,"[1, 3, 2, 4]","[1, 3, 2, 4]","[2, 1, 3, 4]",True,False,False,True
VUn6Kq,"[1, 2, 3, 4]","[1, 2, 3, 4]","[2, 1, 3, 4]",True,True,False,True
a9IthZ,"[4, 2, 3, 1]","[4, 1, 2, 3]","[4, 1, 3, 2]",False,True,False,False
u9efXP,"[3, 4, 1, 2]","[3, 4, 1, 2]","[2, 4, 1, 3]",True,False,False,True
tfH7rQ,"[1, 2, 3, 4]","[4, 2, 1, 3]","[1, 3, 2, 4]",False,False,False,False
wCHhDD,"[4, 1, 3, 2]","[1, 4, 2, 3]","[1, 2, 3, 4]",False,False,False,False
g3lyqO,"[4, 3, 2, 1]","[1, 2, 4, 3]","[2, 1, 4, 3]",False,True,False,False
1T7HPC,"[2, 3, 1, 4]","[2, 3, 1, 4]","[1, 3, 2, 4]",True,False,False,True
jYoUnm,"[1, 4, 3, 2]","[1, 4, 3, 2]","[2, 4, 3, 1]",True,False,False,True
d861TP,"[2, 3, 4, 1]","[2, 4, 3, 1]","[1, 4, 3, 2]",False,False,False,False
DMdssR,"[2, 3, 1, 4]","[2, 3, 1, 4]","[1, 3, 2, 4]",True,False,False,True
HDYzkT,"[4, 2, 3, 1]","[3, 4, 2, 1]","[4, 2, 3, 1]",False,False,False,False
07j9L5,"[1, 2, 4, 3]","[1, 2, 3, 4]","[2, 3, 1, 4]",False,False,False,False
ZDbxLB,"[4, 2, 1, 3]","[1, 3, 2, 4]","[2, 3, 1, 4]",False,False,False,False
gpUZYU,"[3, 2, 1, 4]","[3, 2, 1, 4]","[3, 1, 2, 4]",True,True,False,True
IorMFK,"[4, 1, 3, 2]","[4, 1, 3, 2]","[4, 3, 1, 2]",True,False,False,True
HSC7Tq,"[1, 2, 3, 4]","[1, 2, 3, 4]","[1, 2, 4, 3]",True,True,False,True
zQzNvC,"[4, 2, 3, 1]","[4, 2, 3, 1]","[3, 2, 4, 1]",True,False,False,True
yGCLV7,"[4, 3, 2, 1]","[1, 2, 4, 3]","[1, 2, 3, 4]",False,True,False,False
hUPdsJ,"[2, 3, 1, 4]","[1, 4, 2, 3]","[1, 3, 2, 4]",False,False,False,False
jIVeqm,"[1, 2, 3, 4]","[1, 2, 3, 4]","[1, 2, 4, 3]",True,True,False,True
MRUson,"[3, 2, 1, 4]","[3, 2, 1, 4]","[3, 1, 2, 4]",True,True,False,True
1b4O3W,"[4, 3, 2, 1]","[4, 3, 2, 1]","[2, 3, 4, 1]",True,False,False,True
mnYFlF,"[1, 4, 2, 3]","[1, 4, 2, 3]","[2, 4, 1, 3]",True,False,False,True
ErZTIK,"[1, 3, 2, 4]","[1, 4, 2, 3]","[1, 3, 2, 4]",False,False,False,False
IHDX3C,"[4, 2, 3, 1]","[4, 2, 3, 1]","[3, 2, 4, 1]",True,False,False,True
I3c4q8,"[1, 2, 3, 4]","[1, 2, 3, 4]","[1, 2, 4, 3]",True,True,False,True
zXM1dx,"[4, 3, 2, 1]","[4, 3, 2, 1]","[3, 4, 2, 1]",True,True,False,True
dYdksO,"[2, 4, 3, 1]","[2, 1, 4, 3]","[2, 1, 3, 4]",False,True,False,False
eWL7OG,"[1, 4, 2, 3]","[1, 4, 2, 3]","[2, 4, 1, 3]",True,False,False,True
lYwU8P,"[1, 2, 3, 4]","[1, 2, 3, 4]","[2, 1, 3, 4]",True,True,True,False
zWXhgr,"[1, 3, 2, 4]","[1, 4, 3, 2]","[1, 4, 2, 3]",False,True,False,False
