step,w1,w2,w3,w4,w5,w6,ema1,ema2,ema3,ema4,ema5,ema6,L1,L2,L3,L4,L5,L6
50,0.14034950733184814,0.25316259264945984,0.14229942858219147,0.2501743733882904,0.10939346253871918,0.10462062060832977,0.7232085466384888,0.8205022215843201,0.7254459857940674,0.8185430765151978,0.6820539236068726,0.6746931076049805,0.003923296928405762,1.6777293394614964e-14,6.904000149354772e-10,1.8217018605409807e-12,5.0012407409871784e-11,2.293184156562829e-14
100,0.15933173894882202,0.20087698101997375,0.12754300236701965,0.21644888818264008,0.13891854882240295,0.1568809449672699,0.5353597402572632,0.5733553171157837,0.49840593338012695,0.585674524307251,0.5125024914741516,0.5325919985771179,0.023563645780086517,1.9011164916079258e-14,4.637883648683783e-06,1.5760808118130652e-14,4.3139135641467874e-07,0.0025541712529957294
150,0.2076171189546585,0.1976538896560669,0.14930908381938934,0.16888386011123657,0.1332349330186844,0.14330120384693146,0.41656532883644104,0.4084059000015259,0.362385630607605,0.3825598955154419,0.34339556097984314,0.3553778827190399,0.0045944880694150925,9.610703273210675e-05,0.02630019560456276,0.011047745123505592,0.006715348456054926,0.0031777266412973404
200,0.27273526787757874,0.17072373628616333,0.1301213949918747,0.13793832063674927,0.14298419654369354,0.14549709856510162,0.3659023344516754,0.2806051969528198,0.23579469323158264,0.27295395731925964,0.2513486444950104,0.2542232275009155,0.8002063035964966,1.0160636221279162e-11,2.4374099960589035e-11,2.753335475921631,2.536019110266352e-07,1.6212228004519602e-08
250,0.2947264611721039,0.20598238706588745,0.1342180371284485,0.12195143848657608,0.12413033843040466,0.11899133771657944,0.316074937582016,0.25696250796318054,0.18628887832164764,0.1704748421907425,0.17339684069156647,0.16642041504383087,3.7270902453201415e-07,1.135208463690085e-14,2.1144732187394766e-08,2.4757937019947995e-11,5.524242521759426e-12,5.957027208084334e-17
300,0.24813078343868256,0.22163063287734985,0.13916677236557007,0.1284138560295105,0.13632720708847046,0.1263306885957718,0.29818835854530334,0.28173935413360596,0.204306498169899,0.20696383714675903,0.22509165108203888,0.18678636848926544,0.006739896256476641,0.22541265189647675,0.16022413969039917,1.752799153327942,2.578889846801758,0.004917476791888475
350,0.2596382200717926,0.16784191131591797,0.16540688276290894,0.10122494399547577,0.16802015900611877,0.13786780834197998,0.29001134634017944,0.21802817285060883,0.21561618149280548,0.1346001923084259,0.21820247173309326,0.18556727468967438,7.749896212772e-06,9.02844694792293e-05,2.5867766453302465e-05,0.0009702224051579833,7.411307706206571e-06,2.123380681950948e-06
400,0.2512822151184082,0.13497839868068695,0.1865793913602829,0.11836660653352737,0.16768230497837067,0.1411110758781433,0.26636525988578796,0.15602576732635498,0.21281813085079193,0.1445961445569992,0.207530215382576,0.16321998834609985,0.8095769286155701,0.029750417917966843,0.3672420382499695,1.0537006855010986,1.6004126071929932,0.016034256666898727
450,0.2302342802286148,0.11871619522571564,0.20130698382854462,0.12361787259578705,0.18035393953323364,0.14577080309391022,0.22017432749271393,0.11088434606790543,0.1980200707912445,0.11756016314029694,0.17988495528697968,0.14475882053375244,2.9156890377635136e-05,2.3588654585182667e-08,5.905304023556823e-10,1.43072416136647e-08,2.998960857425459e-09,7.338212526519783e-07
500,0.17036737501621246,0.09716175496578217,0.1557338386774063,0.19090136885643005,0.22274374961853027,0.16309192776679993,0.20346464216709137,0.110471710562706,0.18833841383457184,0.22191017866134644,0.24739086627960205,0.19593621790409088,0.033251140266656876,2.7536072593647987e-05,0.0024756852071732283,0.00010890284465858713,0.0028048569802194834,0.0005194397526793182
550,0.1661381721496582,0.12734898924827576,0.15162336826324463,0.14568403363227844,0.2784513235092163,0.13075418770313263,0.1842551976442337,0.14038357138633728,0.16917085647583008,0.1625775247812271,0.26946502923965454,0.14473757147789001,2.111421281369985e-06,5.6756852093598625e-14,7.835042293777295e-13,2.9693733583080473e-10,1.348093339026803e-14,1.4350379676339627e-14
600,0.19095675647258759,0.15308646857738495,0.14193326234817505,0.13697388768196106,0.24311144649982452,0.13393819332122803,0.17289605736732483,0.1334048956632614,0.12092337012290955,0.1226307675242424,0.20972026884555817,0.11135681718587875,0.3018934726715088,4.222842107992619e-06,1.013004202832235e-05,0.7575989961624146,1.013004202832235e-05,6.89361286276835e-07
650,0.2408897578716278,0.14232923090457916,0.20194445550441742,0.11133602261543274,0.17397257685661316,0.1295280158519745,0.20706820487976074,0.1202181950211525,0.1779434233903885,0.07969580590724945,0.15334269404411316,0.10466761142015457,0.002765847835689783,6.962280622246908e-06,6.144193321233615e-06,3.2887544421100756e-06,1.2098664683435345e-06,1.287896111534792e-06
700,0.20338524878025055,0.14007903635501862,0.20528928935527802,0.1273193508386612,0.19229023158550262,0.13163693249225616,0.15639019012451172,0.09486082941293716,0.15793688595294952,0.07910314947366714,0.14713360369205475,0.08460602909326553,0.0002497243112884462,8.481463737552986e-05,0.001170194591395557,0.0002034476783592254,0.00017954407667275518,0.00023053328914102167
750,0.20760424435138702,0.13657835125923157,0.1887364238500595,0.14487726986408234,0.20374149084091187,0.11846226453781128,0.1536671668291092,0.08457585424184799,0.13794560730457306,0.09430895745754242,0.15056820213794708,0.061095718294382095,4.2473025985145796e-08,1.8217018605409807e-12,4.024663496351652e-14,1.9200597058469104e-13,1.2396835402835038e-13,2.7661080620033224e-14
800,0.22716690599918365,0.13278983533382416,0.16519856452941895,0.13030946254730225,0.2393990308046341,0.10513617098331451,0.17697025835514069,0.08654159307479858,0.13192826509475708,0.08343153446912766,0.1837908923625946,0.04813487455248833,0.1839759796857834,0.0002453995984978974,0.9356346130371094,0.0003570343542378396,0.0006669246358796954,0.012509570457041264
850,0.2646764814853668,0.14205889403820038,0.16113294661045074,0.12788742780685425,0.18956442177295685,0.11467982828617096,0.17461729049682617,0.07191875576972961,0.09270675480365753,0.054578665643930435,0.11951912939548492,0.03659263998270035,0.002459239913150668,1.8738771814241773e-06,1.43072416136647e-08,1.2626097500856304e-08,2.510999053129126e-08,1.1365643786120927e-06
900,0.20451098680496216,0.16192986071109772,0.1300421804189682,0.2417074590921402,0.16543394327163696,0.09637562185525894,0.21291150152683258,0.1734393984079361,0.13755159080028534,0.23953253030776978,0.17697182297706604,0.0878191888332367,0.09515496343374252,8.939736289903522e-06,0.029750417917966843,6.475950158346677e-07,7.889293556218036e-06,1.9947317468904657e-06
950,0.218105286359787,0.12345966696739197,0.1754489243030548,0.2583785355091095,0.1266174167394638,0.09799019992351532,0.24574826657772064,0.14595413208007812,0.20394060015678406,0.26782897114753723,0.1501215696334839,0.1078314408659935,0.5898711681365967,2.7264741220278665e-06,4.181188160146121e-07,0.002052849158644676,2.9311968319234438e-05,1.0783370271383319e-05
1000,0.23071306943893433,0.17415601015090942,0.1610550731420517,0.20311251282691956,0.1187494769692421,0.1122138723731041,0.2326214760541916,0.20195868611335754,0.17873407900333405,0.23655368387699127,0.11901719123125076,0.11290527135133743,0.5530217885971069,2.1269280910491943,1.094851016998291,3.0485873222351074,0.15121395885944366,0.4740769863128662
1050,0.26722803711891174,0.15016615390777588,0.1346457153558731,0.17187201976776123,0.16511712968349457,0.11097092926502228,0.24584802985191345,0.14728336036205292,0.12930990755558014,0.16959068179130554,0.16294552385807037,0.0973786786198616,0.34660273790359497,7.484903471777216e-05,0.0028048569802194834,0.0031777266412973404,0.00023053328914102167,0.000430649786721915
1100,0.22548340260982513,0.29309162497520447,0.08716791123151779,0.10722298920154572,0.17107093334197998,0.11596322804689407,0.29896873235702515,0.3424314260482788,0.14209094643592834,0.17604754865169525,0.253394216299057,0.192597433924675,0.03231080621480942,0.05164138972759247,0.02630019560456276,0.005233798176050186,0.031639110296964645,0.3672420382499695
1150,0.2326333075761795,0.245476633310318,0.10254630446434021,0.11387010663747787,0.17767849564552307,0.1277952343225479,0.2368050515651703,0.2456718534231186,0.10164544731378555,0.11892818659543991,0.19233953952789307,0.1379643827676773,2.1784564978588605e-06,1.0145353890322895e-08,1.404745596103943e-13,8.083752851134607e-13,1.2396835402835038e-13,2.339111326507548e-12
1200,0.2383640557527542,0.21553760766983032,0.12535718083381653,0.11431495100259781,0.15767718851566315,0.14874902367591858,0.2052839696407318,0.18831153213977814,0.09892162680625916,0.08378869295120239,0.1367366909980774,0.1271161586046219,0.03714767470955849,0.0008562671137042344,0.004340910352766514,0.012509570457041264,0.0010327640920877457,0.0007556910859420896
1250,0.19020244479179382,0.22924306988716125,0.15064093470573425,0.12423877418041229,0.13492737710475922,0.17074750363826752,0.17609533667564392,0.20686857402324677,0.13758596777915955,0.10579544305801392,0.11940883845090866,0.15825830399990082,0.0034593981690704823,0.00033540636650286615,0.00015844876179471612,0.0005529314512386918,0.0001234021910931915,0.00015844876179471612
1300,0.21650217473506927,0.19583368301391602,0.16189619898796082,0.14008846879005432,0.12868869304656982,0.15699082612991333,0.1753552109003067,0.15695586800575256,0.12696382403373718,0.10148987174034119,0.092225082218647,0.12034054100513458,0.2037179321050644,0.01930926740169525,0.16022413969039917,7.031431596260518e-05,0.4740769863128662,0.005570410750806332
1350,0.26283106207847595,0.16639931499958038,0.1937561333179474,0.12866976857185364,0.11755681037902832,0.1307869404554367,0.20718780159950256,0.12979400157928467,0.1556939333677292,0.08512614667415619,0.07260427623987198,0.08944226056337357,0.44881126284599304,0.2519291043281555,0.3304581940174103,0.027972901239991188,0.2661898136138916,0.1902991384267807
1400,0.24025128781795502,0.16012711822986603,0.2064208984375,0.1098279282450676,0.15568962693214417,0.12768325209617615,0.20608776807785034,0.13503102958202362,0.17684230208396912,0.0727275013923645,0.1303047239780426,0.09758538752794266,0.42050471901893616,0.009167530573904514,0.00013136042980477214,0.00019112256995867938,0.0002453995984978974,0.00045841795508749783
1450,0.24688442051410675,0.15300986170768738,0.19621628522872925,0.1280236840248108,0.1157945841550827,0.1600712388753891,0.21135573089122772,0.13241593539714813,0.17345349490642548,0.10303889960050583,0.08643307536840439,0.13986024260520935,0.00012910447549074888,4.5398901420412585e-05,5.715006068385264e-07,0.0040784431621432304,5.4761268984293565e-05,5.144353781361133e-05
1500,0.24043990671634674,0.1692100316286087,0.181086465716362,0.12318681180477142,0.13245852291584015,0.15361829102039337,0.23908410966396332,0.1811140477657318,0.1923064887523651,0.12873908877372742,0.14071021974086761,0.1651633083820343,0.00010443495557410643,3.535687574185431e-05,1.8925327822216786e-05,0.00027806960861198604,2.7536072593647987e-05,1.4739090147486422e-05
1550,0.2302456498146057,0.14424343407154083,0.20649497210979462,0.12613767385482788,0.15623897314071655,0.1366393119096756,0.20011268556118011,0.12295135855674744,0.1821490079164505,0.1008201465010643,0.13613227009773254,0.11401534080505371,1.6443939330201829e-06,2.569011409853106e-12,3.3315444153414475e-11,2.940077695190446e-11,9.146313151298102e-10,2.2671443715427397e-12
1600,0.2325766533613205,0.14780952036380768,0.1991419792175293,0.11644163727760315,0.16336564719676971,0.14066460728645325,0.1942642480134964,0.11958491057157516,0.16865281760692596,0.08010920882225037,0.1359783411026001,0.11129225790500641,0.0003132651618216187,0.011756090447306633,6.101936989542922e-13,4.895668870297243e-10,1.783247334519178e-11,2.9110711237401166e-12
1650,0.19544149935245514,0.1467982977628708,0.20077301561832428,0.12728115916252136,0.16328737139701843,0.16641876101493835,0.18862389028072357,0.1413574367761612,0.19302180409431458,0.11781646311283112,0.15892447531223297,0.16214029490947723,0.004536451306194067,0.00021656748140230775,0.0002453995984978974,2.5867766453302465e-05,0.00045841795508749783,0.00861448422074318
1700,0.20581302046775818,0.15172681212425232,0.17970162630081177,0.15479719638824463,0.16062068939208984,0.14734065532684326,0.19016824662685394,0.13638152182102203,0.16806660592556,0.1396871656179428,0.1425936222076416,0.12810608744621277,0.6964894533157349,0.3484445810317993,0.7248854041099548,0.3484445810317993,0.029750417917966843,0.004917476791888475
1750,0.2269880622625351,0.19734562933444977,0.14382873475551605,0.15257799625396729,0.14505742490291595,0.13420210778713226,0.21848517656326294,0.19408641755580902,0.1418682485818863,0.15161187946796417,0.14327260851860046,0.13043774664402008,0.13317924737930298,0.0023258652072399855,1.2219150448800065e-05,6.5404583438066766e-06,9.02844694792293e-05,2.0145893358858302e-05
1800,0.2227620929479599,0.18422718346118927,0.1767670065164566,0.17900313436985016,0.12423180043697357,0.11300884932279587,0.21394211053848267,0.18266905844211578,0.17586001753807068,0.17783866822719574,0.11773718148469925,0.10189227014780045,0.011533702723681927,0.018149929121136665,0.01930926740169525,0.00975591130554676,0.02630019560456276,0.0040784431621432304
1850,0.22155435383319855,0.16998659074306488,0.1720830500125885,0.16758635640144348,0.14979353547096252,0.11899609118700027,0.16989213228225708,0.12611310184001923,0.12813560664653778,0.12376665323972702,0.10524692386388779,0.06726932525634766,0.006254853215068579,3.850741947530878e-09,4.099093509069007e-09,7.91311200593059e-12,2.7619472681150725e-11,3.129696501957824e-11
1900,0.28707626461982727,0.13118751347064972,0.1452549397945404,0.16042731702327728,0.17008166015148163,0.10597232729196548,0.2226722091436386,0.09099327027797699,0.10878319293260574,0.12436269223690033,0.133701890707016,0.05570322647690773,0.3083760142326355,0.06196758896112442,0.16022413969039917,0.07888973504304886,0.04858735203742981,0.05488218367099762
1950,0.24925203621387482,0.1326068639755249,0.17184367775917053,0.14392103254795074,0.18294313549995422,0.11943333595991135,0.17931242287158966,0.07518492639064789,0.11795231699943542,0.08869443833827972,0.1282796859741211,0.05792089179158211,5.507980063157447e-07,2.8496210599526783e-11,4.2419642932555856e-15,9.94615431682e-11,1.3327855529279842e-12,3.5167118139268778e-15
2000,0.23905400931835175,0.1407618224620819,0.18368589878082275,0.14148709177970886,0.1798052340745926,0.11520597338676453,0.18381178379058838,0.09631107747554779,0.14022278785705566,0.09715284407138824,0.1367093175649643,0.06324892491102219,0.01196211390197277,0.0006265303236432374,0.00019112256995867938,5.4222336984821595e-06,0.001170194591395557,0.00014884956181049347
2050,0.20914694666862488,0.11919575184583664,0.15671558678150177,0.21406207978725433,0.1537787765264511,0.14710086584091187,0.18163689970970154,0.0888623520731926,0.1340171843767166,0.18546968698501587,0.13089577853679657,0.12357036024332047,2.5123088054357368e-09,3.055371931073034e-15,4.1761985376483936e-15,6.076333148663862e-15,2.841939004243619e-16,2.9953814710933485e-17
2100,0.24900050461292267,0.1502797156572342,0.17968207597732544,0.17515918612480164,0.11997553706169128,0.1259029060602188,0.21225395798683167,0.12882687151432037,0.15831081569194794,0.1541043519973755,0.09166713804006577,0.09962395578622818,0.010926214046776295,5.384939998250016e-13,5.331813210883961e-14,3.4085139428269816e-15,3.862352501899941e-15,8.703945394560476e-15
2150,0.17750954627990723,0.1398429423570633,0.16826944053173065,0.2122434675693512,0.135649174451828,0.16648545861244202,0.20071280002593994,0.16135956346988678,0.19189226627349854,0.2301998883485794,0.15633563697338104,0.19013360142707825,4.8128732998975465e-08,9.84802690784381e-12,1.3026892453638084e-08,1.3730242498510847e-09,5.323793142442135e-11,3.9337808011019604e-10
2200,0.24527376890182495,0.14139093458652496,0.1451016664505005,0.182362899184227,0.13155969977378845,0.15431110560894012,0.23162825405597687,0.13462752103805542,0.1398320198059082,0.1768334060907364,0.123991459608078,0.14907965064048767,0.6125218272209167,0.0014113540528342128,0.09441287815570831,0.023245465010404587,0.12692801654338837,0.003831815905869007
2250,0.2498427778482437,0.1366209089756012,0.13481953740119934,0.190566748380661,0.14171016216278076,0.14643993973731995,0.23363566398620605,0.13409708440303802,0.1318327933549881,0.18892720341682434,0.1400509774684906,0.14550183713436127,0.002191779436543584,0.008094665594398975,0.0006669246358796954,2.9311968319234438e-05,1.5689673091401346e-05,0.003382326103746891
2300,0.20622260868549347,0.11812534928321838,0.1522732377052307,0.20975261926651,0.12040134519338608,0.19322487711906433,0.22806663811206818,0.13612700998783112,0.17802554368972778,0.23086713254451752,0.139275923371315,0.217324897646904,8.365756087869158e-09,4.651878708628043e-12,4.356889348855475e-06,1.0277338062612135e-13,4.854670742552962e-14,9.559413942936482e-15
2350,0.19706222414970398,0.1932547688484192,0.12371891736984253,0.13330116868019104,0.16672846674919128,0.18593443930149078,0.23102444410324097,0.2278052121400833,0.15421566367149353,0.16652646660804749,0.20344415307044983,0.22143369913101196,6.303512691374635e-06,8.690853592341341e-12,8.690853592341341e-12,0.00019718887051567435,1.0246444048789272e-07,6.5700826296620236e-15
2400,0.18895138800144196,0.20619577169418335,0.13533997535705566,0.13788263499736786,0.15093889832496643,0.1806914210319519,0.22685976326465607,0.24125365912914276,0.17179936170578003,0.1748512089252472,0.18977929651737213,0.21946530044078827,0.001920875976793468,0.0002612244279589504,0.0019285932648926973,6.89361286276835e-07,1.5689673091401346e-05,8.398106729146093e-06
2450,0.20578539371490479,0.20370200276374817,0.13021351397037506,0.15456199645996094,0.13752718269824982,0.16820980608463287,0.24215653538703918,0.24047750234603882,0.16678446531295776,0.1949274241924286,0.175659641623497,0.20888888835906982,7.469282536476385e-06,4.495191660680575e-06,0.014163456857204437,3.321474287076853e-05,2.0145893358858302e-05,2.7264741220278665e-06
2500,0.247100368142128,0.16519176959991455,0.16004851460456848,0.12600348889827728,0.13735750317573547,0.1642983853816986,0.2923251688480377,0.22587347030639648,0.22065451741218567,0.18119187653064728,0.19542773067951202,0.22497870028018951,0.0008249451057054102,5.7893564074651405e-12,1.1399918552548738e-12,6.224144116773189e-11,6.962280622246908e-06,1.3440409674103648e-08
2550,0.22539405524730682,0.21207979321479797,0.14887122809886932,0.1086481586098671,0.13095013797283173,0.17405663430690765,0.241362527012825,0.23131607472896576,0.17292571067810059,0.1209561824798584,0.151761993765831,0.19871509075164795,1.6635471666859303e-08,4.3700355834008775e-12,4.745044912546348e-10,1.004526017922558e-09,2.2414005373949664e-10,6.214782644065053e-08
2600,0.1964893341064453,0.2745528519153595,0.12243807315826416,0.09756069630384445,0.14277532696723938,0.16618359088897705,0.23002801835536957,0.2650319039821625,0.13540062308311462,0.09318336844444275,0.15601491928100586,0.1810653656721115,2.1322717666625977,0.1128222793340683,0.4740769863128662,8.398106729146093e-06,2.4061050680757035e-06,5.0937178457388654e-06
2650,0.24853655695915222,0.23047852516174316,0.13462215662002563,0.11203822493553162,0.14689503610134125,0.1274295449256897,0.2557235658168793,0.2430267482995987,0.15430861711502075,0.12400935590267181,0.16870427131652832,0.14524874091148376,0.025045841932296753,2.0848274495666175e-11,7.063503970096419e-14,2.9356552744275177e-08,2.944506414409055e-14,6.993815943723671e-15
2700,0.3128817677497864,0.18045921623706818,0.14679834246635437,0.11568615585565567,0.13160105049610138,0.11257344484329224,0.285036563873291,0.19207100570201874,0.15800721943378448,0.11889992654323578,0.14020681381225586,0.11420752853155136,0.21638956665992737,0.0001234021910931915,8.481463737552986e-05,0.01930926740169525,0.023245465010404587,0.00010890284465858713
2750,0.3231339156627655,0.15510810911655426,0.1592915803194046,0.12107238918542862,0.12640810012817383,0.11498596519231796,0.2587900161743164,0.13319778442382812,0.13758908212184906,0.09232170134782791,0.0994376614689827,0.08381123840808868,0.44913843274116516,3.972977502542108e-09,1.315669351242832e-07,1.199735311097072e-10,9.343548157403347e-11,4.745044912546348e-10
2800,0.31485408544540405,0.17687122523784637,0.13293197751045227,0.12141060829162598,0.1398199200630188,0.1141122579574585,0.26440033316612244,0.16924694180488586,0.12212551385164261,0.10716672986745834,0.13046547770500183,0.09693747758865356,2.251937530672876e-06,5.771936230303254e-06,6.5404583438066766e-06,5.0937178457388654e-06,0.00045841795508749783,8.398106729146093e-06
2850,0.2484787553548813,0.2575799226760864,0.13327471911907196,0.15251554548740387,0.1142197847366333,0.09393136203289032,0.23404885828495026,0.2397923767566681,0.13107097148895264,0.15332189202308655,0.10561347007751465,0.07334604114294052,0.019199203699827194,1.7257828943684217e-08,1.1142490485838152e-08,1.0571700670425344e-07,7.123156509081241e-10,3.8127509482954736e-10
2900,0.17548590898513794,0.15969382226467133,0.21142537891864777,0.18449833989143372,0.16738516092300415,0.1015113815665245,0.19645504653453827,0.1808852106332779,0.22718648612499237,0.2047082632780075,0.18892641365528107,0.10612630099058151,0.0010264632292091846,5.315785500670245e-08,4.94445018262013e-09,1.6052279505629485e-09,0.027972901239991188,5.144353781361133e-05
2950,0.20125874876976013,0.16406045854091644,0.1536673903465271,0.20004521310329437,0.18346606194972992,0.09750205278396606,0.21455822885036469,0.18080587685108185,0.17000751197338104,0.21352674067020416,0.19925197958946228,0.09494619071483612,0.0033576746936887503,1.2751904421293148e-07,1.0160636221279162e-11,7.835042293777295e-13,1.9810088085995409e-13,2.389552585749938e-13
3000,0.2578977048397064,0.14100868999958038,0.1585264950990677,0.16747061908245087,0.16750863194465637,0.1075877994298935,0.25119826197624207,0.16338609158992767,0.15209099650382996,0.17145255208015442,0.16769729554653168,0.08959053456783295,1.9874800443649292,3.167999029159546,0.10633723437786102,1.136871099472046,0.7575989961624146,0.2519291043281555
3050,0.2440050095319748,0.16112352907657623,0.16477474570274353,0.1566115766763687,0.1763484925031662,0.09713664650917053,0.2357812225818634,0.16686324775218964,0.170555979013443,0.16248860955238342,0.1822137087583542,0.08336004614830017,0.044469818472862244,0.00045841795508749783,3.689885659241554e-07,0.031639110296964645,0.04570982977747917,8.398106729146093e-06
3100,0.23838438093662262,0.17408041656017303,0.15010812878608704,0.15886589884757996,0.1650322824716568,0.11352881789207458,0.2064068466424942,0.15451301634311676,0.13006767630577087,0.13942337036132812,0.14571388065814972,0.08398452401161194,0.002335836412385106,1.013004202832235e-05,0.00013983185635879636,8.481463737552986e-05,0.000804409384727478,0.0002612244279589504
3150,0.26740607619285583,0.1775030642747879,0.12285590916872025,0.1590978503227234,0.15416479110717773,0.11897233873605728,0.21972963213920593,0.1521681398153305,0.09139388054609299,0.13411371409893036,0.12886877357959747,0.0860937088727951,0.0007003639475442469,0.005928608123213053,0.00010230508632957935,0.006715348456054926,0.0019285932648926973,8.481463737552986e-05
3200,0.1820140928030014,0.19062846899032593,0.1490546315908432,0.18182937800884247,0.1477794349193573,0.14869394898414612,0.23719066381454468,0.24482063949108124,0.20422841608524323,0.23702314496040344,0.20281073451042175,0.20382866263389587,1.447547770538904e-08,9.94615431682e-11,8.980238224592409e-15,3.5167118139268778e-15,2.0037618923319806e-15,3.9456414633616934e-16
3250,0.2012891173362732,0.17880168557167053,0.15842139720916748,0.17252428829669952,0.1437961608171463,0.14516741037368774,0.18579694628715515,0.1662483960390091,0.14628028869628906,0.16035141050815582,0.13029809296131134,0.13186410069465637,0.0001827085216064006,1.0571700670425344e-07,3.098819161342914e-12,7.507751365043447e-11,1.0815941892117209e-11,6.983296753360069e-12
3300,0.2733035087585449,0.18018215894699097,0.1506483256816864,0.13901302218437195,0.12974554300308228,0.1271074265241623,0.2128196656703949,0.14407825469970703,0.11453992128372192,0.10127714276313782,0.08989351242780685,0.08650386333465576,2.52176334925025e-07,1.3887944613766301e-11,1.0261879540562902e-10,5.7893564074651405e-12,1.1478834494482726e-05,5.905304023556823e-10
3350,0.26228028535842896,0.19870562851428986,0.1444735825061798,0.13220880925655365,0.1374843418598175,0.12484738230705261,0.18723337352275848,0.1413985788822174,0.0887846052646637,0.07415346801280975,0.0806024894118309,0.06469407677650452,0.005729041062295437,0.0024756852071732283,8.481463737552986e-05,0.0007556910859420896,5.4761268984293565e-05,0.00010890284465858713
3400,0.22708505392074585,0.19546911120414734,0.1413574516773224,0.18575285375118256,0.12977726757526398,0.12055829167366028,0.1533292680978775,0.12783600389957428,0.07435773313045502,0.11942340433597565,0.06025482714176178,0.0480966791510582,0.0756109207868576,2.4061050680757035e-06,6.475950158346677e-07,3.689885659241554e-07,5.715006068385264e-07,8.939736289903522e-06
3450,0.21246257424354553,0.16712349653244019,0.14890515804290771,0.17317236959934235,0.15981772541999817,0.13851870596408844,0.1495034098625183,0.10767438262701035,0.08822836726903915,0.11482419073581696,0.10102522373199463,0.08332850784063339,0.2843276560306549,0.06196758896112442,0.021852364763617516,0.1902991384267807,0.13458654284477234,0.7248854041099548
3500,0.16144274175167084,0.11495811492204666,0.12100786715745926,0.22938857972621918,0.21875008940696716,0.1544526219367981,0.16218754649162292,0.10623527318239212,0.11468314379453659,0.22010494768619537,0.21226806938648224,0.15484170615673065,0.0046205073595047,0.012509570457041264,0.011047745123505592,0.00045841795508749783,0.0003150883421767503,0.0003800567355938256
3550,0.1815115511417389,0.1197628453373909,0.13179084658622742,0.16470551490783691,0.18812298774719238,0.2141062468290329,0.19346171617507935,0.12137871980667114,0.1438562572002411,0.19059383869171143,0.23212268948554993,0.24271535873413086,0.4364458918571472,0.08893946558237076,0.7575989961624146,1.752799153327942,3.712226152420044,2.6367831230163574
3600,0.15453748404979706,0.1268167793750763,0.1533992737531662,0.1457570195198059,0.2183891385793686,0.2011002153158188,0.17435923218727112,0.14081154763698578,0.17219895124435425,0.16381996870040894,0.23061013221740723,0.21692727506160736,0.09546283632516861,0.0026351429987698793,0.0014113540528342128,0.006715348456054926,0.014163456857204437,0.006715348456054926
3650,0.2126355618238449,0.13504408299922943,0.13118360936641693,0.1342177838087082,0.1985253542661667,0.18839360773563385,0.20923323929309845,0.1343267858028412,0.12954124808311462,0.1333141177892685,0.19790387153625488,0.1892606019973755,1.733164793904507e-07,4.8473686869998645e-11,1.0603575851565739e-13,9.931194000500909e-08,1.8553913605501293e-07,1.006039218945376e-12
3700,0.1968422681093216,0.14643950760364532,0.1569066047668457,0.14467817544937134,0.18621313571929932,0.1689203381538391,0.1634061485528946,0.11460073292255402,0.1259920746088028,0.11260414868593216,0.15424685180187225,0.1381651759147644,1.9224717107135803e-06,7.496458920286386e-08,3.7808213455619785e-14,6.788850785415622e-18,1.37716408152381e-15,2.830014004573585e-18
3750,0.26518967747688293,0.1373693197965622,0.15519361197948456,0.14662079513072968,0.14904476702213287,0.14658184349536896,0.22198234498500824,0.11096308380365372,0.1310894787311554,0.12171325832605362,0.12441861629486084,0.12166914343833923,0.24911241233348846,0.000430649786721915,6.20524151599966e-05,3.321474287076853e-05,1.7778711480787024e-05,6.5404583438066766e-06
3800,0.2743220925331116,0.1359141319990158,0.1430119425058365,0.15063685178756714,0.1498275101184845,0.1462874412536621,0.19464151561260223,0.07876522094011307,0.08716503530740738,0.09573524445295334,0.09484634548425674,0.09090098738670349,1.5121207979973406e-05,4.1874875789105204e-10,5.307648825692013e-05,1.0587626608771217e-10,2.7661080620033224e-14,8.003999210377116e-14
3850,0.27802959084510803,0.1432378739118576,0.13956211507320404,0.14591875672340393,0.14529548585414886,0.1479562222957611,0.19450844824314117,0.08507700264453888,0.0807875245809555,0.08813666552305222,0.0876295268535614,0.09042461216449738,2.8956506636923507e-10,1.0693124163907441e-09,2.2637343111142627e-09,3.003478542262794e-12,0.019916143268346786,1.9391914289623724e-12
3900,0.24396222829818726,0.13712367415428162,0.18053510785102844,0.13897855579853058,0.13658425211906433,0.16281619668006897,0.17723479866981506,0.08180215954780579,0.12718375027179718,0.08401896059513092,0.08115153014659882,0.11016196012496948,0.03714991733431816,3.120239853160456e-05,4.450851349702134e-07,1.3007213055971079e-05,6.962280622246908e-06,0.0023258652072399855
3950,0.23587267100811005,0.14002518355846405,0.21720297634601593,0.1381690502166748,0.1511399894952774,0.11759003251791,0.20062114298343658,0.11452669650316238,0.18696339428424835,0.11232487857341766,0.12713010609149933,0.08571472764015198,0.005190929863601923,1.8189616479702408e-09,3.2887544421100756e-06,2.1024335694619367e-07,1.3307807078533074e-09,1.4026325934057837e-10
4000,0.26409363746643066,0.1480206698179245,0.18965259194374084,0.1431225687265396,0.14912204444408417,0.10598846524953842,0.2247287482023239,0.12920168042182922,0.17009560763835907,0.12364935129880905,0.1304248571395874,0.07408810406923294,2.9362507980579267e-09,4.586656727844198e-15,1.9310547017220396e-14,1.0234215234102592e-15,4.395060433214776e-13,4.882470702695027e-15
4050,0.2529536485671997,0.13525158166885376,0.22132134437561035,0.14907193183898926,0.12934957444667816,0.11205199360847473,0.21536721289157867,0.11206535249948502,0.19332441687583923,0.1281185895204544,0.1047033816576004,0.08101671189069748,3.5157161619281396e-05,1.917171560394948e-10,3.233908095739285e-14,4.4642721051986467e-13,1.348093339026803e-14,1.266416662428502e-14
4100,0.29603111743927,0.05856474116444588,0.2819794714450836,0.0792824774980545,0.13161635398864746,0.1525259017944336,0.40270182490348816,0.12579227983951569,0.3851228356361389,0.19870594143867493,0.2600601613521576,0.2837314009666443,0.9555402398109436,6.20524151599966e-05,4.264837480150163e-05,2.293837308883667,0.06583535671234131,0.00014884956181049347
4150,0.26727837324142456,0.08769333362579346,0.22417528927326202,0.14507120847702026,0.1406106948852539,0.13517099618911743,0.3030473589897156,0.11745981872081757,0.27251559495925903,0.2015140801668167,0.1988031566143036,0.1966838538646698,0.21341297030448914,0.04299908131361008,0.06196758896112442,0.14267505705356598,0.3868710398674011,0.8259393572807312
4200,0.22661016881465912,0.10889304429292679,0.2057444155216217,0.17144745588302612,0.14252617955207825,0.1447787582874298,0.20801444351673126,0.08709022402763367,0.1920744925737381,0.16198541224002838,0.13150149583816528,0.1340888887643814,0.0001554740738356486,5.955157121206867e-06,3.3596793969081773e-07,6.485707526593387e-10,2.147771382965402e-08,1.6893528709260863e-07
4250,0.22820326685905457,0.1082160696387291,0.18498669564723969,0.1656927466392517,0.17059653997421265,0.1423046886920929,0.18375223875045776,0.06064460799098015,0.14911001920700073,0.13093549013137817,0.13574789464473724,0.10582830011844635,5.832254856841246e-08,1.2396835402835038e-13,3.6954450610693357e-10,3.1344112011834693e-14,1.0277338062612135e-13,7.063503970096419e-14
4300,0.21381276845932007,0.12697356939315796,0.19298183917999268,0.1646111160516739,0.17046165466308594,0.13115909695625305,0.153379887342453,0.06721923500299454,0.13549566268920898,0.11212562769651413,0.11428247392177582,0.07115349173545837,0.19730207324028015,0.1797446310520172,0.10020655393600464,0.3868710398674011,0.02630019560456276,0.0380413718521595
4350,0.22302815318107605,0.13560231029987335,0.21536271274089813,0.1493988335132599,0.15014825761318207,0.12645970284938812,0.1472647488117218,0.06516516953706741,0.14149372279644012,0.0811525285243988,0.08197814226150513,0.05364775285124779,2.5069675757549703e-05,1.5917852431122925e-13,1.404745596103943e-13,6.3583643558629e-12,2.650560543618341e-12,7.746073227288264e-11
4400,0.20842832326889038,0.13400065898895264,0.19096647202968597,0.14098244905471802,0.17932133376598358,0.14630073308944702,0.1399175226688385,0.06682953238487244,0.1256324201822281,0.07571975141763687,0.11489341408014297,0.08131343126296997,0.020580817013978958,0.0006669246358796954,0.03577728942036629,0.05164138972759247,3.120239853160456e-05,3.120239853160456e-05
4450,0.20372194051742554,0.1325778365135193,0.1588086485862732,0.15760159492492676,0.17864128947257996,0.16864866018295288,0.1376141905784607,0.06528831273317337,0.09507560729980469,0.093818299472332,0.11450427770614624,0.104998379945755,0.14445413649082184,3.763715358218178e-05,2.1445179299917072e-05,0.00017954407667275518,0.001170194591395557,0.0003570343542378396
4500,0.18109199404716492,0.1654474139213562,0.2073974907398224,0.13313177227973938,0.13928917050361633,0.17364218831062317,0.13838854432106018,0.12347454577684402,0.16076186299324036,0.08761774003505707,0.09507783502340317,0.13145120441913605,0.0005963325966149569,4.2178110640613345e-14,4.2178110640613345e-14,6.385155737476111e-10,6.729904827862399e-11,7.307423999236562e-09
4550,0.1674862504005432,0.19571223855018616,0.21331699192523956,0.12172237038612366,0.1878090798854828,0.11395306140184402,0.17784586548805237,0.20001786947250366,0.21350950002670288,0.12165892869234085,0.1939614862203598,0.11848811060190201,0.47950613498687744,0.12692801654338837,0.05488218367099762,0.12692801654338837,0.20141328871250153,0.8981232643127441
4600,0.18809886276721954,0.23611284792423248,0.16416889429092407,0.16244670748710632,0.14077818393707275,0.10839443653821945,0.1724669635295868,0.20997679233551025,0.15001346170902252,0.14827339351177216,0.12465126812458038,0.08151882886886597,0.00016254434012807906,7.593982951151212e-13,1.1878988244451438e-11,8.327813993957989e-10,3.9337808011019604e-10,2.650560543618341e-12
4650,0.1620078831911087,0.32697397470474243,0.12163392454385757,0.15145640075206757,0.11732354015111923,0.12060435116291046,0.1963486671447754,0.31218066811561584,0.14901798963546753,0.18519949913024902,0.1430647075176239,0.14761538803577423,0.0036865356378257275,6.295633502365061e-13,2.4654052670908255e-13,7.133886580426574e-13,1.418742835886111e-12,5.555876396966253e-13
4700,0.17443932592868805,0.25273722410202026,0.12283989787101746,0.19614693522453308,0.13374841213226318,0.12008823454380035,0.22567659616470337,0.28259512782096863,0.16355298459529877,0.2407698929309845,0.17759080231189728,0.1598147451877594,0.4259067177772522,1.8553913605501293e-07,1.4739090147486422e-05,1.1253516873921399e-07,3.3982678893096363e-09,6.286163256596922e-10
4750,0.21189579367637634,0.2388083040714264,0.13709081709384918,0.14485175907611847,0.14366483688354492,0.12368854135274887,0.22733598947525024,0.24626463651657104,0.15468673408031464,0.16377219557762146,0.16242796182632446,0.13771773874759674,0.08012422174215317,0.00013983185635879636,0.00013983185635879636,7.484903471777216e-05,0.0014113540528342128,0.0007099223439581692
4800,0.2080848067998886,0.20867948234081268,0.1840299665927887,0.18251320719718933,0.11271639168262482,0.10397613048553467,0.2304222732782364,0.23087751865386963,0.21013687551021576,0.20877131819725037,0.1292499601840973,0.11593222618103027,0.001562658348120749,3.432128892200126e-08,1.62611098224923e-14,4.3766183914300226e-15,1.7309861972069317e-14,2.200702134766289e-15
4850,0.2429703325033188,0.17019979655742645,0.18657492101192474,0.16465172171592712,0.12244604527950287,0.11315716058015823,0.2097236067056656,0.15118321776390076,0.16601073741912842,0.14542479813098907,0.09656418859958649,0.08369996398687363,0.014239631593227386,0.03364570066332817,0.0007099223439581692,0.004620229359716177,0.005233798176050186,0.020541900768876076
4900,0.24828138947486877,0.16063636541366577,0.19210776686668396,0.17175455391407013,0.1154918223619461,0.11172802746295929,0.20020397007465363,0.12835974991321564,0.15788045525550842,0.1394020915031433,0.07391908764839172,0.06845227628946304,9.127609224002242e-10,2.061153470123145e-09,8.790673267436433e-14,4.75219310517444e-13,5.73223922755578e-13,1.961464370374595e-14
4950,0.223951056599617,0.16206933557987213,0.20429350435733795,0.15712308883666992,0.11874649673700333,0.13381657004356384,0.2072344720363617,0.1516869217157364,0.2049778550863266,0.15616384148597717,0.1212766170501709,0.12660770118236542,1.1167227029800415,0.8981232643127441,2.4069128036499023,1.857227087020874,2.9891414642333984,1.550844430923462
5000,0.16605302691459656,0.11839228868484497,0.26739615201950073,0.15648484230041504,0.18387526273727417,0.10779847204685211,0.1718255877494812,0.11596588045358658,0.26732397079467773,0.16190755367279053,0.18852394819259644,0.10045340657234192,0.012577135115861893,0.00861448422074318,1.7014132738113403,1.6701560525689274e-05,0.00023053328914102167,0.0040784431621432304
5050,0.18738819658756256,0.12962070107460022,0.2416047900915146,0.17398865520954132,0.14123956859111786,0.12615811824798584,0.18579791486263275,0.12451427429914474,0.227253720164299,0.17308178544044495,0.13867396116256714,0.12004369497299194,0.04745042696595192,0.0004879761836491525,3.321474287076853e-05,8.939736289903522e-06,1.1478834494482726e-05,0.00019112256995867938
5100,0.2133006602525711,0.1437321901321411,0.1968466192483902,0.13768848776817322,0.1641913503408432,0.14424067735671997,0.19844047725200653,0.13288770616054535,0.18477575480937958,0.12579964101314545,0.15484601259231567,0.13347038626670837,0.041885118931531906,4.553681390295772e-11,3.3315444153414475e-11,4.1524201205333025e-14,1.5893911187170318e-10,2.3588654585182667e-08
5150,0.21335402131080627,0.14705140888690948,0.17454098165035248,0.13779573142528534,0.1664104163646698,0.16084741055965424,0.16637945175170898,0.10210297256708145,0.13032180070877075,0.09135305136442184,0.12405228614807129,0.11695036292076111,0.2927619218826294,0.005928608123213053,8.481463737552986e-05,0.0036000751424580812,0.16022413969039917,0.011047745123505592
5200,0.2057178020477295,0.12343626469373703,0.18798159062862396,0.1249988004565239,0.2125648707151413,0.14530061185359955,0.17322318255901337,0.08360330015420914,0.18033620715141296,0.08963073045015335,0.20417556166648865,0.13843077421188354,0.6130030155181885,0.07888973504304886,2.811967611312866,0.4740769863128662,3.167999029159546,2.8708205223083496
5250,0.20441755652427673,0.1537552773952484,0.1588381826877594,0.13483349978923798,0.19688549637794495,0.15126998722553253,0.16531148552894592,0.11831893026828766,0.12368534505367279,0.0966508761048317,0.15911684930324554,0.11563009023666382,1.293389686907176e-05,1.1399918552548738e-12,2.2897348947448215e-11,2.1297852804275097e-12,4.1937956471276017e-13,3.4767788691450474e-13
5300,0.20781171321868896,0.11020665615797043,0.12198386341333389,0.25334057211875916,0.148799329996109,0.1578579843044281,0.20279020071029663,0.09726236760616302,0.11411042511463165,0.23454326391220093,0.15725305676460266,0.16544830799102783,0.09585601091384888,0.00861448422074318,0.018149929121136665,0.0024756852071732283,1.0537006855010986,0.8981232643127441
5350,0.23067837953567505,0.10803341865539551,0.23147378861904144,0.15947900712490082,0.1044369637966156,0.16589847207069397,0.25401750206947327,0.12882331013679504,0.2545575797557831,0.1930864155292511,0.12324205785989761,0.19964098930358887,0.002792574930936098,6.144193321233615e-06,2.5612855552026303e-06,3.321474287076853e-05,0.0005194397526793182,0.004340910352766514
5400,0.17198307812213898,0.1302369087934494,0.1857151985168457,0.2345755398273468,0.11484546959400177,0.16264377534389496,0.22535786032676697,0.17832034826278687,0.2368573099374771,0.2754021883010864,0.1575990915298462,0.21611420810222626,0.12278999388217926,0.006715348456054926,0.005233798176050186,0.005928608123213053,0.00975591130554676,0.11967965960502625
5450,0.14572612941265106,0.1594686061143875,0.15728585422039032,0.18859738111495972,0.15200524032115936,0.19691678881645203,0.20788882672786713,0.22255609929561615,0.22028201818466187,0.25023770332336426,0.2146473079919815,0.25736021995544434,0.02022293023765087,4.94445018262013e-09,1.7257828943684217e-08,9.329492911547277e-08,3.224186784223093e-08,1.0467402056235642e-08
5500,0.14441204071044922,0.1684591919183731,0.16775402426719666,0.1763411909341812,0.1819854974746704,0.16104809939861298,0.18210043013095856,0.2075141817331314,0.20682202279567719,0.21505916118621826,0.2202576994895935,0.20009075105190277,5.065021014161175e-06,3.4424770840998584e-14,2.365977659830095e-14,8.152020392060422e-09,3.0080028840472582e-15,9.765556139551524e-16
5550,0.18322789669036865,0.17798002064228058,0.1810464859008789,0.14499451220035553,0.17814067006111145,0.1346103549003601,0.19921079277992249,0.17559508979320526,0.1786663830280304,0.14199627935886383,0.1757374256849289,0.12950381636619568,1.8831229209899902,0.0010327640920877457,0.02630019560456276,0.023245465010404587,0.0003800567355938256,0.00013983185635879636
5600,0.21738646924495697,0.16117574274539948,0.20725545287132263,0.1388702392578125,0.1657608598470688,0.10955123603343964,0.22652778029441833,0.17716096341609955,0.21863283216953278,0.15256617963314056,0.18220002949237823,0.11343509703874588,0.00211818958632648,0.0019285932648926973,7.967618148541078e-05,0.00021656748140230775,0.04299908131361008,4.264837480150163e-05
5650,0.19137230515480042,0.13953378796577454,0.22750158607959747,0.19202053546905518,0.14657655358314514,0.10299520939588547,0.19015493988990784,0.135833740234375,0.21498936414718628,0.18725170195102692,0.14245381951332092,0.08526168763637543,0.37976354360580444,0.16022413969039917,0.00975591130554676,0.03364570066332817,0.00975591130554676,0.1128222793340683
5700,0.21236708760261536,0.12459300458431244,0.18658189475536346,0.17556501924991608,0.178584486246109,0.12230837345123291,0.19144907593727112,0.10346002876758575,0.170089989900589,0.16004794836044312,0.16286160051822662,0.10040639340877533,5.115254316478968e-05,3.068246611642733e-13,1.7257828943684217e-08,3.3315444153414475e-11,8.790673267436433e-14,8.258073180356443e-14
5750,0.22017891705036163,0.11292731016874313,0.15854418277740479,0.21959200501441956,0.1604161262512207,0.128341406583786,0.20740273594856262,0.09566532075405121,0.15164801478385925,0.20539478957653046,0.15363709628582,0.11677701771259308,0.1567535549402237,9.833214242860322e-09,1.9750537205709406e-07,8.85157305674511e-07,0.005233798176050186,3.432128892200126e-08
5800,0.19922012090682983,0.1408967226743698,0.1532430648803711,0.23133717477321625,0.1456133872270584,0.12968957424163818,0.15884676575660706,0.1016935408115387,0.11555323004722595,0.18350863456726074,0.10712719708681107,0.08801776170730591,2.5777325163289788e-08,5.555876396966253e-13,2.2637343111142627e-09,6.153467957403791e-09,5.649952800013125e-05,2.147771382965402e-08
5850,0.21758383512496948,0.165755957365036,0.15110455453395844,0.1777985841035843,0.16706466674804688,0.12069239467382431,0.1735633909702301,0.12867221236228943,0.11340237408876419,0.14024445414543152,0.12996985018253326,0.07632243633270264,1.2169963703456688e-08,8.003999210377116e-14,2.624410291949403e-13,6.63554768857294e-14,7.593982951151212e-13,1.3196364031901886e-13
5900,0.19681599736213684,0.1560284048318863,0.1414785385131836,0.19898368418216705,0.192313089966774,0.11438023298978806,0.1544904112815857,0.11617227643728256,0.10002041608095169,0.15629775822162628,0.1506716012954712,0.06493815779685974,1.3926360509231017e-07,5.798077319776667e-15,7.444879199344952e-15,2.4654052670908255e-13,2.8130216378485784e-06,8.410793839175312e-09
5950,0.21820394694805145,0.14542636275291443,0.14882038533687592,0.18030878901481628,0.18861550092697144,0.11862502247095108,0.17034360766410828,0.10331325232982635,0.10711981356143951,0.1387884020805359,0.14621993899345398,0.06970233470201492,0.007990769110620022,8.966731003534623e-12,9.450863485901961e-13,5.7893564074651405e-12,2.7619472681150725e-11,1.1032560420787263e-09
6000,0.18483750522136688,0.12173229455947876,0.18695320188999176,0.19223906099796295,0.18762949109077454,0.12660850584506989,0.15640287101268768,0.0874803438782692,0.1582835614681244,0.16287006437778473,0.15886527299880981,0.09396898001432419,0.0011330239940434694,0.00014884956181049347,0.0014113540528342128,1.7778711480787024e-05,1.1365643786120927e-06,0.0009702224051579833
6050,0.2092917263507843,0.1236860528588295,0.19558857381343842,0.15675629675388336,0.18328122794628143,0.13139614462852478,0.15470966696739197,0.06776971369981766,0.14336943626403809,0.10685146600008011,0.1326611489057541,0.07777471840381622,0.016880813986063004,0.0015991234686225653,0.00016866697114892304,0.00016866697114892304,0.0017021704697981477,0.004340910352766514
6100,0.25495290756225586,0.1474122554063797,0.16629783809185028,0.14346806704998016,0.1597098708152771,0.1281590461730957,0.19379624724388123,0.0846877172589302,0.10971202701330185,0.08189980685710907,0.09924362599849701,0.062050797045230865,2.0511441230773926,0.1797446310520172,0.6931471824645996,0.3484445810317993,0.3132617175579071,0.22541265189647675
6150,0.23791415989398956,0.13428263366222382,0.16046234965324402,0.15386290848255157,0.17686818540096283,0.13660968840122223,0.18497972190380096,0.08934403955936432,0.11876002699136734,0.11180076748132706,0.13479234278202057,0.09217827767133713,0.1264202892780304,0.0002453995984978974,0.0029854848980903625,1.5689673091401346e-05,1.7778711480787024e-05,0.00017954407667275518
6200,0.24721767008304596,0.14984121918678284,0.15619352459907532,0.18193785846233368,0.13116520643234253,0.1336444914340973,0.2106301486492157,0.1279192566871643,0.134770005941391,0.15994393825531006,0.10595471411943436,0.10904442518949509,0.009654670022428036,1.1979305725162703e-07,5.7893564074651405e-12,8.878265418850451e-13,1.1628233792526643e-10,1.37509263958141e-12
6250,0.24474595487117767,0.14323431253433228,0.16800306737422943,0.19616679847240448,0.1260981410741806,0.1217518150806427,0.20028431713581085,0.11182860285043716,0.13814616203308105,0.16371838748455048,0.09080418944358826,0.08502014726400375,0.0058783493004739285,2.8736857871081156e-07,1.9750537205709406e-07,1.0571700670425344e-07,9.516296813671943e-06,0.0003570343542378396
6300,0.22933584451675415,0.12021971493959427,0.1899997889995575,0.20815928280353546,0.12598684430122375,0.12629853188991547,0.184541717171669,0.07795602828264236,0.15347684919834137,0.1685381531715393,0.08568735420703888,0.08609504997730255,0.0017721819458529353,1.850389416344078e-12,4.1287771270458185e-13,3.5262179287620654e-10,7.318432318492718e-12,1.3672631603289798e-11
6350,0.23917408287525177,0.17195384204387665,0.15743544697761536,0.14145897328853607,0.12804369628429413,0.16193395853042603,0.22574779391288757,0.17130231857299805,0.15674756467342377,0.1390916258096695,0.12265132367610931,0.16139613091945648,0.00011526667367434129,1.266416662428502e-14,2.365977659830095e-14,2.4374099960589035e-11,8.966731003534623e-12,7.835042293777295e-13
6400,0.22194059193134308,0.14970259368419647,0.16685697436332703,0.15203845500946045,0.16036294400691986,0.1490984559059143,0.23698170483112335,0.17201143503189087,0.19009889662265778,0.1745661199092865,0.18336161971092224,0.17134422063827515,2.7811822289613986e-11,2.624410291949403e-13,0.018720708787441254,5.37684063939281e-10,4.326921037179493e-13,1.6777293394614964e-14
6450,0.2145407795906067,0.16140706837177277,0.1536967158317566,0.15902620553970337,0.16342665255069733,0.14790259301662445,0.1984604150056839,0.15149855613708496,0.14342524111270905,0.14904552698135376,0.15354913473129272,0.13708043098449707,0.0008909233147278428,0.00011592606460908428,0.000430649786721915,1.1478834494482726e-05,5.715006068385264e-07,8.315283821502817e-07
6500,0.21960730850696564,0.1769176423549652,0.1257173866033554,0.17326949536800385,0.16180306673049927,0.14268508553504944,0.188333198428154,0.15266764163970947,0.09629519283771515,0.14922913908958435,0.13793227076530457,0.11718478053808212,2.6538244128460065e-05,5.307648825692013e-05,4.229212535733495e-09,4.326921037179493e-13,3.88318658224307e-05,6.032647298370719e-11
6550,0.1890992373228073,0.1438981294631958,0.19297505915164948,0.13751773536205292,0.19846269488334656,0.13804705440998077,0.1976146101951599,0.14618074893951416,0.1946008950471878,0.13499028980731964,0.1934489905834198,0.14270395040512085,1.3937406539916992,0.7575989961624146,0.7575989961624146,0.3868710398674011,0.1797446310520172,1.094851016998291
6600,0.20553797483444214,0.16028977930545807,0.21841022372245789,0.1216987892985344,0.15379630029201508,0.14026692509651184,0.18058639764785767,0.13946565985679626,0.19051437079906464,0.0940181165933609,0.13264134526252747,0.11744775623083115,0.009494098834693432,0.00010230508632957935,1.013004202832235e-05,1.4739090147486422e-05,1.8925327822216786e-05,8.939736289903522e-06
6650,0.23201344907283783,0.18504707515239716,0.1794472634792328,0.1165413036942482,0.14391829073429108,0.1430325210094452,0.21110999584197998,0.16948175430297852,0.16441158950328827,0.09333313256502151,0.12809264659881592,0.1269879788160324,0.4307805001735687,1.013004202832235e-05,2.1445179299917072e-05,0.014163456857204437,0.00861448422074318,1.3007213055971079e-05
6700,0.23219919204711914,0.16358400881290436,0.19062456488609314,0.12058935314416885,0.15556243062019348,0.1374405473470688,0.19663728773593903,0.13853318989276886,0.16382057964801788,0.08883810043334961,0.13023777306079865,0.10980059206485748,0.031012941151857376,4.006448943982832e-05,0.004620229359716177,0.06196758896112442,0.00010890284465858713,1.013004202832235e-05
6750,0.21485689282417297,0.14446160197257996,0.1703033447265625,0.16000297665596008,0.2008892297744751,0.1094859316945076,0.2018427699804306,0.13324368000030518,0.16014699637889862,0.1540536880493164,0.1890115737915039,0.0923975259065628,0.3437406122684479,0.03364570066332817,0.00861448422074318,0.42870068550109863,0.16972708702087402,0.5231232643127441
6800,0.1984216570854187,0.12097597867250443,0.19003590941429138,0.2441694140434265,0.1445249617099762,0.10187213867902756,0.1762179136276245,0.09457552433013916,0.16909298300743103,0.21045012772083282,0.1239224523305893,0.066216379404068,1.2680294503297773e-07,1.8189616479702408e-09,2.7978787326076143e-16,1.62611098224923e-14,7.074145213249039e-17,1.6969991431351627e-16
6850,0.18653187155723572,0.15683966875076294,0.18136723339557648,0.21248100697994232,0.15209271013736725,0.11068744957447052,0.13374952971935272,0.10513858497142792,0.12911538779735565,0.1552373170852661,0.10007048398256302,0.04763386771082878,0.0003549974935594946,1.9555681518568235e-08,0.00023053328914102167,1.9750537205709406e-07,0.000296000944217667,1.8738771814241773e-06
6900,0.21022486686706543,0.12361443042755127,0.19909781217575073,0.26144152879714966,0.10685264319181442,0.09876875579357147,0.17708197236061096,0.08945685625076294,0.1681070625782013,0.2131453901529312,0.06594835221767426,0.05241922661662102,0.002249370329082012,0.0014113540528342128,0.002052849158644676,0.011047745123505592,0.05488218367099762,1.5689673091401346e-05
6950,0.18169349431991577,0.1408277302980423,0.19168663024902344,0.2122116982936859,0.13011415302753448,0.14346621930599213,0.1433357447385788,0.10129640251398087,0.15218645334243774,0.16895417869091034,0.08824075013399124,0.10435917973518372,2.2109163458350345e-12,1.199735311097072e-10,0.0016498432960361242,9.160092389465246e-13,9.160092389465246e-13,2.339111326507548e-12
7000,0.14527186751365662,0.11490601301193237,0.20486535131931305,0.21373602747917175,0.10078655183315277,0.22043418884277344,0.1471177488565445,0.10837878286838531,0.20327171683311462,0.21054556965827942,0.08622947335243225,0.21542447805404663,0.05641484633088112,0.05164138972759247,1.6536910152353812e-06,0.027972901239991188,2.0145893358858302e-05,0.006715348456054926
7050,0.17659936845302582,0.1066812202334404,0.24911746382713318,0.21458807587623596,0.09638753533363342,0.15662644803524017,0.16826991736888885,0.08222838491201401,0.22644297778606415,0.19753770530223846,0.06548134982585907,0.14558687806129456,0.2880714237689972,0.0005529314512386918,0.42870068550109863,4.5398901420412585e-05,7.484903471777216e-05,9.610703273210675e-05
7100,0.20565961301326752,0.16489171981811523,0.2161649763584137,0.1636202037334442,0.09423751384019852,0.1554259955883026,0.1808052808046341,0.14435113966464996,0.1890253722667694,0.14307385683059692,0.05203847587108612,0.13459646701812744,1.2535953828773927e-05,4.024663496351652e-14,4.515547464889252e-15,2.3859586528729437e-10,1.293726042263341e-15,2.711796891760528e-16
7150,0.21666568517684937,0.1737612932920456,0.19370527565479279,0.1256309300661087,0.12009430676698685,0.17014247179031372,0.22611279785633087,0.1886942833662033,0.206626296043396,0.1351790875196457,0.1277424395084381,0.18522153794765472,0.10076109319925308,1.6701560525689274e-05,0.0004045633249916136,7.889293556218036e-06,1.5689673091401346e-05,4.222842107992619e-06
7200,0.26225435733795166,0.1669018268585205,0.19052861630916595,0.13597306609153748,0.10484601557254791,0.1394961178302765,0.25429946184158325,0.17472036182880402,0.19710451364517212,0.1416117250919342,0.10929746925830841,0.14674079418182373,0.5095038414001465,0.008094665594398975,0.06196758896112442,0.07888973504304886,1.136871099472046,0.16972708702087402
7250,0.24582597613334656,0.21627970039844513,0.14823636412620544,0.1408582627773285,0.11117274314165115,0.13762693107128143,0.21866214275360107,0.19753335416316986,0.13520221412181854,0.12677833437919617,0.08772795647382736,0.12294907867908478,3.3040527341654524e-05,9.23744991609965e-09,2.1724398668876432e-10,1.2098664683435345e-06,5.043475539423525e-07,1.4026325934057837e-10
7300,0.2060205489397049,0.22083978354930878,0.13791094720363617,0.12696412205696106,0.12938670814037323,0.17887786030769348,0.2140878140926361,0.2255488634109497,0.1478620320558548,0.13421593606472015,0.13733460009098053,0.1907777041196823,1.1414129403419793e-05,5.6756852093598625e-14,1.0364131775020269e-09,1.3046516124382013e-11,6.495477983606279e-13,2.1940866901104528e-09
7350,0.21575871109962463,0.1826237291097641,0.15337306261062622,0.1884116679430008,0.1269393265247345,0.13289353251457214,0.21041713654994965,0.18290485441684723,0.15410342812538147,0.18805474042892456,0.12289124727249146,0.13045468926429749,0.0001419207692379132,2.7264741220278665e-06,1.2219150448800065e-05,0.00016866697114892304,5.368751203604916e-07,1.1365643786120927e-06
7400,0.269524484872818,0.16296754777431488,0.1345749944448471,0.156423881649971,0.14412535727024078,0.1323837786912918,0.26031264662742615,0.16584718227386475,0.1324630081653595,0.1375735104084015,0.13287034630775452,0.15184637904167175,4.433302879333496,3.288041353225708,3.1082098484039307,1.136871099472046,2.0176751613616943,5.317417621612549
7450,0.3003884553909302,0.2200687825679779,0.11668991297483444,0.10695195198059082,0.1239604726433754,0.1319403350353241,0.266642689704895,0.21530519425868988,0.11062589287757874,0.09624770283699036,0.1205989196896553,0.1308927834033966,9.08113634068286e-07,4.745044912546348e-10,1.386705417161238e-08,1.6611769815952555e-15,7.371428102049085e-16,1.6611769815952555e-15
7500,0.27025023102760315,0.20782047510147095,0.1196342334151268,0.09529859572649002,0.1462080329656601,0.16078849136829376,0.24873894453048706,0.20153406262397766,0.11965280771255493,0.07188735902309418,0.14208103716373444,0.1576153039932251,0.5994812250137329,0.2131100445985794,1.136871099472046,0.1128222793340683,0.06993620097637177,0.05488218367099762
7550,0.25554436445236206,0.19509445130825043,0.1321556270122528,0.11219442635774612,0.1611703783273697,0.1438407152891159,0.2148924171924591,0.170356884598732,0.1060887947678566,0.0790705531835556,0.138935849070549,0.12006863206624985,1.983511765502044e-06,4.05865202557365e-10,2.2897348947448215e-11,4.450851349702134e-07,0.00975591130554676,3.6534821390432626e-08
7600,0.23750227689743042,0.1692262887954712,0.15093211829662323,0.15434429049491882,0.1462155133485794,0.14177949726581573,0.16784869134426117,0.11003685742616653,0.09124160557985306,0.09494168311357498,0.08592941612005234,0.08083940297365189,0.18909749388694763,0.000430649786721915,0.00861448422074318,0.00975591130554676,0.001245618797838688,0.000588582013733685
7650,0.22644244134426117,0.158856600522995,0.16934169828891754,0.16829214990139008,0.15636448562145233,0.1207025945186615,0.17012430727481842,0.10383174568414688,0.14659151434898376,0.11241933703422546,0.10893470048904419,0.05949566513299942,0.9071177840232849,0.12692801654338837,3.3482773303985596,0.03364570066332817,0.8981232643127441,0.22541265189647675
7700,0.20521967113018036,0.15098586678504944,0.18276911973953247,0.1443111151456833,0.19397398829460144,0.12274013459682465,0.13479861617088318,0.08725446462631226,0.11498787999153137,0.0759269967675209,0.12487520277500153,0.05308019369840622,0.0775228887796402,0.3868710398674011,0.008094665594398975,0.00016866697114892304,0.015070071443915367,0.3868710398674011
7750,0.326747864484787,0.14948657155036926,0.13865357637405396,0.1218334510922432,0.16017024219036102,0.10310829430818558,0.22531820833683014,0.096291184425354,0.08387845754623413,0.06388594210147858,0.10768115520477295,0.03500566631555557,4.506197001319379e-06,1.013004202832235e-05,2.789468100949932e-10,0.13458654284477234,1.3574332058396976e-07,1.50797219156118e-09
7800,0.28658050298690796,0.1397746205329895,0.14281702041625977,0.1360044628381729,0.16847293078899384,0.12635040283203125,0.2133433222770691,0.08182969689369202,0.08768340945243835,0.07718563824892044,0.11242391169071198,0.06495077162981033,1.3264087438583374,0.021852364763617516,0.2519291043281555,0.00861448422074318,1.5381733931008057e-07,8.85157305674511e-07
7850,0.28350359201431274,0.14309541881084442,0.1418803334236145,0.1346837431192398,0.16965676844120026,0.12718011438846588,0.20621544122695923,0.09325259923934937,0.09198524802923203,0.08328384160995483,0.12136179208755493,0.07378805428743362,0.01611711084842682,0.00109933502972126,0.015070071443915367,0.003831815905869007,0.0026351429987698793,0.00011592606460908428
7900,0.23659393191337585,0.12918579578399658,0.13330963253974915,0.13753288984298706,0.22950710356235504,0.13387061655521393,0.16674883663654327,0.06628049165010452,0.07130967825651169,0.0765148252248764,0.1694713681936264,0.07200255990028381,0.08751620352268219,0.024726280942559242,0.009167530573904514,0.015070071443915367,0.8615548610687256,0.009167530573904514
7950,0.21581526100635529,0.11618246883153915,0.20995759963989258,0.1267564594745636,0.2021806389093399,0.1291075050830841,0.18272040784358978,0.08035886287689209,0.177816703915596,0.09126497060060501,0.16832265257835388,0.09429331868886948,0.3667965233325958,0.3484445810317993,0.3304581940174103,0.001811851398088038,0.003831815905869007,0.0014113540528342128
8000,0.23840706050395966,0.12434674799442291,0.19162504374980927,0.14269618690013885,0.18051519989967346,0.12240976840257645,0.1915944218635559,0.0775405615568161,0.16779132187366486,0.1006360724568367,0.1378125101327896,0.07972503453493118,1.0138888359069824,0.3484445810317993,2.2378222942352295,0.3868710398674011,0.22541265189647675,0.8259393572807312
8050,0.23830188810825348,0.11410634964704514,0.20822538435459137,0.1601671427488327,0.1582171618938446,0.12098199874162674,0.18127800524234772,0.05977078154683113,0.15901689231395721,0.11572013795375824,0.11369898170232773,0.0694250762462616,2.168860924189886e-11,8.340358568711959e-13,2.4300536097143777e-05,8.67778116031559e-09,1.1628233792526643e-10,1.0815941892117209e-11
8100,0.22733283042907715,0.11543769389390945,0.20010726153850555,0.19600945711135864,0.13864374160766602,0.1224689781665802,0.1703851819038391,0.05397710204124451,0.14422520995140076,0.14091910421848297,0.08639305830001831,0.06624596565961838,0.5209859013557434,0.06196758896112442,0.00975591130554676,0.020541900768876076,0.28115013241767883,0.3132617175579071
8150,0.2353336215019226,0.12432297319173813,0.23091760277748108,0.1597425490617752,0.13454192876815796,0.11514132469892502,0.17544767260551453,0.07015765458345413,0.17232204973697662,0.111519955098629,0.08319151401519775,0.05749843642115593,2.4200401682605843e-08,1.0175943814254469e-14,3.9849567093667385e-15,2.1265815774995644e-09,1.0348536534365849e-06,2.489971119915002e-12
8200,0.26307767629623413,0.11628225445747375,0.19530348479747772,0.14637675881385803,0.1441926211118698,0.1347673088312149,0.18704813718795776,0.052336473017930984,0.13789425790309906,0.09031312167644501,0.08783266693353653,0.07667874544858932,0.00013087032129988074,4.006448943982832e-05,3.2887544421100756e-06,7.889293556218036e-06,2.1445179299917072e-05,3.535687574185431e-05
8250,0.26189762353897095,0.1528439074754715,0.16869688034057617,0.13595999777317047,0.15189282596111298,0.12870880961418152,0.202923983335495,0.1140654906630516,0.1304347962141037,0.09475110471248627,0.11303548514842987,0.08570775389671326,3.1268809834728017e-06,7.889293556218036e-06,0.00861448422074318,7.99195987166712e-11,2.061153470123145e-09,9.640144238431958e-11
8300,0.28116026520729065,0.1508042812347412,0.1475878357887268,0.14056073129177094,0.15031419694423676,0.12957265973091125,0.1971742957830429,0.09438878297805786,0.09083148837089539,0.08278214931488037,0.09385170787572861,0.06935150176286697,8.351159522135276e-06,3.059022617435403e-07,1.1032560420787263e-09,1.7087563586315468e-09,1.9947317468904657e-06,1.7429786680622783e-07
8350,0.27026835083961487,0.16815318167209625,0.13322901725769043,0.13957741856575012,0.15259715914726257,0.13617481291294098,0.22546640038490295,0.14716728031635284,0.10875434428453445,0.11643505096435547,0.13115011155605316,0.11236286908388138,2.2077228933881088e-08,3.129696501957824e-11,7.287724433256357e-14,3.546410734522887e-11,1.860985595226322e-13,4.420228560345768e-14
8400,0.24056793749332428,0.17190614342689514,0.14773359894752502,0.1423870474100113,0.15368105471134186,0.1437242180109024,0.195699542760849,0.1402505785226822,0.11524679511785507,0.10916461795568466,0.12175914645195007,0.11070693284273148,7.881165402068291e-06,7.658115031006218e-09,1.7087563586315468e-09,1.2256066821147993e-11,2.569011409853106e-12,3.098819161342914e-12
8450,0.24897730350494385,0.16321586072444916,0.16089342534542084,0.1426282525062561,0.14450950920581818,0.13977569341659546,0.16643275320529938,0.09673899412155151,0.09444670379161835,0.07448325306177139,0.07664590328931808,0.07115039229393005,0.0024764167610555887,0.0008562671137042344,0.008094665594398975,1.0783370271383319e-05,6.20524151599966e-05,6.605432281503454e-05
8500,0.22517326474189758,0.11855023354291916,0.253004789352417,0.129983589053154,0.13019230961799622,0.14309582114219666,0.1857846975326538,0.07993167638778687,0.2050134837627411,0.09512345492839813,0.09538818895816803,0.11098100244998932,8.801752642284555e-07,3.098819161342914e-12,2.2671443715427397e-12,2.061153470123145e-09,4.553681390295772e-11,2.8453348122070565e-08
8550,0.24943524599075317,0.14643065631389618,0.18667031824588776,0.13309217989444733,0.14200475811958313,0.14236687123775482,0.22236043214797974,0.13447360694408417,0.17453429102897644,0.11871445924043655,0.1294095367193222,0.1298297643661499,2.372606278111533e-10,1.3327855529279842e-12,9.465101906457399e-16,1.623665091265991e-11,3.6228864960102802e-12,1.2153430956320858e-15
8600,0.21690110862255096,0.16333337128162384,0.16368331015110016,0.15638737380504608,0.13624361157417297,0.1634511798620224,0.19301077723503113,0.14622706174850464,0.14848385751247406,0.13896316289901733,0.11619420349597931,0.1462356001138687,0.009222964756190777,0.011047745123505592,0.20141328871250153,0.0017021704697981477,1.6701560525689274e-05,3.2887544421100756e-06
8650,0.19630475342273712,0.1595395803451538,0.17297764122486115,0.15703131258487701,0.1433849334716797,0.17076173424720764,0.1471996307373047,0.11297399550676346,0.1263173371553421,0.11114675551652908,0.09542447328567505,0.12418956309556961,0.0009951432002708316,0.00013983185635879636,0.00011592606460908428,0.07888973504304886,0.006715348456054926,7.484903471777216e-05
8700,0.20383760333061218,0.14094384014606476,0.21501117944717407,0.12964408099651337,0.14429274201393127,0.16627049446105957,0.1697777509689331,0.1088949665427208,0.178579181432724,0.09510615468025208,0.11276960372924805,0.1361619532108307,0.00040220480877906084,1.8010158642223217e-10,3.8127509482954736e-10,3.889111610533291e-08,1.493094675675266e-10,7.658115031006218e-09
8750,0.21772825717926025,0.1322910487651825,0.1622910052537918,0.14916369318962097,0.1698790043592453,0.16864702105522156,0.1758006364107132,0.09050560742616653,0.12302014976739883,0.10812036693096161,0.13147695362567902,0.13027597963809967,0.5896366834640503,0.28115013241767883,0.16022413969039917,0.06196758896112442,0.2519291043281555,0.2519291043281555
8800,0.2290191352367401,0.16304829716682434,0.15875615179538727,0.13076603412628174,0.1796877682209015,0.13872264325618744,0.17787012457847595,0.12166886776685715,0.11726735532283783,0.08526371419429779,0.13770252466201782,0.09500989317893982,0.014114394783973694,1.3007213055971079e-05,3.321474287076853e-05,5.4222336984821595e-06,4.222842107992619e-06,2.0145893358858302e-05
8850,0.21891547739505768,0.14881224930286407,0.17873620986938477,0.18906165659427643,0.15809094905853271,0.10638342052698135,0.20659983158111572,0.14290978014469147,0.17314201593399048,0.18240876495838165,0.15288981795310974,0.08752989768981934,1.4368565359745844e-07,4.895668870297243e-10,7.91311200593059e-12,7.75774233806141e-14,2.7619472681150725e-11,1.37509263958141e-12
8900,0.21049997210502625,0.12606877088546753,0.16687816381454468,0.19075490534305573,0.1727924346923828,0.1330057680606842,0.20683039724826813,0.15407519042491913,0.14929242432117462,0.16667471826076508,0.17330971360206604,0.10976000130176544,2.445265531539917,5.628600120544434,0.5231232643127441,0.05488218367099762,2.3502066135406494,0.3132617175579071
8950,0.23204565048217773,0.15166614949703217,0.1739024519920349,0.14902637898921967,0.18020382523536682,0.11315551400184631,0.2145688831806183,0.14731918275356293,0.16602860391139984,0.1405550241470337,0.17232757806777954,0.09519035369157791,0.09517695009708405,0.3868710398674011,0.0004045633249916136,0.00016866697114892304,0.04299908131361008,0.007146906573325396
9000,0.2525380253791809,0.16660715639591217,0.16054102778434753,0.13657812774181366,0.1558409184217453,0.12789472937583923,0.2113543301820755,0.14209017157554626,0.13597062230110168,0.10929826647043228,0.13120022416114807,0.09862906485795975,0.06374047696590424,5.8292964240536094e-05,7.484903471777216e-05,0.00010890284465858713,0.013311021961271763,0.017059603706002235
9050,0.3439500033855438,0.17695732414722443,0.17703364789485931,0.09167961031198502,0.12247217446565628,0.08790717273950577,0.32709428668022156,0.21378052234649658,0.2138519138097763,0.1052749827504158,0.15305642783641815,0.09834171831607819,0.36571627855300903,3.6479203117778525e-05,6.014332757331431e-05,2.3552898710477166e-05,3.426908006076701e-05,2.1907840164203662e-06
9100,0.31663694977760315,0.18143558502197266,0.14755037426948547,0.12872156500816345,0.1422748565673828,0.08338065445423126,0.29600369930267334,0.2041226029396057,0.17001207172870636,0.14748652279376984,0.16400451958179474,0.0758558064699173,6.338340963196742e-10,2.789468100949932e-10,5.4222336984821595e-06,3.432128892200126e-08,2.4374099960589035e-11,0.001811851398088038
9150,0.2645530700683594,0.29180270433425903,0.13308551907539368,0.12610934674739838,0.1035287082195282,0.08092059195041656,0.26157325506210327,0.2873670160770416,0.1517897993326187,0.14347238838672638,0.1075601652264595,0.06410962343215942,0.2179584503173828,1.1797420978546143,0.575939416885376,0.6325990557670593,0.2968331575393677,0.017059603706002235
9200,0.22732603549957275,0.222217857837677,0.1738193929195404,0.1415119767189026,0.12388405203819275,0.11124066263437271,0.24497844278812408,0.2381736934185028,0.19764284789562225,0.16371415555477142,0.14176341891288757,0.1239999458193779,0.30547842383384705,2.0816912638110807e-08,7.265816748258658e-08,6.605432281503454e-05,0.0001234021910931915,3.0894991596142063e-06
9250,0.2232784777879715,0.16245917975902557,0.15126141905784607,0.1537468284368515,0.17763680219650269,0.13161718845367432,0.21302643418312073,0.15745016932487488,0.14527910947799683,0.14998990297317505,0.1723562330007553,0.1246124655008316,0.3727106750011444,0.06196758896112442,0.023245465010404587,0.22541265189647675,0.07888973504304886,0.2519291043281555
9300,0.23597180843353271,0.1269446462392807,0.13360659778118134,0.22016404569149017,0.16563503444194794,0.11767777800559998,0.21180124580860138,0.11540535092353821,0.11455997079610825,0.19703471660614014,0.1515471190214157,0.09443124383687973,0.3458649516105652,0.9356346130371094,0.007146906573325396,0.013311021961271763,0.16022413969039917,0.08893946558237076
9350,0.22668950259685516,0.12556734681129456,0.1275278776884079,0.2184230387210846,0.1940893530845642,0.1077028438448906,0.19515231251716614,0.09221561253070831,0.09024006128311157,0.1791158765554428,0.15926797688007355,0.06204286217689514,1.0696004629135132,0.5231232643127441,0.06993620097637177,0.07888973504304886,0.04299908131361008,0.0380413718521595
9400,0.2253870666027069,0.1409851312637329,0.1397891342639923,0.1965225785970688,0.178289532661438,0.11902659386396408,0.15941479802131653,0.08051853626966476,0.0791126936674118,0.13531866669654846,0.11925284564495087,0.05258265510201454,0.14842350780963898,1.3846100955561269e-05,6.023574172786539e-08,4.406940945500537e-08,8.233249104705465e-08,3.927862621821987e-07
9450,0.24036748707294464,0.14276202023029327,0.16147355735301971,0.1675717979669571,0.16848701238632202,0.11933811008930206,0.1505117118358612,0.06454747915267944,0.08486925810575485,0.09098590165376663,0.09188462048768997,0.03497646376490593,8.932304626796395e-05,3.2937139682331917e-09,1.12704706678457e-10,6.3583643558629e-12,2.0642584863672653e-12,4.3700355834008775e-12
9500,0.20367823541164398,0.12468907237052917,0.1384917050600052,0.1754656434059143,0.24077890813350677,0.11689639091491699,0.13064663112163544,0.04967811331152916,0.06700202822685242,0.1060454398393631,0.1582573503255844,0.0390297956764698,1.2308576380348768e-10,1.1176086437054457e-14,0.00010230508632957935,3.4085139428269816e-15,4.420228560345768e-14,7.433680407342713e-12
9550,0.21074049174785614,0.16166485846042633,0.1537638157606125,0.15214428305625916,0.21135127544403076,0.11033530533313751,0.153343066573143,0.10959862172603607,0.10133085399866104,0.09958375245332718,0.15381799638271332,0.04656839743256569,0.0002597359998617321,9.329492911547277e-08,6.348800152267131e-09,1.1032560420787263e-09,2.9693733583080473e-10,5.211412412720051e-10
9600,0.26659220457077026,0.16164381802082062,0.1638629287481308,0.13466861844062805,0.16570374369621277,0.10752870887517929,0.18373353779315948,0.10117658972740173,0.10342643409967422,0.07105118036270142,0.10526961833238602,0.0339164063334465,0.0003334623179398477,2.8172628674383304e-09,6.962280622246908e-06,2.3588654585182667e-08,1.3046516124382013e-11,6.101936989542922e-13
9650,0.2216435968875885,0.15324363112449646,0.16408327221870422,0.15914295613765717,0.1774148941040039,0.12447172403335571,0.126675084233284,0.07255839556455612,0.07525856792926788,0.06992741674184799,0.08964638411998749,0.03046213649213314,0.22060513496398926,0.8981232643127441,0.040445856750011444,0.011756090447306633,0.1902991384267807,0.11967965960502625
9700,0.21533653140068054,0.15344148874282837,0.16783827543258667,0.12353961169719696,0.21468554437160492,0.12515854835510254,0.19063784182071686,0.13472193479537964,0.1495194435119629,0.09895697236061096,0.190138041973114,0.10110516846179962,2.4163407942978665e-05,3.2986755688080294e-12,2.260326937175705e-06,3.546410734522887e-11,2.335593052293916e-09,5.05868296470785e-13
9750,0.208766371011734,0.15681323409080505,0.19395531713962555,0.1404770463705063,0.17661236226558685,0.12337552756071091,0.1621248424053192,0.1134641245007515,0.14853724837303162,0.09537597745656967,0.13313902914524078,0.07395318150520325,0.14456164836883545,0.00013552997552324086,4.637883648683783e-06,0.006509409751743078,0.005746727809309959,0.006116227712482214
9800,0.18150551617145538,0.19114400446414948,0.1992395967245102,0.12080828845500946,0.15500734746456146,0.15229521691799164,0.1483081579208374,0.15634553134441376,0.163509339094162,0.0806238129734993,0.1217738687992096,0.1188395693898201,0.051692139357328415,0.0017021704697981477,0.03364570066332817,9.610703273210675e-05,0.0021851020865142345,9.516296813671943e-06
9850,0.24181492626667023,0.14190387725830078,0.17032907903194427,0.11941678076982498,0.13836024701595306,0.1881750524044037,0.19298672676086426,0.10503517091274261,0.13516126573085785,0.07656768709421158,0.10086245089769363,0.15160192549228668,0.0002808182325679809,3.7222053103592653e-14,1.7934588276286023e-12,2.403236436894149e-14,3.085816582186311e-14,1.50164481543813e-11
9900,0.2348354309797287,0.1262897253036499,0.14508815109729767,0.2341228723526001,0.1326695680618286,0.12699434161186218,0.20703385770320892,0.10428889095783234,0.12718476355075836,0.20615918934345245,0.11247129738330841,0.1052069291472435,0.03944486752152443,7.422499059828169e-09,1.7061846619981225e-06,0.002117944648489356,0.005073178559541702,2.650560543618341e-12
9950,0.23293177783489227,0.11726266890764236,0.16488482058048248,0.24410711228847504,0.10458732396364212,0.13622638583183289,0.27160170674324036,0.14032642543315887,0.19648590683937073,0.2615275979042053,0.132308229804039,0.1651391088962555,1.8122633695602417,0.009167530573904514,0.0014113540528342128,0.031639110296964645,1.094851016998291,0.017059603706002235
10000,0.24633891880512238,0.11127891391515732,0.15911221504211426,0.1820409744977951,0.13222941756248474,0.1689995974302292,0.25414392352104187,0.12199341505765915,0.18063467741012573,0.20284733176231384,0.15009817481040955,0.19058197736740112,0.1387958526611328,0.03577728942036629,2.2159490242756874e-08,6.08359243869927e-07,2.4300536097143777e-05,4.1937956471276017e-13
10050,0.2405920922756195,0.139428973197937,0.17167872190475464,0.15387378633022308,0.14037512242794037,0.1540512591600418,0.22170571982860565,0.1287892907857895,0.16301971673965454,0.14544303715229034,0.14028185606002808,0.14570407569408417,0.30614185333251953,0.016034256666898727,0.005928608123213053,0.05488218367099762,1.0537006855010986,0.06196758896112442
10100,0.21323871612548828,0.14453914761543274,0.1857934147119522,0.17711856961250305,0.13306964933872223,0.14624054729938507,0.18752208352088928,0.12335984408855438,0.16478906571865082,0.15689924359321594,0.10971803218126297,0.1253100484609604,3.154405703753582e-06,7.81148685291555e-07,2.0145893358858302e-05,1.8738771814241773e-06,4.181188160146121e-07,0.0019285932648926973
10150,0.2203722447156906,0.13146716356277466,0.14899462461471558,0.13558262586593628,0.20557808876037598,0.1580052375793457,0.18767796456813812,0.1019500195980072,0.12239549309015274,0.10683063417673111,0.17551103234291077,0.13208335638046265,0.07007847726345062,0.020541900768876076,6.20524151599966e-05,3.96699397242628e-06,7.411307706206571e-06,2.7264741220278665e-06
10200,0.21681110560894012,0.1505393385887146,0.17189522087574005,0.13574913144111633,0.15763472020626068,0.1673704981803894,0.2086387574672699,0.1484324038028717,0.17032141983509064,0.13138577342033386,0.16328048706054688,0.16592007875442505,0.0014040728565305471,2.123380681950948e-06,1.6536910152353812e-06,0.0017021704697981477,0.7248854041099548,8.939736289903522e-06
10250,0.22389677166938782,0.1685941070318222,0.1388474553823471,0.1438857913017273,0.19340237975120544,0.13137343525886536,0.20928357541561127,0.16247455775737762,0.13044504821300507,0.13632629811763763,0.18512554466724396,0.12131527066230774,1.4683188283015625e-06,3.889111610533291e-08,1.7257828943684217e-08,9.23744991609965e-09,4.691164434689199e-08,8.233249104705465e-08
10300,0.19771793484687805,0.14936710894107819,0.12619046866893768,0.14254024624824524,0.21774324774742126,0.16644100844860077,0.21816092729568481,0.17655636370182037,0.13821391761302948,0.15964609384536743,0.22830109298229218,0.18388892710208893,0.5869895815849304,1.0537006855010986,0.0015991234686225653,0.13458654284477234,0.009167530573904514,0.00109933502972126
10350,0.1713809072971344,0.127097949385643,0.11440590769052505,0.11820996552705765,0.2640276849269867,0.2048775851726532,0.18047399818897247,0.13112711906433105,0.11375931650400162,0.11915642023086548,0.251757949590683,0.20989884436130524,0.0033665087539702654,0.0010327640920877457,0.00013983185635879636,0.00013983185635879636,0.0010327640920877457,0.0002034476783592254
10400,0.22540797293186188,0.1334482878446579,0.12515901029109955,0.12673179805278778,0.21735996007919312,0.17189300060272217,0.1880619376897812,0.10156925767660141,0.09098798036575317,0.09304849803447723,0.1820629984140396,0.1433417946100235,8.568035809730645e-07,6.421720100124872e-11,3.4033869472649414e-12,7.979939198321517e-08,1.623665091265991e-11,0.0001442702632630244
10450,0.230371356010437,0.1524418294429779,0.12585914134979248,0.12157595902681351,0.21649578213691711,0.15325596928596497,0.1664249151945114,0.09818892180919647,0.0665716677904129,0.06085868924856186,0.15606893599033356,0.09906792640686035,0.010593555867671967,1.8217018605409807e-12,8.520212259246346e-14,8.164300832613769e-12,7.593982951151212e-13,1.5206955140456557e-05
10500,0.1805029958486557,0.10365451872348785,0.20516440272331238,0.16225627064704895,0.23207852244377136,0.11634333431720734,0.17127393186092377,0.07968652993440628,0.19233998656272888,0.1536252796649933,0.21356795728206635,0.09875394403934479,0.006452116183936596,4.745044912546348e-10,2.973846483737136e-13,5.101404187968228e-09,0.08893946558237076,0.0012851336505264044
10550,0.22855834662914276,0.1514028012752533,0.14901013672351837,0.11319893598556519,0.22402814030647278,0.13380171358585358,0.23320645093917847,0.1768742799758911,0.1587734818458557,0.11438638716936111,0.22617776691913605,0.14115582406520844,0.388572633266449,1.550844430923462,0.0036000751424580812,0.10020655393600464,0.016034256666898727,0.018149929121136665
10600,0.1981072574853897,0.1787620484828949,0.1601039618253708,0.12371461093425751,0.206067755818367,0.1332443654537201,0.16180868446826935,0.1527126580476761,0.13487088680267334,0.08424840122461319,0.168266162276268,0.09650421887636185,0.00546305300667882,0.7912852764129639,0.8259393572807312,0.018149929121136665,0.001170194591395557,0.01930926740169525
10650,0.24443499743938446,0.15586426854133606,0.15320125222206116,0.13353954255580902,0.1976565718650818,0.11530344933271408,0.19252018630504608,0.11827615648508072,0.11543268710374832,0.09276914596557617,0.157471165060997,0.06854215264320374,1.2049246045364725e-09,1.2898370149727612e-09,7.669650504971148e-12,4.284231999653228e-14,3.0334058181979984e-11,1.199735311097072e-10
10700,0.22562702000141144,0.20404189825057983,0.12109464406967163,0.16079582273960114,0.17147469520568848,0.1169658675789833,0.20115667581558228,0.18454577028751373,0.09845650941133499,0.14524441957473755,0.15585395693778992,0.09273261576890945,0.0018875396344810724,1.7603447304281872e-06,1.1142490485838152e-08,3.432128892200126e-08,1.5381733931008057e-07,1.6373769540223293e-07
10750,0.2757258713245392,0.19771245121955872,0.12610773742198944,0.12436673045158386,0.1506204456090927,0.12546677887439728,0.23360800743103027,0.17865990102291107,0.10920269787311554,0.10329635441303253,0.1348336935043335,0.1036381870508194,0.007143429480493069,0.0001234021910931915,0.4740769863128662,0.1128222793340683,0.10633723437786102,0.0017021704697981477
10800,0.22923804819583893,0.20712065696716309,0.1611374467611313,0.12081482261419296,0.15106777846813202,0.1306212842464447,0.19177468121051788,0.17428067326545715,0.13324856758117676,0.08514605462551117,0.12588675320148468,0.0991508960723877,0.09462766349315643,0.01930926740169525,0.058320481330156326,4.8326808609999716e-05,0.3868710398674011,0.1128222793340683
10850,0.23418772220611572,0.1777864694595337,0.16555972397327423,0.13501885533332825,0.1543688327074051,0.13307833671569824,0.17009906470775604,0.12453833222389221,0.11278187483549118,0.0791354775428772,0.10123398154973984,0.0767468512058258,0.00966678373515606,1.9947317468904657e-06,3.059022617435403e-07,2.620462735691831e-10,9.545034901359273e-12,6.495477983606279e-13
10900,0.24767395853996277,0.12668918073177338,0.16024748980998993,0.20413435995578766,0.13557776808738708,0.12567727267742157,0.2202591449022293,0.10964494943618774,0.14841943979263306,0.18835672736167908,0.12083332985639572,0.1083228588104248,0.0002210545790148899,1.2219150448800065e-05,0.0002453995984978974,2.260326937175705e-06,6.962280622246908e-06,0.0001234021910931915
10950,0.2663879990577698,0.24377590417861938,0.17627139389514923,0.11747843772172928,0.09603442251682281,0.1000518724322319,0.2602523863315582,0.24559231102466583,0.1920953094959259,0.12514324486255646,0.09188777208328247,0.09864980727434158,0.002383270999416709,2.7661080620033224e-14,5.955157121206867e-06,4.9370014494343195e-06,7.276762525876279e-11,9.160092389465246e-13
11000,0.2652866840362549,0.24968627095222473,0.12279729545116425,0.09591186046600342,0.1415361613035202,0.12478174269199371,0.2722092270851135,0.26224973797798157,0.1446683257818222,0.10389969497919083,0.16810330748558044,0.1473134607076645,0.0445404127240181,0.04858735203742981,6.144193321233615e-06,0.0003800567355938256,0.00016866697114892304,4.222842107992619e-06
11050,0.23581743240356445,0.20250892639160156,0.11994916945695877,0.12127318978309631,0.18883000314235687,0.131621316075325,0.25932711362838745,0.23387274146080017,0.14746001362800598,0.1492701768875122,0.22233210504055023,0.16278086602687836,0.03302596136927605,0.00010890284465858713,0.00014884956181049347,3.321474287076853e-05,3.500860657368321e-06,2.9311968319234438e-05
11100,0.18974646925926208,0.14271686971187592,0.09831715375185013,0.19252252578735352,0.1938350647687912,0.1828618347644806,0.21002857387065887,0.1629355549812317,0.1064067855477333,0.21233771741390228,0.21347810328006744,0.2039308100938797,0.011725744232535362,0.002052849158644676,0.4981345534324646,0.0029854848980903625,0.004917476791888475,0.011756090447306633
11150,0.2184074968099594,0.13663236796855927,0.12552112340927124,0.19075565040111542,0.1794077754020691,0.14927569031715393,0.20121490955352783,0.13105478882789612,0.10982994735240936,0.17932341992855072,0.17969505488872528,0.1387450397014618,0.0012635643361136317,0.7248854041099548,0.0019285932648926973,0.04570982977747917,1.094851016998291,0.03364570066332817
11200,0.21315646171569824,0.17348121106624603,0.14730378985404968,0.1591140776872635,0.16493727266788483,0.14200721681118011,0.17272181808948517,0.13200798630714417,0.10504308342933655,0.11767692118883133,0.12360766530036926,0.09890925139188766,0.6798056364059448,0.006715348456054926,0.009167530573904514,3.6534821390432626e-08,5.043475539423525e-07,3.6534821390432626e-08
11250,0.22012534737586975,0.1416260451078415,0.14532507956027985,0.16886188089847565,0.16047273576259613,0.16358891129493713,0.18200990557670593,0.1079099029302597,0.11222459375858307,0.1369321048259735,0.12914109230041504,0.13169488310813904,0.13364458084106445,0.0002612244279589504,0.006309766788035631,0.00027806960861198604,0.06196758896112442,1.0783370271383319e-05
11300,0.2167573720216751,0.20842723548412323,0.12154378741979599,0.11859956383705139,0.14685001969337463,0.18782205879688263,0.23931202292442322,0.23284590244293213,0.14385885000228882,0.13981275260448456,0.17506647109985352,0.21567019820213318,3.0483661248581484e-06,2.061153470123145e-09,7.507751365043447e-11,1.6918980105806725e-10,3.3315444153414475e-11,4.993718150103632e-08
